DATAFLOW,REF_AREA,FREQ,MEASURE,SEX,OCU,TIME_PERIOD,OBS_VALUE,OBS_STATUS,UNIT_MEASURE_TYPE,UNIT_MEASURE,UNIT_MULT,SOURCE,NOTE_SOURCE,NOTE_INDICATOR,NOTE_CLASSIF,DECIMALS,UPPER_BOUND,LOWER_BOUND
ILO:DF_EMP_TEMP_SEX_OCU_NB(1.0),EGY,A,EMP_TEMP_NB,SEX_T,OCU_SKILL_TOTAL,1971,8252.5,,NB,PS,3,LFS - Labour Force Sample Survey,Data reference period: Incomplete year | Population coverage: Excluding armed forces and/or conscripts | Age coverage - minimum age: 12 years old | Age coverage - maximum age: 64 years old,,,1,,
ILO:DF_EMP_TEMP_SEX_OCU_NB(1.0),EGY,A,EMP_TEMP_NB,SEX_T,OCU_ISCO68_TOTAL,1971,8252.5,,NB,PS,3,LFS - Labour Force Sample Survey,Data reference period: Incomplete year | Population coverage: Excluding armed forces and/or conscripts | Age coverage - minimum age: 12 years old | Age coverage - maximum age: 64 years old,,,1,,
ILO:DF_EMP_TEMP_SEX_OCU_NB(1.0),EGY,A,EMP_TEMP_NB,SEX_T,OCU_ISCO68_0-1,1971,404.1,,NB,PS,3,LFS - Labour Force Sample Survey,Data reference period: Incomplete year | Population coverage: Excluding armed forces and/or conscripts | Age coverage - minimum age: 12 years old | Age coverage - maximum age: 64 years old,,,1,,
ILO:DF_EMP_TEMP_SEX_OCU_NB(1.0),EGY,A,EMP_TEMP_NB,SEX_T,OCU_ISCO68_2,1971,114.9,,NB,PS,3,LFS - Labour Force Sample Survey,Data reference period: Incomplete year | Population coverage: Excluding armed forces and/or conscripts | Age coverage - minimum age: 12 years old | Age coverage - maximum age: 64 years old,,,1,,
ILO:DF_EMP_TEMP_SEX_OCU_NB(1.0),EGY,A,EMP_TEMP_NB,SEX_T,OCU_ISCO68_3,1971,408.4,,NB,PS,3,LFS - Labour Force Sample Survey,Data reference period: Incomplete year | Population coverage: Excluding armed forces and/or conscripts | Age coverage - minimum age: 12 years old | Age coverage - maximum age: 64 years old,,,1,,
ILO:DF_EMP_TEMP_SEX_OCU_NB(1.0),EGY,A,EMP_TEMP_NB,SEX_T,OCU_ISCO68_4,1971,587.1,,NB,PS,3,LFS - Labour Force Sample Survey,Data reference period: Incomplete year | Population coverage: Excluding armed forces and/or conscripts | Age coverage - minimum age: 12 years old | Age coverage - maximum age: 64 years old,,,1,,
ILO:DF_EMP_TEMP_SEX_OCU_NB(1.0),EGY,A,EMP_TEMP_NB,SEX_T,OCU_ISCO68_5,1971,747.8,,NB,PS,3,LFS - Labour Force Sample Survey,Data reference period: Incomplete year | Population coverage: Excluding armed forces and/or conscripts | Age coverage - minimum age: 12 years old | Age coverage - maximum age: 64 years old,,,1,,
ILO:DF_EMP_TEMP_SEX_OCU_NB(1.0),EGY,A,EMP_TEMP_NB,SEX_T,OCU_ISCO68_6,1971,4343.4,,NB,PS,3,LFS - Labour Force Sample Survey,Data reference period: Incomplete year | Population coverage: Excluding armed forces and/or conscripts | Age coverage - minimum age: 12 years old | Age coverage - maximum age: 64 years old,,,1,,
ILO:DF_EMP_TEMP_SEX_OCU_NB(1.0),EGY,A,EMP_TEMP_NB,SEX_T,OCU_ISCO68_7-9,1971,1543.5,,NB,PS,3,LFS - Labour Force Sample Survey,Data reference period: Incomplete year | Population coverage: Excluding armed forces and/or conscripts | Age coverage - minimum age: 12 years old | Age coverage - maximum age: 64 years old,,,1,,
ILO:DF_EMP_TEMP_SEX_OCU_NB(1.0),EGY,A,EMP_TEMP_NB,SEX_T,OCU_ISCO68_X,1971,103.3,,NB,PS,3,LFS - Labour Force Sample Survey,Data reference period: Incomplete year | Population coverage: Excluding armed forces and/or conscripts | Age coverage - minimum age: 12 years old | Age coverage - maximum age: 64 years old,,,1,,
ILO:DF_EMP_TEMP_SEX_OCU_NB(1.0),EGY,A,EMP_TEMP_NB,SEX_T,OCU_SKILL_TOTAL,1972,8682,,NB,PS,3,LFS - Labour Force Sample Survey,Data reference period: Incomplete year | Population coverage: Excluding armed forces and/or conscripts | Age coverage - minimum age: 12 years old | Age coverage - maximum age: 64 years old,,,1,,
ILO:DF_EMP_TEMP_SEX_OCU_NB(1.0),EGY,A,EMP_TEMP_NB,SEX_T,OCU_ISCO68_TOTAL,1972,8682,,NB,PS,3,LFS - Labour Force Sample Survey,Data reference period: Incomplete year | Population coverage: Excluding armed forces and/or conscripts | Age coverage - minimum age: 12 years old | Age coverage - maximum age: 64 years old,,,1,,
ILO:DF_EMP_TEMP_SEX_OCU_NB(1.0),EGY,A,EMP_TEMP_NB,SEX_T,OCU_ISCO68_0-1,1972,479.6,,NB,PS,3,LFS - Labour Force Sample Survey,Data reference period: Incomplete year | Population coverage: Excluding armed forces and/or conscripts | Age coverage - minimum age: 12 years old | Age coverage - maximum age: 64 years old,,,1,,
ILO:DF_EMP_TEMP_SEX_OCU_NB(1.0),EGY,A,EMP_TEMP_NB,SEX_T,OCU_ISCO68_2,1972,135.3,,NB,PS,3,LFS - Labour Force Sample Survey,Data reference period: Incomplete year | Population coverage: Excluding armed forces and/or conscripts | Age coverage - minimum age: 12 years old | Age coverage - maximum age: 64 years old,,,1,,
ILO:DF_EMP_TEMP_SEX_OCU_NB(1.0),EGY,A,EMP_TEMP_NB,SEX_T,OCU_ISCO68_3,1972,448.4,,NB,PS,3,LFS - Labour Force Sample Survey,Data reference period: Incomplete year | Population coverage: Excluding armed forces and/or conscripts | Age coverage - minimum age: 12 years old | Age coverage - maximum age: 64 years old,,,1,,
ILO:DF_EMP_TEMP_SEX_OCU_NB(1.0),EGY,A,EMP_TEMP_NB,SEX_T,OCU_ISCO68_4,1972,610.7,,NB,PS,3,LFS - Labour Force Sample Survey,Data reference period: Incomplete year | Population coverage: Excluding armed forces and/or conscripts | Age coverage - minimum age: 12 years old | Age coverage - maximum age: 64 years old,,,1,,
ILO:DF_EMP_TEMP_SEX_OCU_NB(1.0),EGY,A,EMP_TEMP_NB,SEX_T,OCU_ISCO68_5,1972,720.8,,NB,PS,3,LFS - Labour Force Sample Survey,Data reference period: Incomplete year | Population coverage: Excluding armed forces and/or conscripts | Age coverage - minimum age: 12 years old | Age coverage - maximum age: 64 years old,,,1,,
ILO:DF_EMP_TEMP_SEX_OCU_NB(1.0),EGY,A,EMP_TEMP_NB,SEX_T,OCU_ISCO68_6,1972,4549.8,,NB,PS,3,LFS - Labour Force Sample Survey,Data reference period: Incomplete year | Population coverage: Excluding armed forces and/or conscripts | Age coverage - minimum age: 12 years old | Age coverage - maximum age: 64 years old,,,1,,
ILO:DF_EMP_TEMP_SEX_OCU_NB(1.0),EGY,A,EMP_TEMP_NB,SEX_T,OCU_ISCO68_7-9,1972,1611,,NB,PS,3,LFS - Labour Force Sample Survey,Data reference period: Incomplete year | Population coverage: Excluding armed forces and/or conscripts | Age coverage - minimum age: 12 years old | Age coverage - maximum age: 64 years old,,,1,,
ILO:DF_EMP_TEMP_SEX_OCU_NB(1.0),EGY,A,EMP_TEMP_NB,SEX_T,OCU_ISCO68_X,1972,126.4,,NB,PS,3,LFS - Labour Force Sample Survey,Data reference period: Incomplete year | Population coverage: Excluding armed forces and/or conscripts | Age coverage - minimum age: 12 years old | Age coverage - maximum age: 64 years old,,,1,,
ILO:DF_EMP_TEMP_SEX_OCU_NB(1.0),EGY,A,EMP_TEMP_NB,SEX_T,OCU_SKILL_TOTAL,1973,8567.3,,NB,PS,3,LFS - Labour Force Sample Survey,Data reference period: Incomplete year | Population coverage: Excluding armed forces and/or conscripts | Age coverage - minimum age: 12 years old | Age coverage - maximum age: 64 years old,,,1,,
ILO:DF_EMP_TEMP_SEX_OCU_NB(1.0),EGY,A,EMP_TEMP_NB,SEX_T,OCU_ISCO68_TOTAL,1973,8567.3,,NB,PS,3,LFS - Labour Force Sample Survey,Data reference period: Incomplete year | Population coverage: Excluding armed forces and/or conscripts | Age coverage - minimum age: 12 years old | Age coverage - maximum age: 64 years old,,,1,,
ILO:DF_EMP_TEMP_SEX_OCU_NB(1.0),EGY,A,EMP_TEMP_NB,SEX_T,OCU_ISCO68_0-1,1973,472.7,,NB,PS,3,LFS - Labour Force Sample Survey,Data reference period: Incomplete year | Population coverage: Excluding armed forces and/or conscripts | Age coverage - minimum age: 12 years old | Age coverage - maximum age: 64 years old,,,1,,
ILO:DF_EMP_TEMP_SEX_OCU_NB(1.0),EGY,A,EMP_TEMP_NB,SEX_T,OCU_ISCO68_2,1973,93.3,,NB,PS,3,LFS - Labour Force Sample Survey,Data reference period: Incomplete year | Population coverage: Excluding armed forces and/or conscripts | Age coverage - minimum age: 12 years old | Age coverage - maximum age: 64 years old,,,1,,
ILO:DF_EMP_TEMP_SEX_OCU_NB(1.0),EGY,A,EMP_TEMP_NB,SEX_T,OCU_ISCO68_3,1973,466.8,,NB,PS,3,LFS - Labour Force Sample Survey,Data reference period: Incomplete year | Population coverage: Excluding armed forces and/or conscripts | Age coverage - minimum age: 12 years old | Age coverage - maximum age: 64 years old,,,1,,
ILO:DF_EMP_TEMP_SEX_OCU_NB(1.0),EGY,A,EMP_TEMP_NB,SEX_T,OCU_ISCO68_4,1973,592.9,,NB,PS,3,LFS - Labour Force Sample Survey,Data reference period: Incomplete year | Population coverage: Excluding armed forces and/or conscripts | Age coverage - minimum age: 12 years old | Age coverage - maximum age: 64 years old,,,1,,
ILO:DF_EMP_TEMP_SEX_OCU_NB(1.0),EGY,A,EMP_TEMP_NB,SEX_T,OCU_ISCO68_5,1973,774.2,,NB,PS,3,LFS - Labour Force Sample Survey,Data reference period: Incomplete year | Population coverage: Excluding armed forces and/or conscripts | Age coverage - minimum age: 12 years old | Age coverage - maximum age: 64 years old,,,1,,
ILO:DF_EMP_TEMP_SEX_OCU_NB(1.0),EGY,A,EMP_TEMP_NB,SEX_T,OCU_ISCO68_6,1973,4331.9,,NB,PS,3,LFS - Labour Force Sample Survey,Data reference period: Incomplete year | Population coverage: Excluding armed forces and/or conscripts | Age coverage - minimum age: 12 years old | Age coverage - maximum age: 64 years old,,,1,,
ILO:DF_EMP_TEMP_SEX_OCU_NB(1.0),EGY,A,EMP_TEMP_NB,SEX_T,OCU_ISCO68_7-9,1973,1810.2,,NB,PS,3,LFS - Labour Force Sample Survey,Data reference period: Incomplete year | Population coverage: Excluding armed forces and/or conscripts | Age coverage - minimum age: 12 years old | Age coverage - maximum age: 64 years old,,,1,,
ILO:DF_EMP_TEMP_SEX_OCU_NB(1.0),EGY,A,EMP_TEMP_NB,SEX_T,OCU_ISCO68_X,1973,25.3,,NB,PS,3,LFS - Labour Force Sample Survey,Data reference period: Incomplete year | Population coverage: Excluding armed forces and/or conscripts | Age coverage - minimum age: 12 years old | Age coverage - maximum age: 64 years old,,,1,,
ILO:DF_EMP_TEMP_SEX_OCU_NB(1.0),EGY,A,EMP_TEMP_NB,SEX_T,OCU_SKILL_TOTAL,1974,8867.3,,NB,PS,3,LFS - Labour Force Sample Survey,Data reference period: Incomplete year | Population coverage: Excluding armed forces and/or conscripts | Age coverage - minimum age: 12 years old | Age coverage - maximum age: 64 years old,,,1,,
ILO:DF_EMP_TEMP_SEX_OCU_NB(1.0),EGY,A,EMP_TEMP_NB,SEX_T,OCU_ISCO68_TOTAL,1974,8867.3,,NB,PS,3,LFS - Labour Force Sample Survey,Data reference period: Incomplete year | Population coverage: Excluding armed forces and/or conscripts | Age coverage - minimum age: 12 years old | Age coverage - maximum age: 64 years old,,,1,,
ILO:DF_EMP_TEMP_SEX_OCU_NB(1.0),EGY,A,EMP_TEMP_NB,SEX_T,OCU_ISCO68_0-1,1974,520.5,,NB,PS,3,LFS - Labour Force Sample Survey,Data reference period: Incomplete year | Population coverage: Excluding armed forces and/or conscripts | Age coverage - minimum age: 12 years old | Age coverage - maximum age: 64 years old,,,1,,
ILO:DF_EMP_TEMP_SEX_OCU_NB(1.0),EGY,A,EMP_TEMP_NB,SEX_T,OCU_ISCO68_2,1974,91.3,,NB,PS,3,LFS - Labour Force Sample Survey,Data reference period: Incomplete year | Population coverage: Excluding armed forces and/or conscripts | Age coverage - minimum age: 12 years old | Age coverage - maximum age: 64 years old,,,1,,
ILO:DF_EMP_TEMP_SEX_OCU_NB(1.0),EGY,A,EMP_TEMP_NB,SEX_T,OCU_ISCO68_3,1974,505.8,,NB,PS,3,LFS - Labour Force Sample Survey,Data reference period: Incomplete year | Population coverage: Excluding armed forces and/or conscripts | Age coverage - minimum age: 12 years old | Age coverage - maximum age: 64 years old,,,1,,
ILO:DF_EMP_TEMP_SEX_OCU_NB(1.0),EGY,A,EMP_TEMP_NB,SEX_T,OCU_ISCO68_4,1974,767.9,,NB,PS,3,LFS - Labour Force Sample Survey,Data reference period: Incomplete year | Population coverage: Excluding armed forces and/or conscripts | Age coverage - minimum age: 12 years old | Age coverage - maximum age: 64 years old,,,1,,
ILO:DF_EMP_TEMP_SEX_OCU_NB(1.0),EGY,A,EMP_TEMP_NB,SEX_T,OCU_ISCO68_5,1974,824.5,,NB,PS,3,LFS - Labour Force Sample Survey,Data reference period: Incomplete year | Population coverage: Excluding armed forces and/or conscripts | Age coverage - minimum age: 12 years old | Age coverage - maximum age: 64 years old,,,1,,
ILO:DF_EMP_TEMP_SEX_OCU_NB(1.0),EGY,A,EMP_TEMP_NB,SEX_T,OCU_ISCO68_6,1974,4125.2,,NB,PS,3,LFS - Labour Force Sample Survey,Data reference period: Incomplete year | Population coverage: Excluding armed forces and/or conscripts | Age coverage - minimum age: 12 years old | Age coverage - maximum age: 64 years old,,,1,,
ILO:DF_EMP_TEMP_SEX_OCU_NB(1.0),EGY,A,EMP_TEMP_NB,SEX_T,OCU_ISCO68_7-9,1974,1986.2,,NB,PS,3,LFS - Labour Force Sample Survey,Data reference period: Incomplete year | Population coverage: Excluding armed forces and/or conscripts | Age coverage - minimum age: 12 years old | Age coverage - maximum age: 64 years old,,,1,,
ILO:DF_EMP_TEMP_SEX_OCU_NB(1.0),EGY,A,EMP_TEMP_NB,SEX_T,OCU_ISCO68_X,1974,45.9,,NB,PS,3,LFS - Labour Force Sample Survey,Data reference period: Incomplete year | Population coverage: Excluding armed forces and/or conscripts | Age coverage - minimum age: 12 years old | Age coverage - maximum age: 64 years old,,,1,,
ILO:DF_EMP_TEMP_SEX_OCU_NB(1.0),EGY,A,EMP_TEMP_NB,SEX_T,OCU_SKILL_TOTAL,1975,9030.7,,NB,PS,3,LFS - Labour Force Sample Survey,Data reference period: Incomplete year | Population coverage: Excluding armed forces and/or conscripts | Age coverage - minimum age: 12 years old | Age coverage - maximum age: 64 years old,,,1,,
ILO:DF_EMP_TEMP_SEX_OCU_NB(1.0),EGY,A,EMP_TEMP_NB,SEX_T,OCU_ISCO68_TOTAL,1975,9030.7,,NB,PS,3,LFS - Labour Force Sample Survey,Data reference period: Incomplete year | Population coverage: Excluding armed forces and/or conscripts | Age coverage - minimum age: 12 years old | Age coverage - maximum age: 64 years old,,,1,,
ILO:DF_EMP_TEMP_SEX_OCU_NB(1.0),EGY,A,EMP_TEMP_NB,SEX_T,OCU_ISCO68_0-1,1975,560.6,,NB,PS,3,LFS - Labour Force Sample Survey,Data reference period: Incomplete year | Population coverage: Excluding armed forces and/or conscripts | Age coverage - minimum age: 12 years old | Age coverage - maximum age: 64 years old,,,1,,
ILO:DF_EMP_TEMP_SEX_OCU_NB(1.0),EGY,A,EMP_TEMP_NB,SEX_T,OCU_ISCO68_2,1975,107.5,,NB,PS,3,LFS - Labour Force Sample Survey,Data reference period: Incomplete year | Population coverage: Excluding armed forces and/or conscripts | Age coverage - minimum age: 12 years old | Age coverage - maximum age: 64 years old,,,1,,
ILO:DF_EMP_TEMP_SEX_OCU_NB(1.0),EGY,A,EMP_TEMP_NB,SEX_T,OCU_ISCO68_3,1975,570.9,,NB,PS,3,LFS - Labour Force Sample Survey,Data reference period: Incomplete year | Population coverage: Excluding armed forces and/or conscripts | Age coverage - minimum age: 12 years old | Age coverage - maximum age: 64 years old,,,1,,
ILO:DF_EMP_TEMP_SEX_OCU_NB(1.0),EGY,A,EMP_TEMP_NB,SEX_T,OCU_ISCO68_4,1975,628.5,,NB,PS,3,LFS - Labour Force Sample Survey,Data reference period: Incomplete year | Population coverage: Excluding armed forces and/or conscripts | Age coverage - minimum age: 12 years old | Age coverage - maximum age: 64 years old,,,1,,
ILO:DF_EMP_TEMP_SEX_OCU_NB(1.0),EGY,A,EMP_TEMP_NB,SEX_T,OCU_ISCO68_5,1975,780.2,,NB,PS,3,LFS - Labour Force Sample Survey,Data reference period: Incomplete year | Population coverage: Excluding armed forces and/or conscripts | Age coverage - minimum age: 12 years old | Age coverage - maximum age: 64 years old,,,1,,
ILO:DF_EMP_TEMP_SEX_OCU_NB(1.0),EGY,A,EMP_TEMP_NB,SEX_T,OCU_ISCO68_6,1975,4333.7,,NB,PS,3,LFS - Labour Force Sample Survey,Data reference period: Incomplete year | Population coverage: Excluding armed forces and/or conscripts | Age coverage - minimum age: 12 years old | Age coverage - maximum age: 64 years old,,,1,,
ILO:DF_EMP_TEMP_SEX_OCU_NB(1.0),EGY,A,EMP_TEMP_NB,SEX_T,OCU_ISCO68_7-9,1975,1949.9,,NB,PS,3,LFS - Labour Force Sample Survey,Data reference period: Incomplete year | Population coverage: Excluding armed forces and/or conscripts | Age coverage - minimum age: 12 years old | Age coverage - maximum age: 64 years old,,,1,,
ILO:DF_EMP_TEMP_SEX_OCU_NB(1.0),EGY,A,EMP_TEMP_NB,SEX_T,OCU_ISCO68_X,1975,99.4,,NB,PS,3,LFS - Labour Force Sample Survey,Data reference period: Incomplete year | Population coverage: Excluding armed forces and/or conscripts | Age coverage - minimum age: 12 years old | Age coverage - maximum age: 64 years old,,,1,,
ILO:DF_EMP_TEMP_SEX_OCU_NB(1.0),EGY,A,EMP_TEMP_NB,SEX_T,OCU_SKILL_TOTAL,1977,9198.2,,NB,PS,3,LFS - Labour Force Sample Survey,Data reference period: Incomplete year | Population coverage: Excluding armed forces and/or conscripts | Age coverage - minimum age: 12 years old | Age coverage - maximum age: 64 years old,,,1,,
ILO:DF_EMP_TEMP_SEX_OCU_NB(1.0),EGY,A,EMP_TEMP_NB,SEX_T,OCU_ISCO68_TOTAL,1977,9198.2,,NB,PS,3,LFS - Labour Force Sample Survey,Data reference period: Incomplete year | Population coverage: Excluding armed forces and/or conscripts | Age coverage - minimum age: 12 years old | Age coverage - maximum age: 64 years old,,,1,,
ILO:DF_EMP_TEMP_SEX_OCU_NB(1.0),EGY,A,EMP_TEMP_NB,SEX_T,OCU_ISCO68_0-1,1977,726,,NB,PS,3,LFS - Labour Force Sample Survey,Data reference period: Incomplete year | Population coverage: Excluding armed forces and/or conscripts | Age coverage - minimum age: 12 years old | Age coverage - maximum age: 64 years old,,,1,,
ILO:DF_EMP_TEMP_SEX_OCU_NB(1.0),EGY,A,EMP_TEMP_NB,SEX_T,OCU_ISCO68_2,1977,131.3,,NB,PS,3,LFS - Labour Force Sample Survey,Data reference period: Incomplete year | Population coverage: Excluding armed forces and/or conscripts | Age coverage - minimum age: 12 years old | Age coverage - maximum age: 64 years old,,,1,,
ILO:DF_EMP_TEMP_SEX_OCU_NB(1.0),EGY,A,EMP_TEMP_NB,SEX_T,OCU_ISCO68_3,1977,624.2,,NB,PS,3,LFS - Labour Force Sample Survey,Data reference period: Incomplete year | Population coverage: Excluding armed forces and/or conscripts | Age coverage - minimum age: 12 years old | Age coverage - maximum age: 64 years old,,,1,,
ILO:DF_EMP_TEMP_SEX_OCU_NB(1.0),EGY,A,EMP_TEMP_NB,SEX_T,OCU_ISCO68_4,1977,707,,NB,PS,3,LFS - Labour Force Sample Survey,Data reference period: Incomplete year | Population coverage: Excluding armed forces and/or conscripts | Age coverage - minimum age: 12 years old | Age coverage - maximum age: 64 years old,,,1,,
ILO:DF_EMP_TEMP_SEX_OCU_NB(1.0),EGY,A,EMP_TEMP_NB,SEX_T,OCU_ISCO68_5,1977,839.6,,NB,PS,3,LFS - Labour Force Sample Survey,Data reference period: Incomplete year | Population coverage: Excluding armed forces and/or conscripts | Age coverage - minimum age: 12 years old | Age coverage - maximum age: 64 years old,,,1,,
ILO:DF_EMP_TEMP_SEX_OCU_NB(1.0),EGY,A,EMP_TEMP_NB,SEX_T,OCU_ISCO68_6,1977,3973.8,,NB,PS,3,LFS - Labour Force Sample Survey,Data reference period: Incomplete year | Population coverage: Excluding armed forces and/or conscripts | Age coverage - minimum age: 12 years old | Age coverage - maximum age: 64 years old,,,1,,
ILO:DF_EMP_TEMP_SEX_OCU_NB(1.0),EGY,A,EMP_TEMP_NB,SEX_T,OCU_ISCO68_7-9,1977,2058.5,,NB,PS,3,LFS - Labour Force Sample Survey,Data reference period: Incomplete year | Population coverage: Excluding armed forces and/or conscripts | Age coverage - minimum age: 12 years old | Age coverage - maximum age: 64 years old,,,1,,
ILO:DF_EMP_TEMP_SEX_OCU_NB(1.0),EGY,A,EMP_TEMP_NB,SEX_T,OCU_ISCO68_X,1977,137.8,,NB,PS,3,LFS - Labour Force Sample Survey,Data reference period: Incomplete year | Population coverage: Excluding armed forces and/or conscripts | Age coverage - minimum age: 12 years old | Age coverage - maximum age: 64 years old,,,1,,
ILO:DF_EMP_TEMP_SEX_OCU_NB(1.0),EGY,A,EMP_TEMP_NB,SEX_T,OCU_SKILL_TOTAL,1978,9448,,NB,PS,3,LFS - Labour Force Sample Survey,Data reference period: Incomplete year | Population coverage: Excluding armed forces and/or conscripts | Age coverage - minimum age: 12 years old | Age coverage - maximum age: 64 years old,,,1,,
ILO:DF_EMP_TEMP_SEX_OCU_NB(1.0),EGY,A,EMP_TEMP_NB,SEX_T,OCU_ISCO68_TOTAL,1978,9448,,NB,PS,3,LFS - Labour Force Sample Survey,Data reference period: Incomplete year | Population coverage: Excluding armed forces and/or conscripts | Age coverage - minimum age: 12 years old | Age coverage - maximum age: 64 years old,,,1,,
ILO:DF_EMP_TEMP_SEX_OCU_NB(1.0),EGY,A,EMP_TEMP_NB,SEX_T,OCU_ISCO68_0-1,1978,941.2,,NB,PS,3,LFS - Labour Force Sample Survey,Data reference period: Incomplete year | Population coverage: Excluding armed forces and/or conscripts | Age coverage - minimum age: 12 years old | Age coverage - maximum age: 64 years old,,,1,,
ILO:DF_EMP_TEMP_SEX_OCU_NB(1.0),EGY,A,EMP_TEMP_NB,SEX_T,OCU_ISCO68_2,1978,157.7,,NB,PS,3,LFS - Labour Force Sample Survey,Data reference period: Incomplete year | Population coverage: Excluding armed forces and/or conscripts | Age coverage - minimum age: 12 years old | Age coverage - maximum age: 64 years old,,,1,,
ILO:DF_EMP_TEMP_SEX_OCU_NB(1.0),EGY,A,EMP_TEMP_NB,SEX_T,OCU_ISCO68_3,1978,712.4,,NB,PS,3,LFS - Labour Force Sample Survey,Data reference period: Incomplete year | Population coverage: Excluding armed forces and/or conscripts | Age coverage - minimum age: 12 years old | Age coverage - maximum age: 64 years old,,,1,,
ILO:DF_EMP_TEMP_SEX_OCU_NB(1.0),EGY,A,EMP_TEMP_NB,SEX_T,OCU_ISCO68_4,1978,707.3,,NB,PS,3,LFS - Labour Force Sample Survey,Data reference period: Incomplete year | Population coverage: Excluding armed forces and/or conscripts | Age coverage - minimum age: 12 years old | Age coverage - maximum age: 64 years old,,,1,,
ILO:DF_EMP_TEMP_SEX_OCU_NB(1.0),EGY,A,EMP_TEMP_NB,SEX_T,OCU_ISCO68_5,1978,800.6,,NB,PS,3,LFS - Labour Force Sample Survey,Data reference period: Incomplete year | Population coverage: Excluding armed forces and/or conscripts | Age coverage - minimum age: 12 years old | Age coverage - maximum age: 64 years old,,,1,,
ILO:DF_EMP_TEMP_SEX_OCU_NB(1.0),EGY,A,EMP_TEMP_NB,SEX_T,OCU_ISCO68_6,1978,3876.6,,NB,PS,3,LFS - Labour Force Sample Survey,Data reference period: Incomplete year | Population coverage: Excluding armed forces and/or conscripts | Age coverage - minimum age: 12 years old | Age coverage - maximum age: 64 years old,,,1,,
ILO:DF_EMP_TEMP_SEX_OCU_NB(1.0),EGY,A,EMP_TEMP_NB,SEX_T,OCU_ISCO68_7-9,1978,2170.3,,NB,PS,3,LFS - Labour Force Sample Survey,Data reference period: Incomplete year | Population coverage: Excluding armed forces and/or conscripts | Age coverage - minimum age: 12 years old | Age coverage - maximum age: 64 years old,,,1,,
ILO:DF_EMP_TEMP_SEX_OCU_NB(1.0),EGY,A,EMP_TEMP_NB,SEX_T,OCU_ISCO68_X,1978,81.9,,NB,PS,3,LFS - Labour Force Sample Survey,Data reference period: Incomplete year | Population coverage: Excluding armed forces and/or conscripts | Age coverage - minimum age: 12 years old | Age coverage - maximum age: 64 years old,,,1,,
ILO:DF_EMP_TEMP_SEX_OCU_NB(1.0),EGY,A,EMP_TEMP_NB,SEX_T,OCU_SKILL_TOTAL,1979,9565.3,,NB,PS,3,LFS - Labour Force Sample Survey,Data reference period: Incomplete year | Population coverage: Excluding armed forces and/or conscripts | Age coverage - minimum age: 12 years old | Age coverage - maximum age: 64 years old,,,1,,
ILO:DF_EMP_TEMP_SEX_OCU_NB(1.0),EGY,A,EMP_TEMP_NB,SEX_T,OCU_ISCO68_TOTAL,1979,9565.3,,NB,PS,3,LFS - Labour Force Sample Survey,Data reference period: Incomplete year | Population coverage: Excluding armed forces and/or conscripts | Age coverage - minimum age: 12 years old | Age coverage - maximum age: 64 years old,,,1,,
ILO:DF_EMP_TEMP_SEX_OCU_NB(1.0),EGY,A,EMP_TEMP_NB,SEX_T,OCU_ISCO68_0-1,1979,942.3,,NB,PS,3,LFS - Labour Force Sample Survey,Data reference period: Incomplete year | Population coverage: Excluding armed forces and/or conscripts | Age coverage - minimum age: 12 years old | Age coverage - maximum age: 64 years old,,,1,,
ILO:DF_EMP_TEMP_SEX_OCU_NB(1.0),EGY,A,EMP_TEMP_NB,SEX_T,OCU_ISCO68_2,1979,134.9,,NB,PS,3,LFS - Labour Force Sample Survey,Data reference period: Incomplete year | Population coverage: Excluding armed forces and/or conscripts | Age coverage - minimum age: 12 years old | Age coverage - maximum age: 64 years old,,,1,,
ILO:DF_EMP_TEMP_SEX_OCU_NB(1.0),EGY,A,EMP_TEMP_NB,SEX_T,OCU_ISCO68_3,1979,705.6,,NB,PS,3,LFS - Labour Force Sample Survey,Data reference period: Incomplete year | Population coverage: Excluding armed forces and/or conscripts | Age coverage - minimum age: 12 years old | Age coverage - maximum age: 64 years old,,,1,,
ILO:DF_EMP_TEMP_SEX_OCU_NB(1.0),EGY,A,EMP_TEMP_NB,SEX_T,OCU_ISCO68_4,1979,678,,NB,PS,3,LFS - Labour Force Sample Survey,Data reference period: Incomplete year | Population coverage: Excluding armed forces and/or conscripts | Age coverage - minimum age: 12 years old | Age coverage - maximum age: 64 years old,,,1,,
ILO:DF_EMP_TEMP_SEX_OCU_NB(1.0),EGY,A,EMP_TEMP_NB,SEX_T,OCU_ISCO68_5,1979,795.7,,NB,PS,3,LFS - Labour Force Sample Survey,Data reference period: Incomplete year | Population coverage: Excluding armed forces and/or conscripts | Age coverage - minimum age: 12 years old | Age coverage - maximum age: 64 years old,,,1,,
ILO:DF_EMP_TEMP_SEX_OCU_NB(1.0),EGY,A,EMP_TEMP_NB,SEX_T,OCU_ISCO68_6,1979,3902.1,,NB,PS,3,LFS - Labour Force Sample Survey,Data reference period: Incomplete year | Population coverage: Excluding armed forces and/or conscripts | Age coverage - minimum age: 12 years old | Age coverage - maximum age: 64 years old,,,1,,
ILO:DF_EMP_TEMP_SEX_OCU_NB(1.0),EGY,A,EMP_TEMP_NB,SEX_T,OCU_ISCO68_7-9,1979,2406.7,,NB,PS,3,LFS - Labour Force Sample Survey,Data reference period: Incomplete year | Population coverage: Excluding armed forces and/or conscripts | Age coverage - minimum age: 12 years old | Age coverage - maximum age: 64 years old,,,1,,
ILO:DF_EMP_TEMP_SEX_OCU_NB(1.0),EGY,A,EMP_TEMP_NB,SEX_T,OCU_ISCO68_X,1979,,U,NB,PS,3,LFS - Labour Force Sample Survey,Data reference period: Incomplete year | Population coverage: Excluding armed forces and/or conscripts | Age coverage - minimum age: 12 years old | Age coverage - maximum age: 64 years old,,,1,,
ILO:DF_EMP_TEMP_SEX_OCU_NB(1.0),EGY,A,EMP_TEMP_NB,SEX_T,OCU_SKILL_TOTAL,1980,9799.1,,NB,PS,3,LFS - Labour Force Sample Survey,Data reference period: Incomplete year | Population coverage: Excluding armed forces and/or conscripts | Age coverage - minimum age: 12 years old | Age coverage - maximum age: 64 years old,,,1,,
ILO:DF_EMP_TEMP_SEX_OCU_NB(1.0),EGY,A,EMP_TEMP_NB,SEX_T,OCU_ISCO68_TOTAL,1980,9799.1,,NB,PS,3,LFS - Labour Force Sample Survey,Data reference period: Incomplete year | Population coverage: Excluding armed forces and/or conscripts | Age coverage - minimum age: 12 years old | Age coverage - maximum age: 64 years old,,,1,,
ILO:DF_EMP_TEMP_SEX_OCU_NB(1.0),EGY,A,EMP_TEMP_NB,SEX_T,OCU_ISCO68_0-1,1980,990.4,,NB,PS,3,LFS - Labour Force Sample Survey,Data reference period: Incomplete year | Population coverage: Excluding armed forces and/or conscripts | Age coverage - minimum age: 12 years old | Age coverage - maximum age: 64 years old,,,1,,
ILO:DF_EMP_TEMP_SEX_OCU_NB(1.0),EGY,A,EMP_TEMP_NB,SEX_T,OCU_ISCO68_2,1980,135.8,,NB,PS,3,LFS - Labour Force Sample Survey,Data reference period: Incomplete year | Population coverage: Excluding armed forces and/or conscripts | Age coverage - minimum age: 12 years old | Age coverage - maximum age: 64 years old,,,1,,
ILO:DF_EMP_TEMP_SEX_OCU_NB(1.0),EGY,A,EMP_TEMP_NB,SEX_T,OCU_ISCO68_3,1980,784.9,,NB,PS,3,LFS - Labour Force Sample Survey,Data reference period: Incomplete year | Population coverage: Excluding armed forces and/or conscripts | Age coverage - minimum age: 12 years old | Age coverage - maximum age: 64 years old,,,1,,
ILO:DF_EMP_TEMP_SEX_OCU_NB(1.0),EGY,A,EMP_TEMP_NB,SEX_T,OCU_ISCO68_4,1980,658.5,,NB,PS,3,LFS - Labour Force Sample Survey,Data reference period: Incomplete year | Population coverage: Excluding armed forces and/or conscripts | Age coverage - minimum age: 12 years old | Age coverage - maximum age: 64 years old,,,1,,
ILO:DF_EMP_TEMP_SEX_OCU_NB(1.0),EGY,A,EMP_TEMP_NB,SEX_T,OCU_ISCO68_5,1980,866.3,,NB,PS,3,LFS - Labour Force Sample Survey,Data reference period: Incomplete year | Population coverage: Excluding armed forces and/or conscripts | Age coverage - minimum age: 12 years old | Age coverage - maximum age: 64 years old,,,1,,
ILO:DF_EMP_TEMP_SEX_OCU_NB(1.0),EGY,A,EMP_TEMP_NB,SEX_T,OCU_ISCO68_6,1980,4095,,NB,PS,3,LFS - Labour Force Sample Survey,Data reference period: Incomplete year | Population coverage: Excluding armed forces and/or conscripts | Age coverage - minimum age: 12 years old | Age coverage - maximum age: 64 years old,,,1,,
ILO:DF_EMP_TEMP_SEX_OCU_NB(1.0),EGY,A,EMP_TEMP_NB,SEX_T,OCU_ISCO68_7-9,1980,2268.2,,NB,PS,3,LFS - Labour Force Sample Survey,Data reference period: Incomplete year | Population coverage: Excluding armed forces and/or conscripts | Age coverage - minimum age: 12 years old | Age coverage - maximum age: 64 years old,,,1,,
ILO:DF_EMP_TEMP_SEX_OCU_NB(1.0),EGY,A,EMP_TEMP_NB,SEX_T,OCU_ISCO68_X,1980,,U,NB,PS,3,LFS - Labour Force Sample Survey,Data reference period: Incomplete year | Population coverage: Excluding armed forces and/or conscripts | Age coverage - minimum age: 12 years old | Age coverage - maximum age: 64 years old,,,1,,
ILO:DF_EMP_TEMP_SEX_OCU_NB(1.0),EGY,A,EMP_TEMP_NB,SEX_T,OCU_SKILL_TOTAL,1981,9945.7,,NB,PS,3,LFS - Labour Force Sample Survey,Data reference period: Incomplete year | Population coverage: Excluding armed forces and/or conscripts | Age coverage - minimum age: 12 years old | Age coverage - maximum age: 64 years old,,,1,,
ILO:DF_EMP_TEMP_SEX_OCU_NB(1.0),EGY,A,EMP_TEMP_NB,SEX_T,OCU_ISCO68_TOTAL,1981,9945.7,,NB,PS,3,LFS - Labour Force Sample Survey,Data reference period: Incomplete year | Population coverage: Excluding armed forces and/or conscripts | Age coverage - minimum age: 12 years old | Age coverage - maximum age: 64 years old,,,1,,
ILO:DF_EMP_TEMP_SEX_OCU_NB(1.0),EGY,A,EMP_TEMP_NB,SEX_T,OCU_ISCO68_0-1,1981,1102,,NB,PS,3,LFS - Labour Force Sample Survey,Data reference period: Incomplete year | Population coverage: Excluding armed forces and/or conscripts | Age coverage - minimum age: 12 years old | Age coverage - maximum age: 64 years old,,,1,,
ILO:DF_EMP_TEMP_SEX_OCU_NB(1.0),EGY,A,EMP_TEMP_NB,SEX_T,OCU_ISCO68_2,1981,175.9,,NB,PS,3,LFS - Labour Force Sample Survey,Data reference period: Incomplete year | Population coverage: Excluding armed forces and/or conscripts | Age coverage - minimum age: 12 years old | Age coverage - maximum age: 64 years old,,,1,,
ILO:DF_EMP_TEMP_SEX_OCU_NB(1.0),EGY,A,EMP_TEMP_NB,SEX_T,OCU_ISCO68_3,1981,841.3,,NB,PS,3,LFS - Labour Force Sample Survey,Data reference period: Incomplete year | Population coverage: Excluding armed forces and/or conscripts | Age coverage - minimum age: 12 years old | Age coverage - maximum age: 64 years old,,,1,,
ILO:DF_EMP_TEMP_SEX_OCU_NB(1.0),EGY,A,EMP_TEMP_NB,SEX_T,OCU_ISCO68_4,1981,610.6,,NB,PS,3,LFS - Labour Force Sample Survey,Data reference period: Incomplete year | Population coverage: Excluding armed forces and/or conscripts | Age coverage - minimum age: 12 years old | Age coverage - maximum age: 64 years old,,,1,,
ILO:DF_EMP_TEMP_SEX_OCU_NB(1.0),EGY,A,EMP_TEMP_NB,SEX_T,OCU_ISCO68_5,1981,843.1,,NB,PS,3,LFS - Labour Force Sample Survey,Data reference period: Incomplete year | Population coverage: Excluding armed forces and/or conscripts | Age coverage - minimum age: 12 years old | Age coverage - maximum age: 64 years old,,,1,,
ILO:DF_EMP_TEMP_SEX_OCU_NB(1.0),EGY,A,EMP_TEMP_NB,SEX_T,OCU_ISCO68_6,1981,3947.5,,NB,PS,3,LFS - Labour Force Sample Survey,Data reference period: Incomplete year | Population coverage: Excluding armed forces and/or conscripts | Age coverage - minimum age: 12 years old | Age coverage - maximum age: 64 years old,,,1,,
ILO:DF_EMP_TEMP_SEX_OCU_NB(1.0),EGY,A,EMP_TEMP_NB,SEX_T,OCU_ISCO68_7-9,1981,2425.3,,NB,PS,3,LFS - Labour Force Sample Survey,Data reference period: Incomplete year | Population coverage: Excluding armed forces and/or conscripts | Age coverage - minimum age: 12 years old | Age coverage - maximum age: 64 years old,,,1,,
ILO:DF_EMP_TEMP_SEX_OCU_NB(1.0),EGY,A,EMP_TEMP_NB,SEX_T,OCU_ISCO68_X,1981,,U,NB,PS,3,LFS - Labour Force Sample Survey,Data reference period: Incomplete year | Population coverage: Excluding armed forces and/or conscripts | Age coverage - minimum age: 12 years old | Age coverage - maximum age: 64 years old,,,1,,
ILO:DF_EMP_TEMP_SEX_OCU_NB(1.0),EGY,A,EMP_TEMP_NB,SEX_T,OCU_SKILL_TOTAL,1982,10114.6,,NB,PS,3,LFS - Labour Force Sample Survey,Data reference period: Incomplete year | Population coverage: Excluding armed forces and/or conscripts | Age coverage - minimum age: 12 years old | Age coverage - maximum age: 64 years old,,,1,,
ILO:DF_EMP_TEMP_SEX_OCU_NB(1.0),EGY,A,EMP_TEMP_NB,SEX_T,OCU_ISCO68_TOTAL,1982,10114.6,,NB,PS,3,LFS - Labour Force Sample Survey,Data reference period: Incomplete year | Population coverage: Excluding armed forces and/or conscripts | Age coverage - minimum age: 12 years old | Age coverage - maximum age: 64 years old,,,1,,
ILO:DF_EMP_TEMP_SEX_OCU_NB(1.0),EGY,A,EMP_TEMP_NB,SEX_T,OCU_ISCO68_0-1,1982,1129,,NB,PS,3,LFS - Labour Force Sample Survey,Data reference period: Incomplete year | Population coverage: Excluding armed forces and/or conscripts | Age coverage - minimum age: 12 years old | Age coverage - maximum age: 64 years old,,,1,,
ILO:DF_EMP_TEMP_SEX_OCU_NB(1.0),EGY,A,EMP_TEMP_NB,SEX_T,OCU_ISCO68_2,1982,202.6,,NB,PS,3,LFS - Labour Force Sample Survey,Data reference period: Incomplete year | Population coverage: Excluding armed forces and/or conscripts | Age coverage - minimum age: 12 years old | Age coverage - maximum age: 64 years old,,,1,,
ILO:DF_EMP_TEMP_SEX_OCU_NB(1.0),EGY,A,EMP_TEMP_NB,SEX_T,OCU_ISCO68_3,1982,870.2,,NB,PS,3,LFS - Labour Force Sample Survey,Data reference period: Incomplete year | Population coverage: Excluding armed forces and/or conscripts | Age coverage - minimum age: 12 years old | Age coverage - maximum age: 64 years old,,,1,,
ILO:DF_EMP_TEMP_SEX_OCU_NB(1.0),EGY,A,EMP_TEMP_NB,SEX_T,OCU_ISCO68_4,1982,670.9,,NB,PS,3,LFS - Labour Force Sample Survey,Data reference period: Incomplete year | Population coverage: Excluding armed forces and/or conscripts | Age coverage - minimum age: 12 years old | Age coverage - maximum age: 64 years old,,,1,,
ILO:DF_EMP_TEMP_SEX_OCU_NB(1.0),EGY,A,EMP_TEMP_NB,SEX_T,OCU_ISCO68_5,1982,901.7,,NB,PS,3,LFS - Labour Force Sample Survey,Data reference period: Incomplete year | Population coverage: Excluding armed forces and/or conscripts | Age coverage - minimum age: 12 years old | Age coverage - maximum age: 64 years old,,,1,,
ILO:DF_EMP_TEMP_SEX_OCU_NB(1.0),EGY,A,EMP_TEMP_NB,SEX_T,OCU_ISCO68_6,1982,3872.5,,NB,PS,3,LFS - Labour Force Sample Survey,Data reference period: Incomplete year | Population coverage: Excluding armed forces and/or conscripts | Age coverage - minimum age: 12 years old | Age coverage - maximum age: 64 years old,,,1,,
ILO:DF_EMP_TEMP_SEX_OCU_NB(1.0),EGY,A,EMP_TEMP_NB,SEX_T,OCU_ISCO68_7-9,1982,2467.7,,NB,PS,3,LFS - Labour Force Sample Survey,Data reference period: Incomplete year | Population coverage: Excluding armed forces and/or conscripts | Age coverage - minimum age: 12 years old | Age coverage - maximum age: 64 years old,,,1,,
ILO:DF_EMP_TEMP_SEX_OCU_NB(1.0),EGY,A,EMP_TEMP_NB,SEX_T,OCU_ISCO68_X,1982,,U,NB,PS,3,LFS - Labour Force Sample Survey,Data reference period: Incomplete year | Population coverage: Excluding armed forces and/or conscripts | Age coverage - minimum age: 12 years old | Age coverage - maximum age: 64 years old,,,1,,
ILO:DF_EMP_TEMP_SEX_OCU_NB(1.0),EGY,A,EMP_TEMP_NB,SEX_T,OCU_SKILL_TOTAL,1983,11526,,NB,PS,3,LFS - Labour Force Sample Survey,Data reference period: Incomplete year | Population coverage: Excluding armed forces and/or conscripts | Age coverage - minimum age: 12 years old | Age coverage - maximum age: 64 years old,,,1,,
ILO:DF_EMP_TEMP_SEX_OCU_NB(1.0),EGY,A,EMP_TEMP_NB,SEX_T,OCU_ISCO68_TOTAL,1983,11526,,NB,PS,3,LFS - Labour Force Sample Survey,Data reference period: Incomplete year | Population coverage: Excluding armed forces and/or conscripts | Age coverage - minimum age: 12 years old | Age coverage - maximum age: 64 years old,,,1,,
ILO:DF_EMP_TEMP_SEX_OCU_NB(1.0),EGY,A,EMP_TEMP_NB,SEX_T,OCU_ISCO68_0-1,1983,1267.1,,NB,PS,3,LFS - Labour Force Sample Survey,Data reference period: Incomplete year | Population coverage: Excluding armed forces and/or conscripts | Age coverage - minimum age: 12 years old | Age coverage - maximum age: 64 years old,,,1,,
ILO:DF_EMP_TEMP_SEX_OCU_NB(1.0),EGY,A,EMP_TEMP_NB,SEX_T,OCU_ISCO68_2,1983,235.8,,NB,PS,3,LFS - Labour Force Sample Survey,Data reference period: Incomplete year | Population coverage: Excluding armed forces and/or conscripts | Age coverage - minimum age: 12 years old | Age coverage - maximum age: 64 years old,,,1,,
ILO:DF_EMP_TEMP_SEX_OCU_NB(1.0),EGY,A,EMP_TEMP_NB,SEX_T,OCU_ISCO68_3,1983,981.8,,NB,PS,3,LFS - Labour Force Sample Survey,Data reference period: Incomplete year | Population coverage: Excluding armed forces and/or conscripts | Age coverage - minimum age: 12 years old | Age coverage - maximum age: 64 years old,,,1,,
ILO:DF_EMP_TEMP_SEX_OCU_NB(1.0),EGY,A,EMP_TEMP_NB,SEX_T,OCU_ISCO68_4,1983,744.3,,NB,PS,3,LFS - Labour Force Sample Survey,Data reference period: Incomplete year | Population coverage: Excluding armed forces and/or conscripts | Age coverage - minimum age: 12 years old | Age coverage - maximum age: 64 years old,,,1,,
ILO:DF_EMP_TEMP_SEX_OCU_NB(1.0),EGY,A,EMP_TEMP_NB,SEX_T,OCU_ISCO68_5,1983,927.3,,NB,PS,3,LFS - Labour Force Sample Survey,Data reference period: Incomplete year | Population coverage: Excluding armed forces and/or conscripts | Age coverage - minimum age: 12 years old | Age coverage - maximum age: 64 years old,,,1,,
ILO:DF_EMP_TEMP_SEX_OCU_NB(1.0),EGY,A,EMP_TEMP_NB,SEX_T,OCU_ISCO68_6,1983,4638.9,,NB,PS,3,LFS - Labour Force Sample Survey,Data reference period: Incomplete year | Population coverage: Excluding armed forces and/or conscripts | Age coverage - minimum age: 12 years old | Age coverage - maximum age: 64 years old,,,1,,
ILO:DF_EMP_TEMP_SEX_OCU_NB(1.0),EGY,A,EMP_TEMP_NB,SEX_T,OCU_ISCO68_7-9,1983,2730.5,,NB,PS,3,LFS - Labour Force Sample Survey,Data reference period: Incomplete year | Population coverage: Excluding armed forces and/or conscripts | Age coverage - minimum age: 12 years old | Age coverage - maximum age: 64 years old,,,1,,
ILO:DF_EMP_TEMP_SEX_OCU_NB(1.0),EGY,A,EMP_TEMP_NB,SEX_T,OCU_ISCO68_X,1983,0.3,,NB,PS,3,LFS - Labour Force Sample Survey,Data reference period: Incomplete year | Population coverage: Excluding armed forces and/or conscripts | Age coverage - minimum age: 12 years old | Age coverage - maximum age: 64 years old,,,1,,
ILO:DF_EMP_TEMP_SEX_OCU_NB(1.0),EGY,A,EMP_TEMP_NB,SEX_T,OCU_SKILL_TOTAL,1984,11818.6,,NB,PS,3,LFS - Labour Force Sample Survey,Data reference period: Incomplete year | Population coverage: Excluding armed forces and/or conscripts | Age coverage - minimum age: 12 years old | Age coverage - maximum age: 64 years old,,,1,,
ILO:DF_EMP_TEMP_SEX_OCU_NB(1.0),EGY,A,EMP_TEMP_NB,SEX_T,OCU_ISCO68_TOTAL,1984,11818.6,,NB,PS,3,LFS - Labour Force Sample Survey,Data reference period: Incomplete year | Population coverage: Excluding armed forces and/or conscripts | Age coverage - minimum age: 12 years old | Age coverage - maximum age: 64 years old,,,1,,
ILO:DF_EMP_TEMP_SEX_OCU_NB(1.0),EGY,A,EMP_TEMP_NB,SEX_T,OCU_ISCO68_0-1,1984,1415.1,,NB,PS,3,LFS - Labour Force Sample Survey,Data reference period: Incomplete year | Population coverage: Excluding armed forces and/or conscripts | Age coverage - minimum age: 12 years old | Age coverage - maximum age: 64 years old,,,1,,
ILO:DF_EMP_TEMP_SEX_OCU_NB(1.0),EGY,A,EMP_TEMP_NB,SEX_T,OCU_ISCO68_2,1984,317,,NB,PS,3,LFS - Labour Force Sample Survey,Data reference period: Incomplete year | Population coverage: Excluding armed forces and/or conscripts | Age coverage - minimum age: 12 years old | Age coverage - maximum age: 64 years old,,,1,,
ILO:DF_EMP_TEMP_SEX_OCU_NB(1.0),EGY,A,EMP_TEMP_NB,SEX_T,OCU_ISCO68_3,1984,1069.8,,NB,PS,3,LFS - Labour Force Sample Survey,Data reference period: Incomplete year | Population coverage: Excluding armed forces and/or conscripts | Age coverage - minimum age: 12 years old | Age coverage - maximum age: 64 years old,,,1,,
ILO:DF_EMP_TEMP_SEX_OCU_NB(1.0),EGY,A,EMP_TEMP_NB,SEX_T,OCU_ISCO68_4,1984,754.5,,NB,PS,3,LFS - Labour Force Sample Survey,Data reference period: Incomplete year | Population coverage: Excluding armed forces and/or conscripts | Age coverage - minimum age: 12 years old | Age coverage - maximum age: 64 years old,,,1,,
ILO:DF_EMP_TEMP_SEX_OCU_NB(1.0),EGY,A,EMP_TEMP_NB,SEX_T,OCU_ISCO68_5,1984,889.9,,NB,PS,3,LFS - Labour Force Sample Survey,Data reference period: Incomplete year | Population coverage: Excluding armed forces and/or conscripts | Age coverage - minimum age: 12 years old | Age coverage - maximum age: 64 years old,,,1,,
ILO:DF_EMP_TEMP_SEX_OCU_NB(1.0),EGY,A,EMP_TEMP_NB,SEX_T,OCU_ISCO68_6,1984,4717.5,,NB,PS,3,LFS - Labour Force Sample Survey,Data reference period: Incomplete year | Population coverage: Excluding armed forces and/or conscripts | Age coverage - minimum age: 12 years old | Age coverage - maximum age: 64 years old,,,1,,
ILO:DF_EMP_TEMP_SEX_OCU_NB(1.0),EGY,A,EMP_TEMP_NB,SEX_T,OCU_ISCO68_7-9,1984,2654.8,,NB,PS,3,LFS - Labour Force Sample Survey,Data reference period: Incomplete year | Population coverage: Excluding armed forces and/or conscripts | Age coverage - minimum age: 12 years old | Age coverage - maximum age: 64 years old,,,1,,
ILO:DF_EMP_TEMP_SEX_OCU_NB(1.0),EGY,A,EMP_TEMP_NB,SEX_T,OCU_SKILL_TOTAL,1989,14925.7,,NB,PS,3,LFS - Labour Force Sample Survey,Data reference period: December | Population coverage: Excluding armed forces and/or conscripts | Age coverage - minimum age: 12 years old | Age coverage - maximum age: 64 years old,,,1,,
ILO:DF_EMP_TEMP_SEX_OCU_NB(1.0),EGY,A,EMP_TEMP_NB,SEX_T,OCU_ISCO68_TOTAL,1989,14925.7,,NB,PS,3,LFS - Labour Force Sample Survey,Data reference period: December | Population coverage: Excluding armed forces and/or conscripts | Age coverage - minimum age: 12 years old | Age coverage - maximum age: 64 years old,,,1,,
ILO:DF_EMP_TEMP_SEX_OCU_NB(1.0),EGY,A,EMP_TEMP_NB,SEX_T,OCU_ISCO68_0-1,1989,1836.5,,NB,PS,3,LFS - Labour Force Sample Survey,Data reference period: December | Population coverage: Excluding armed forces and/or conscripts | Age coverage - minimum age: 12 years old | Age coverage - maximum age: 64 years old,,,1,,
ILO:DF_EMP_TEMP_SEX_OCU_NB(1.0),EGY,A,EMP_TEMP_NB,SEX_T,OCU_ISCO68_2,1989,126.6,,NB,PS,3,LFS - Labour Force Sample Survey,Data reference period: December | Population coverage: Excluding armed forces and/or conscripts | Age coverage - minimum age: 12 years old | Age coverage - maximum age: 64 years old,,,1,,
ILO:DF_EMP_TEMP_SEX_OCU_NB(1.0),EGY,A,EMP_TEMP_NB,SEX_T,OCU_ISCO68_3,1989,1156.8,,NB,PS,3,LFS - Labour Force Sample Survey,Data reference period: December | Population coverage: Excluding armed forces and/or conscripts | Age coverage - minimum age: 12 years old | Age coverage - maximum age: 64 years old,,,1,,
ILO:DF_EMP_TEMP_SEX_OCU_NB(1.0),EGY,A,EMP_TEMP_NB,SEX_T,OCU_ISCO68_4,1989,959.4,,NB,PS,3,LFS - Labour Force Sample Survey,Data reference period: December | Population coverage: Excluding armed forces and/or conscripts | Age coverage - minimum age: 12 years old | Age coverage - maximum age: 64 years old,,,1,,
ILO:DF_EMP_TEMP_SEX_OCU_NB(1.0),EGY,A,EMP_TEMP_NB,SEX_T,OCU_ISCO68_5,1989,1045.6,,NB,PS,3,LFS - Labour Force Sample Survey,Data reference period: December | Population coverage: Excluding armed forces and/or conscripts | Age coverage - minimum age: 12 years old | Age coverage - maximum age: 64 years old,,,1,,
ILO:DF_EMP_TEMP_SEX_OCU_NB(1.0),EGY,A,EMP_TEMP_NB,SEX_T,OCU_ISCO68_6,1989,6256.9,,NB,PS,3,LFS - Labour Force Sample Survey,Data reference period: December | Population coverage: Excluding armed forces and/or conscripts | Age coverage - minimum age: 12 years old | Age coverage - maximum age: 64 years old,,,1,,
ILO:DF_EMP_TEMP_SEX_OCU_NB(1.0),EGY,A,EMP_TEMP_NB,SEX_T,OCU_ISCO68_7-9,1989,3542.4,,NB,PS,3,LFS - Labour Force Sample Survey,Data reference period: December | Population coverage: Excluding armed forces and/or conscripts | Age coverage - minimum age: 12 years old | Age coverage - maximum age: 64 years old,,,1,,
ILO:DF_EMP_TEMP_SEX_OCU_NB(1.0),EGY,A,EMP_TEMP_NB,SEX_T,OCU_ISCO68_X,1989,1.5,,NB,PS,3,LFS - Labour Force Sample Survey,Data reference period: December | Population coverage: Excluding armed forces and/or conscripts | Age coverage - minimum age: 12 years old | Age coverage - maximum age: 64 years old,,,1,,
ILO:DF_EMP_TEMP_SEX_OCU_NB(1.0),EGY,A,EMP_TEMP_NB,SEX_T,OCU_SKILL_TOTAL,1990,14361.4,,NB,PS,3,LFS - Labour Force Sample Survey,Data reference period: December | Population coverage: Excluding armed forces and/or conscripts | Age coverage - minimum age: 12 years old | Age coverage - maximum age: 64 years old,,,1,,
ILO:DF_EMP_TEMP_SEX_OCU_NB(1.0),EGY,A,EMP_TEMP_NB,SEX_T,OCU_ISCO68_TOTAL,1990,14361.4,,NB,PS,3,LFS - Labour Force Sample Survey,Data reference period: December | Population coverage: Excluding armed forces and/or conscripts | Age coverage - minimum age: 12 years old | Age coverage - maximum age: 64 years old,,,1,,
ILO:DF_EMP_TEMP_SEX_OCU_NB(1.0),EGY,A,EMP_TEMP_NB,SEX_T,OCU_ISCO68_0-1,1990,1989.6,,NB,PS,3,LFS - Labour Force Sample Survey,Data reference period: December | Population coverage: Excluding armed forces and/or conscripts | Age coverage - minimum age: 12 years old | Age coverage - maximum age: 64 years old,,,1,,
ILO:DF_EMP_TEMP_SEX_OCU_NB(1.0),EGY,A,EMP_TEMP_NB,SEX_T,OCU_ISCO68_2,1990,153.8,,NB,PS,3,LFS - Labour Force Sample Survey,Data reference period: December | Population coverage: Excluding armed forces and/or conscripts | Age coverage - minimum age: 12 years old | Age coverage - maximum age: 64 years old,,,1,,
ILO:DF_EMP_TEMP_SEX_OCU_NB(1.0),EGY,A,EMP_TEMP_NB,SEX_T,OCU_ISCO68_3,1990,1170.4,,NB,PS,3,LFS - Labour Force Sample Survey,Data reference period: December | Population coverage: Excluding armed forces and/or conscripts | Age coverage - minimum age: 12 years old | Age coverage - maximum age: 64 years old,,,1,,
ILO:DF_EMP_TEMP_SEX_OCU_NB(1.0),EGY,A,EMP_TEMP_NB,SEX_T,OCU_ISCO68_4,1990,1039.8,,NB,PS,3,LFS - Labour Force Sample Survey,Data reference period: December | Population coverage: Excluding armed forces and/or conscripts | Age coverage - minimum age: 12 years old | Age coverage - maximum age: 64 years old,,,1,,
ILO:DF_EMP_TEMP_SEX_OCU_NB(1.0),EGY,A,EMP_TEMP_NB,SEX_T,OCU_ISCO68_5,1990,984.8,,NB,PS,3,LFS - Labour Force Sample Survey,Data reference period: December | Population coverage: Excluding armed forces and/or conscripts | Age coverage - minimum age: 12 years old | Age coverage - maximum age: 64 years old,,,1,,
ILO:DF_EMP_TEMP_SEX_OCU_NB(1.0),EGY,A,EMP_TEMP_NB,SEX_T,OCU_ISCO68_6,1990,5523.3,,NB,PS,3,LFS - Labour Force Sample Survey,Data reference period: December | Population coverage: Excluding armed forces and/or conscripts | Age coverage - minimum age: 12 years old | Age coverage - maximum age: 64 years old,,,1,,
ILO:DF_EMP_TEMP_SEX_OCU_NB(1.0),EGY,A,EMP_TEMP_NB,SEX_T,OCU_ISCO68_7-9,1990,3499.2,,NB,PS,3,LFS - Labour Force Sample Survey,Data reference period: December | Population coverage: Excluding armed forces and/or conscripts | Age coverage - minimum age: 12 years old | Age coverage - maximum age: 64 years old,,,1,,
ILO:DF_EMP_TEMP_SEX_OCU_NB(1.0),EGY,A,EMP_TEMP_NB,SEX_T,OCU_ISCO68_X,1990,0.5,,NB,PS,3,LFS - Labour Force Sample Survey,Data reference period: December | Population coverage: Excluding armed forces and/or conscripts | Age coverage - minimum age: 12 years old | Age coverage - maximum age: 64 years old,,,1,,
ILO:DF_EMP_TEMP_SEX_OCU_NB(1.0),EGY,A,EMP_TEMP_NB,SEX_T,OCU_SKILL_TOTAL,1991,13826.8,,NB,PS,3,LFS - Labour Force Sample Survey,Data reference period: December | Population coverage: Excluding armed forces and/or conscripts | Age coverage - minimum age: 12 years old | Age coverage - maximum age: 64 years old,,,1,,
ILO:DF_EMP_TEMP_SEX_OCU_NB(1.0),EGY,A,EMP_TEMP_NB,SEX_T,OCU_ISCO68_TOTAL,1991,13826.8,,NB,PS,3,LFS - Labour Force Sample Survey,Data reference period: December | Population coverage: Excluding armed forces and/or conscripts | Age coverage - minimum age: 12 years old | Age coverage - maximum age: 64 years old,,,1,,
ILO:DF_EMP_TEMP_SEX_OCU_NB(1.0),EGY,A,EMP_TEMP_NB,SEX_T,OCU_ISCO68_0-1,1991,1933.8,,NB,PS,3,LFS - Labour Force Sample Survey,Data reference period: December | Population coverage: Excluding armed forces and/or conscripts | Age coverage - minimum age: 12 years old | Age coverage - maximum age: 64 years old,,,1,,
ILO:DF_EMP_TEMP_SEX_OCU_NB(1.0),EGY,A,EMP_TEMP_NB,SEX_T,OCU_ISCO68_2,1991,120.4,,NB,PS,3,LFS - Labour Force Sample Survey,Data reference period: December | Population coverage: Excluding armed forces and/or conscripts | Age coverage - minimum age: 12 years old | Age coverage - maximum age: 64 years old,,,1,,
ILO:DF_EMP_TEMP_SEX_OCU_NB(1.0),EGY,A,EMP_TEMP_NB,SEX_T,OCU_ISCO68_3,1991,1353.4,,NB,PS,3,LFS - Labour Force Sample Survey,Data reference period: December | Population coverage: Excluding armed forces and/or conscripts | Age coverage - minimum age: 12 years old | Age coverage - maximum age: 64 years old,,,1,,
ILO:DF_EMP_TEMP_SEX_OCU_NB(1.0),EGY,A,EMP_TEMP_NB,SEX_T,OCU_ISCO68_4,1991,1203.3,,NB,PS,3,LFS - Labour Force Sample Survey,Data reference period: December | Population coverage: Excluding armed forces and/or conscripts | Age coverage - minimum age: 12 years old | Age coverage - maximum age: 64 years old,,,1,,
ILO:DF_EMP_TEMP_SEX_OCU_NB(1.0),EGY,A,EMP_TEMP_NB,SEX_T,OCU_ISCO68_5,1991,885.1,,NB,PS,3,LFS - Labour Force Sample Survey,Data reference period: December | Population coverage: Excluding armed forces and/or conscripts | Age coverage - minimum age: 12 years old | Age coverage - maximum age: 64 years old,,,1,,
ILO:DF_EMP_TEMP_SEX_OCU_NB(1.0),EGY,A,EMP_TEMP_NB,SEX_T,OCU_ISCO68_6,1991,4241.4,,NB,PS,3,LFS - Labour Force Sample Survey,Data reference period: December | Population coverage: Excluding armed forces and/or conscripts | Age coverage - minimum age: 12 years old | Age coverage - maximum age: 64 years old,,,1,,
ILO:DF_EMP_TEMP_SEX_OCU_NB(1.0),EGY,A,EMP_TEMP_NB,SEX_T,OCU_ISCO68_7-9,1991,4089.4,,NB,PS,3,LFS - Labour Force Sample Survey,Data reference period: December | Population coverage: Excluding armed forces and/or conscripts | Age coverage - minimum age: 12 years old | Age coverage - maximum age: 64 years old,,,1,,
ILO:DF_EMP_TEMP_SEX_OCU_NB(1.0),EGY,A,EMP_TEMP_NB,SEX_T,OCU_ISCO68_X,1991,,U,NB,PS,3,LFS - Labour Force Sample Survey,Data reference period: December | Population coverage: Excluding armed forces and/or conscripts | Age coverage - minimum age: 12 years old | Age coverage - maximum age: 64 years old,,,1,,
ILO:DF_EMP_TEMP_SEX_OCU_NB(1.0),EGY,A,EMP_TEMP_NB,SEX_T,OCU_SKILL_TOTAL,1992,14398.8,,NB,PS,3,LFS - Labour Force Sample Survey,Data reference period: Incomplete year | Population coverage: Excluding armed forces and/or conscripts | Age coverage - minimum age: 12 years old | Age coverage - maximum age: 64 years old,,,1,,
ILO:DF_EMP_TEMP_SEX_OCU_NB(1.0),EGY,A,EMP_TEMP_NB,SEX_T,OCU_ISCO68_TOTAL,1992,14398.8,,NB,PS,3,LFS - Labour Force Sample Survey,Data reference period: Incomplete year | Population coverage: Excluding armed forces and/or conscripts | Age coverage - minimum age: 12 years old | Age coverage - maximum age: 64 years old,,,1,,
ILO:DF_EMP_TEMP_SEX_OCU_NB(1.0),EGY,A,EMP_TEMP_NB,SEX_T,OCU_ISCO68_0-1,1992,2114.8,,NB,PS,3,LFS - Labour Force Sample Survey,Data reference period: Incomplete year | Population coverage: Excluding armed forces and/or conscripts | Age coverage - minimum age: 12 years old | Age coverage - maximum age: 64 years old,,,1,,
ILO:DF_EMP_TEMP_SEX_OCU_NB(1.0),EGY,A,EMP_TEMP_NB,SEX_T,OCU_ISCO68_2,1992,166.7,,NB,PS,3,LFS - Labour Force Sample Survey,Data reference period: Incomplete year | Population coverage: Excluding armed forces and/or conscripts | Age coverage - minimum age: 12 years old | Age coverage - maximum age: 64 years old,,,1,,
ILO:DF_EMP_TEMP_SEX_OCU_NB(1.0),EGY,A,EMP_TEMP_NB,SEX_T,OCU_ISCO68_3,1992,1250.8,,NB,PS,3,LFS - Labour Force Sample Survey,Data reference period: Incomplete year | Population coverage: Excluding armed forces and/or conscripts | Age coverage - minimum age: 12 years old | Age coverage - maximum age: 64 years old,,,1,,
ILO:DF_EMP_TEMP_SEX_OCU_NB(1.0),EGY,A,EMP_TEMP_NB,SEX_T,OCU_ISCO68_4,1992,986.6,,NB,PS,3,LFS - Labour Force Sample Survey,Data reference period: Incomplete year | Population coverage: Excluding armed forces and/or conscripts | Age coverage - minimum age: 12 years old | Age coverage - maximum age: 64 years old,,,1,,
ILO:DF_EMP_TEMP_SEX_OCU_NB(1.0),EGY,A,EMP_TEMP_NB,SEX_T,OCU_ISCO68_5,1992,1036.2,,NB,PS,3,LFS - Labour Force Sample Survey,Data reference period: Incomplete year | Population coverage: Excluding armed forces and/or conscripts | Age coverage - minimum age: 12 years old | Age coverage - maximum age: 64 years old,,,1,,
ILO:DF_EMP_TEMP_SEX_OCU_NB(1.0),EGY,A,EMP_TEMP_NB,SEX_T,OCU_ISCO68_6,1992,5422.3,,NB,PS,3,LFS - Labour Force Sample Survey,Data reference period: Incomplete year | Population coverage: Excluding armed forces and/or conscripts | Age coverage - minimum age: 12 years old | Age coverage - maximum age: 64 years old,,,1,,
ILO:DF_EMP_TEMP_SEX_OCU_NB(1.0),EGY,A,EMP_TEMP_NB,SEX_T,OCU_ISCO68_7-9,1992,3420.5,,NB,PS,3,LFS - Labour Force Sample Survey,Data reference period: Incomplete year | Population coverage: Excluding armed forces and/or conscripts | Age coverage - minimum age: 12 years old | Age coverage - maximum age: 64 years old,,,1,,
ILO:DF_EMP_TEMP_SEX_OCU_NB(1.0),EGY,A,EMP_TEMP_NB,SEX_T,OCU_ISCO68_X,1992,1,,NB,PS,3,LFS - Labour Force Sample Survey,Data reference period: Incomplete year | Population coverage: Excluding armed forces and/or conscripts | Age coverage - minimum age: 12 years old | Age coverage - maximum age: 64 years old,,,1,,
ILO:DF_EMP_TEMP_SEX_OCU_NB(1.0),EGY,A,EMP_TEMP_NB,SEX_T,OCU_SKILL_TOTAL,1993,14703.2,,NB,PS,3,LFS - Labour Force Sample Survey,Data reference period: Incomplete year | Population coverage: Excluding armed forces and/or conscripts | Age coverage - minimum age: 12 years old | Age coverage - maximum age: 64 years old,,,1,,
ILO:DF_EMP_TEMP_SEX_OCU_NB(1.0),EGY,A,EMP_TEMP_NB,SEX_T,OCU_ISCO68_TOTAL,1993,14703.2,,NB,PS,3,LFS - Labour Force Sample Survey,Data reference period: Incomplete year | Population coverage: Excluding armed forces and/or conscripts | Age coverage - minimum age: 12 years old | Age coverage - maximum age: 64 years old,,,1,,
ILO:DF_EMP_TEMP_SEX_OCU_NB(1.0),EGY,A,EMP_TEMP_NB,SEX_T,OCU_ISCO68_0-1,1993,2424.9,,NB,PS,3,LFS - Labour Force Sample Survey,Data reference period: Incomplete year | Population coverage: Excluding armed forces and/or conscripts | Age coverage - minimum age: 12 years old | Age coverage - maximum age: 64 years old,,,1,,
ILO:DF_EMP_TEMP_SEX_OCU_NB(1.0),EGY,A,EMP_TEMP_NB,SEX_T,OCU_ISCO68_2,1993,165,,NB,PS,3,LFS - Labour Force Sample Survey,Data reference period: Incomplete year | Population coverage: Excluding armed forces and/or conscripts | Age coverage - minimum age: 12 years old | Age coverage - maximum age: 64 years old,,,1,,
ILO:DF_EMP_TEMP_SEX_OCU_NB(1.0),EGY,A,EMP_TEMP_NB,SEX_T,OCU_ISCO68_3,1993,1341.5,,NB,PS,3,LFS - Labour Force Sample Survey,Data reference period: Incomplete year | Population coverage: Excluding armed forces and/or conscripts | Age coverage - minimum age: 12 years old | Age coverage - maximum age: 64 years old,,,1,,
ILO:DF_EMP_TEMP_SEX_OCU_NB(1.0),EGY,A,EMP_TEMP_NB,SEX_T,OCU_ISCO68_4,1993,1090.1,,NB,PS,3,LFS - Labour Force Sample Survey,Data reference period: Incomplete year | Population coverage: Excluding armed forces and/or conscripts | Age coverage - minimum age: 12 years old | Age coverage - maximum age: 64 years old,,,1,,
ILO:DF_EMP_TEMP_SEX_OCU_NB(1.0),EGY,A,EMP_TEMP_NB,SEX_T,OCU_ISCO68_5,1993,1081,,NB,PS,3,LFS - Labour Force Sample Survey,Data reference period: Incomplete year | Population coverage: Excluding armed forces and/or conscripts | Age coverage - minimum age: 12 years old | Age coverage - maximum age: 64 years old,,,1,,
ILO:DF_EMP_TEMP_SEX_OCU_NB(1.0),EGY,A,EMP_TEMP_NB,SEX_T,OCU_ISCO68_6,1993,5097.7,,NB,PS,3,LFS - Labour Force Sample Survey,Data reference period: Incomplete year | Population coverage: Excluding armed forces and/or conscripts | Age coverage - minimum age: 12 years old | Age coverage - maximum age: 64 years old,,,1,,
ILO:DF_EMP_TEMP_SEX_OCU_NB(1.0),EGY,A,EMP_TEMP_NB,SEX_T,OCU_ISCO68_7-9,1993,3498.8,,NB,PS,3,LFS - Labour Force Sample Survey,Data reference period: Incomplete year | Population coverage: Excluding armed forces and/or conscripts | Age coverage - minimum age: 12 years old | Age coverage - maximum age: 64 years old,,,1,,
ILO:DF_EMP_TEMP_SEX_OCU_NB(1.0),EGY,A,EMP_TEMP_NB,SEX_T,OCU_ISCO68_X,1993,4.2,,NB,PS,3,LFS - Labour Force Sample Survey,Data reference period: Incomplete year | Population coverage: Excluding armed forces and/or conscripts | Age coverage - minimum age: 12 years old | Age coverage - maximum age: 64 years old,,,1,,
ILO:DF_EMP_TEMP_SEX_OCU_NB(1.0),EGY,A,EMP_TEMP_NB,SEX_T,OCU_SKILL_TOTAL,1994,15241.4,,NB,PS,3,LFS - Labour Force Sample Survey,Data reference period: Incomplete year | Population coverage: Excluding armed forces and/or conscripts | Age coverage - minimum age: 12 years old | Age coverage - maximum age: 64 years old,,,1,,
ILO:DF_EMP_TEMP_SEX_OCU_NB(1.0),EGY,A,EMP_TEMP_NB,SEX_T,OCU_ISCO68_TOTAL,1994,15241.4,,NB,PS,3,LFS - Labour Force Sample Survey,Data reference period: Incomplete year | Population coverage: Excluding armed forces and/or conscripts | Age coverage - minimum age: 12 years old | Age coverage - maximum age: 64 years old,,,1,,
ILO:DF_EMP_TEMP_SEX_OCU_NB(1.0),EGY,A,EMP_TEMP_NB,SEX_T,OCU_ISCO68_0-1,1994,2587.4,,NB,PS,3,LFS - Labour Force Sample Survey,Data reference period: Incomplete year | Population coverage: Excluding armed forces and/or conscripts | Age coverage - minimum age: 12 years old | Age coverage - maximum age: 64 years old,,,1,,
ILO:DF_EMP_TEMP_SEX_OCU_NB(1.0),EGY,A,EMP_TEMP_NB,SEX_T,OCU_ISCO68_2,1994,154.5,,NB,PS,3,LFS - Labour Force Sample Survey,Data reference period: Incomplete year | Population coverage: Excluding armed forces and/or conscripts | Age coverage - minimum age: 12 years old | Age coverage - maximum age: 64 years old,,,1,,
ILO:DF_EMP_TEMP_SEX_OCU_NB(1.0),EGY,A,EMP_TEMP_NB,SEX_T,OCU_ISCO68_3,1994,1398.1,,NB,PS,3,LFS - Labour Force Sample Survey,Data reference period: Incomplete year | Population coverage: Excluding armed forces and/or conscripts | Age coverage - minimum age: 12 years old | Age coverage - maximum age: 64 years old,,,1,,
ILO:DF_EMP_TEMP_SEX_OCU_NB(1.0),EGY,A,EMP_TEMP_NB,SEX_T,OCU_ISCO68_4,1994,1216.5,,NB,PS,3,LFS - Labour Force Sample Survey,Data reference period: Incomplete year | Population coverage: Excluding armed forces and/or conscripts | Age coverage - minimum age: 12 years old | Age coverage - maximum age: 64 years old,,,1,,
ILO:DF_EMP_TEMP_SEX_OCU_NB(1.0),EGY,A,EMP_TEMP_NB,SEX_T,OCU_ISCO68_5,1994,1065.9,,NB,PS,3,LFS - Labour Force Sample Survey,Data reference period: Incomplete year | Population coverage: Excluding armed forces and/or conscripts | Age coverage - minimum age: 12 years old | Age coverage - maximum age: 64 years old,,,1,,
ILO:DF_EMP_TEMP_SEX_OCU_NB(1.0),EGY,A,EMP_TEMP_NB,SEX_T,OCU_ISCO68_6,1994,5266.2,,NB,PS,3,LFS - Labour Force Sample Survey,Data reference period: Incomplete year | Population coverage: Excluding armed forces and/or conscripts | Age coverage - minimum age: 12 years old | Age coverage - maximum age: 64 years old,,,1,,
ILO:DF_EMP_TEMP_SEX_OCU_NB(1.0),EGY,A,EMP_TEMP_NB,SEX_T,OCU_ISCO68_7-9,1994,3552.5,,NB,PS,3,LFS - Labour Force Sample Survey,Data reference period: Incomplete year | Population coverage: Excluding armed forces and/or conscripts | Age coverage - minimum age: 12 years old | Age coverage - maximum age: 64 years old,,,1,,
ILO:DF_EMP_TEMP_SEX_OCU_NB(1.0),EGY,A,EMP_TEMP_NB,SEX_T,OCU_ISCO68_X,1994,0.3,,NB,PS,3,LFS - Labour Force Sample Survey,Data reference period: Incomplete year | Population coverage: Excluding armed forces and/or conscripts | Age coverage - minimum age: 12 years old | Age coverage - maximum age: 64 years old,,,1,,
ILO:DF_EMP_TEMP_SEX_OCU_NB(1.0),EGY,A,EMP_TEMP_NB,SEX_T,OCU_SKILL_TOTAL,1995,15344.2,,NB,PS,3,LFS - Labour Force Sample Survey,Data reference period: Incomplete year | Population coverage: Excluding armed forces and/or conscripts | Age coverage - minimum age: 12 years old | Age coverage - maximum age: 64 years old,,,1,,
ILO:DF_EMP_TEMP_SEX_OCU_NB(1.0),EGY,A,EMP_TEMP_NB,SEX_T,OCU_ISCO68_TOTAL,1995,15344.2,,NB,PS,3,LFS - Labour Force Sample Survey,Data reference period: Incomplete year | Population coverage: Excluding armed forces and/or conscripts | Age coverage - minimum age: 12 years old | Age coverage - maximum age: 64 years old,,,1,,
ILO:DF_EMP_TEMP_SEX_OCU_NB(1.0),EGY,A,EMP_TEMP_NB,SEX_T,OCU_ISCO68_0-1,1995,2562.8,,NB,PS,3,LFS - Labour Force Sample Survey,Data reference period: Incomplete year | Population coverage: Excluding armed forces and/or conscripts | Age coverage - minimum age: 12 years old | Age coverage - maximum age: 64 years old,,,1,,
ILO:DF_EMP_TEMP_SEX_OCU_NB(1.0),EGY,A,EMP_TEMP_NB,SEX_T,OCU_ISCO68_2,1995,173.9,,NB,PS,3,LFS - Labour Force Sample Survey,Data reference period: Incomplete year | Population coverage: Excluding armed forces and/or conscripts | Age coverage - minimum age: 12 years old | Age coverage - maximum age: 64 years old,,,1,,
ILO:DF_EMP_TEMP_SEX_OCU_NB(1.0),EGY,A,EMP_TEMP_NB,SEX_T,OCU_ISCO68_3,1995,1464.8,,NB,PS,3,LFS - Labour Force Sample Survey,Data reference period: Incomplete year | Population coverage: Excluding armed forces and/or conscripts | Age coverage - minimum age: 12 years old | Age coverage - maximum age: 64 years old,,,1,,
ILO:DF_EMP_TEMP_SEX_OCU_NB(1.0),EGY,A,EMP_TEMP_NB,SEX_T,OCU_ISCO68_4,1995,1209,,NB,PS,3,LFS - Labour Force Sample Survey,Data reference period: Incomplete year | Population coverage: Excluding armed forces and/or conscripts | Age coverage - minimum age: 12 years old | Age coverage - maximum age: 64 years old,,,1,,
ILO:DF_EMP_TEMP_SEX_OCU_NB(1.0),EGY,A,EMP_TEMP_NB,SEX_T,OCU_ISCO68_5,1995,1138.1,,NB,PS,3,LFS - Labour Force Sample Survey,Data reference period: Incomplete year | Population coverage: Excluding armed forces and/or conscripts | Age coverage - minimum age: 12 years old | Age coverage - maximum age: 64 years old,,,1,,
ILO:DF_EMP_TEMP_SEX_OCU_NB(1.0),EGY,A,EMP_TEMP_NB,SEX_T,OCU_ISCO68_6,1995,5107.2,,NB,PS,3,LFS - Labour Force Sample Survey,Data reference period: Incomplete year | Population coverage: Excluding armed forces and/or conscripts | Age coverage - minimum age: 12 years old | Age coverage - maximum age: 64 years old,,,1,,
ILO:DF_EMP_TEMP_SEX_OCU_NB(1.0),EGY,A,EMP_TEMP_NB,SEX_T,OCU_ISCO68_7-9,1995,3688.5,,NB,PS,3,LFS - Labour Force Sample Survey,Data reference period: Incomplete year | Population coverage: Excluding armed forces and/or conscripts | Age coverage - minimum age: 12 years old | Age coverage - maximum age: 64 years old,,,1,,
ILO:DF_EMP_TEMP_SEX_OCU_NB(1.0),EGY,A,EMP_TEMP_NB,SEX_T,OCU_ISCO68_X,1995,,U,NB,PS,3,LFS - Labour Force Sample Survey,Data reference period: Incomplete year | Population coverage: Excluding armed forces and/or conscripts | Age coverage - minimum age: 12 years old | Age coverage - maximum age: 64 years old,,,1,,
ILO:DF_EMP_TEMP_SEX_OCU_NB(1.0),EGY,A,EMP_TEMP_NB,SEX_T,OCU_SKILL_TOTAL,1997,15830,,NB,PS,3,LFS - Labour Force Sample Survey,Data reference period: Incomplete year | Population coverage: Excluding armed forces and/or conscripts | Age coverage - maximum age: 64 years old,,,1,,
ILO:DF_EMP_TEMP_SEX_OCU_NB(1.0),EGY,A,EMP_TEMP_NB,SEX_T,OCU_SKILL_L3-4,1997,4414.7,,NB,PS,3,LFS - Labour Force Sample Survey,Data reference period: Incomplete year | Population coverage: Excluding armed forces and/or conscripts | Age coverage - maximum age: 64 years old,,,1,,
ILO:DF_EMP_TEMP_SEX_OCU_NB(1.0),EGY,A,EMP_TEMP_NB,SEX_T,OCU_SKILL_L2,1997,10995.9,,NB,PS,3,LFS - Labour Force Sample Survey,Data reference period: Incomplete year | Population coverage: Excluding armed forces and/or conscripts | Age coverage - maximum age: 64 years old,,,1,,
ILO:DF_EMP_TEMP_SEX_OCU_NB(1.0),EGY,A,EMP_TEMP_NB,SEX_T,OCU_SKILL_L1,1997,372.3,,NB,PS,3,LFS - Labour Force Sample Survey,Data reference period: Incomplete year | Population coverage: Excluding armed forces and/or conscripts | Age coverage - maximum age: 64 years old,,,1,,
ILO:DF_EMP_TEMP_SEX_OCU_NB(1.0),EGY,A,EMP_TEMP_NB,SEX_T,OCU_ISCO88_TOTAL,1997,15830,,NB,PS,3,LFS - Labour Force Sample Survey,Data reference period: Incomplete year | Population coverage: Excluding armed forces and/or conscripts | Age coverage - maximum age: 64 years old,,,1,,
ILO:DF_EMP_TEMP_SEX_OCU_NB(1.0),EGY,A,EMP_TEMP_NB,SEX_T,OCU_ISCO88_1,1997,1132.1,,NB,PS,3,LFS - Labour Force Sample Survey,Data reference period: Incomplete year | Population coverage: Excluding armed forces and/or conscripts | Age coverage - maximum age: 64 years old,,,1,,
ILO:DF_EMP_TEMP_SEX_OCU_NB(1.0),EGY,A,EMP_TEMP_NB,SEX_T,OCU_ISCO88_2,1997,2157.8,,NB,PS,3,LFS - Labour Force Sample Survey,Data reference period: Incomplete year | Population coverage: Excluding armed forces and/or conscripts | Age coverage - maximum age: 64 years old,,,1,,
ILO:DF_EMP_TEMP_SEX_OCU_NB(1.0),EGY,A,EMP_TEMP_NB,SEX_T,OCU_ISCO88_3,1997,1124.8,,NB,PS,3,LFS - Labour Force Sample Survey,Data reference period: Incomplete year | Population coverage: Excluding armed forces and/or conscripts | Age coverage - maximum age: 64 years old,,,1,,
ILO:DF_EMP_TEMP_SEX_OCU_NB(1.0),EGY,A,EMP_TEMP_NB,SEX_T,OCU_ISCO88_4,1997,1110.2,,NB,PS,3,LFS - Labour Force Sample Survey,Data reference period: Incomplete year | Population coverage: Excluding armed forces and/or conscripts | Age coverage - maximum age: 64 years old,,,1,,
ILO:DF_EMP_TEMP_SEX_OCU_NB(1.0),EGY,A,EMP_TEMP_NB,SEX_T,OCU_ISCO88_5,1997,1651.1,,NB,PS,3,LFS - Labour Force Sample Survey,Data reference period: Incomplete year | Population coverage: Excluding armed forces and/or conscripts | Age coverage - maximum age: 64 years old,,,1,,
ILO:DF_EMP_TEMP_SEX_OCU_NB(1.0),EGY,A,EMP_TEMP_NB,SEX_T,OCU_ISCO88_6,1997,4810.7,,NB,PS,3,LFS - Labour Force Sample Survey,Data reference period: Incomplete year | Population coverage: Excluding armed forces and/or conscripts | Age coverage - maximum age: 64 years old,,,1,,
ILO:DF_EMP_TEMP_SEX_OCU_NB(1.0),EGY,A,EMP_TEMP_NB,SEX_T,OCU_ISCO88_7,1997,2433,,NB,PS,3,LFS - Labour Force Sample Survey,Data reference period: Incomplete year | Population coverage: Excluding armed forces and/or conscripts | Age coverage - maximum age: 64 years old,,,1,,
ILO:DF_EMP_TEMP_SEX_OCU_NB(1.0),EGY,A,EMP_TEMP_NB,SEX_T,OCU_ISCO88_8,1997,990.9,,NB,PS,3,LFS - Labour Force Sample Survey,Data reference period: Incomplete year | Population coverage: Excluding armed forces and/or conscripts | Age coverage - maximum age: 64 years old,,,1,,
ILO:DF_EMP_TEMP_SEX_OCU_NB(1.0),EGY,A,EMP_TEMP_NB,SEX_T,OCU_ISCO88_9,1997,372.3,,NB,PS,3,LFS - Labour Force Sample Survey,Data reference period: Incomplete year | Population coverage: Excluding armed forces and/or conscripts | Age coverage - maximum age: 64 years old,,,1,,
ILO:DF_EMP_TEMP_SEX_OCU_NB(1.0),EGY,A,EMP_TEMP_NB,SEX_T,OCU_ISCO88_X,1997,47.2,,NB,PS,3,LFS - Labour Force Sample Survey,Data reference period: Incomplete year | Population coverage: Excluding armed forces and/or conscripts | Age coverage - maximum age: 64 years old,,,1,,
ILO:DF_EMP_TEMP_SEX_OCU_NB(1.0),EGY,A,EMP_TEMP_NB,SEX_T,OCU_SKILL_TOTAL,1998,16183,,NB,PS,3,LFS - Labour Force Sample Survey,Data reference period: Incomplete year | Population coverage: Excluding armed forces and/or conscripts | Age coverage - maximum age: 64 years old,,,1,,
ILO:DF_EMP_TEMP_SEX_OCU_NB(1.0),EGY,A,EMP_TEMP_NB,SEX_T,OCU_SKILL_L3-4,1998,5090.7,,NB,PS,3,LFS - Labour Force Sample Survey,Data reference period: Incomplete year | Population coverage: Excluding armed forces and/or conscripts | Age coverage - maximum age: 64 years old,,,1,,
ILO:DF_EMP_TEMP_SEX_OCU_NB(1.0),EGY,A,EMP_TEMP_NB,SEX_T,OCU_SKILL_L2,1998,10733.1,,NB,PS,3,LFS - Labour Force Sample Survey,Data reference period: Incomplete year | Population coverage: Excluding armed forces and/or conscripts | Age coverage - maximum age: 64 years old,,,1,,
ILO:DF_EMP_TEMP_SEX_OCU_NB(1.0),EGY,A,EMP_TEMP_NB,SEX_T,OCU_SKILL_L1,1998,359,,NB,PS,3,LFS - Labour Force Sample Survey,Data reference period: Incomplete year | Population coverage: Excluding armed forces and/or conscripts | Age coverage - maximum age: 64 years old,,,1,,
ILO:DF_EMP_TEMP_SEX_OCU_NB(1.0),EGY,A,EMP_TEMP_NB,SEX_T,OCU_ISCO88_TOTAL,1998,16183,,NB,PS,3,LFS - Labour Force Sample Survey,Data reference period: Incomplete year | Population coverage: Excluding armed forces and/or conscripts | Age coverage - maximum age: 64 years old,,,1,,
ILO:DF_EMP_TEMP_SEX_OCU_NB(1.0),EGY,A,EMP_TEMP_NB,SEX_T,OCU_ISCO88_1,1998,1671.5,,NB,PS,3,LFS - Labour Force Sample Survey,Data reference period: Incomplete year | Population coverage: Excluding armed forces and/or conscripts | Age coverage - maximum age: 64 years old,,,1,,
ILO:DF_EMP_TEMP_SEX_OCU_NB(1.0),EGY,A,EMP_TEMP_NB,SEX_T,OCU_ISCO88_2,1998,2181,,NB,PS,3,LFS - Labour Force Sample Survey,Data reference period: Incomplete year | Population coverage: Excluding armed forces and/or conscripts | Age coverage - maximum age: 64 years old,,,1,,
ILO:DF_EMP_TEMP_SEX_OCU_NB(1.0),EGY,A,EMP_TEMP_NB,SEX_T,OCU_ISCO88_3,1998,1238.2,,NB,PS,3,LFS - Labour Force Sample Survey,Data reference period: Incomplete year | Population coverage: Excluding armed forces and/or conscripts | Age coverage - maximum age: 64 years old,,,1,,
ILO:DF_EMP_TEMP_SEX_OCU_NB(1.0),EGY,A,EMP_TEMP_NB,SEX_T,OCU_ISCO88_4,1998,1073.9,,NB,PS,3,LFS - Labour Force Sample Survey,Data reference period: Incomplete year | Population coverage: Excluding armed forces and/or conscripts | Age coverage - maximum age: 64 years old,,,1,,
ILO:DF_EMP_TEMP_SEX_OCU_NB(1.0),EGY,A,EMP_TEMP_NB,SEX_T,OCU_ISCO88_5,1998,1633.6,,NB,PS,3,LFS - Labour Force Sample Survey,Data reference period: Incomplete year | Population coverage: Excluding armed forces and/or conscripts | Age coverage - maximum age: 64 years old,,,1,,
ILO:DF_EMP_TEMP_SEX_OCU_NB(1.0),EGY,A,EMP_TEMP_NB,SEX_T,OCU_ISCO88_6,1998,4673,,NB,PS,3,LFS - Labour Force Sample Survey,Data reference period: Incomplete year | Population coverage: Excluding armed forces and/or conscripts | Age coverage - maximum age: 64 years old,,,1,,
ILO:DF_EMP_TEMP_SEX_OCU_NB(1.0),EGY,A,EMP_TEMP_NB,SEX_T,OCU_ISCO88_7,1998,2403.1,,NB,PS,3,LFS - Labour Force Sample Survey,Data reference period: Incomplete year | Population coverage: Excluding armed forces and/or conscripts | Age coverage - maximum age: 64 years old,,,1,,
ILO:DF_EMP_TEMP_SEX_OCU_NB(1.0),EGY,A,EMP_TEMP_NB,SEX_T,OCU_ISCO88_8,1998,949.5,,NB,PS,3,LFS - Labour Force Sample Survey,Data reference period: Incomplete year | Population coverage: Excluding armed forces and/or conscripts | Age coverage - maximum age: 64 years old,,,1,,
ILO:DF_EMP_TEMP_SEX_OCU_NB(1.0),EGY,A,EMP_TEMP_NB,SEX_T,OCU_ISCO88_9,1998,359,,NB,PS,3,LFS - Labour Force Sample Survey,Data reference period: Incomplete year | Population coverage: Excluding armed forces and/or conscripts | Age coverage - maximum age: 64 years old,,,1,,
ILO:DF_EMP_TEMP_SEX_OCU_NB(1.0),EGY,A,EMP_TEMP_NB,SEX_T,OCU_ISCO88_X,1998,,U,NB,PS,3,LFS - Labour Force Sample Survey,Data reference period: Incomplete year | Population coverage: Excluding armed forces and/or conscripts | Age coverage - maximum age: 64 years old,,,1,,
ILO:DF_EMP_TEMP_SEX_OCU_NB(1.0),EGY,A,EMP_TEMP_NB,SEX_T,OCU_SKILL_TOTAL,1999,16750.2,,NB,PS,3,LFS - Labour Force Sample Survey,Data reference period: Incomplete year | Population coverage: Excluding armed forces and/or conscripts | Age coverage - maximum age: 64 years old,,,1,,
ILO:DF_EMP_TEMP_SEX_OCU_NB(1.0),EGY,A,EMP_TEMP_NB,SEX_T,OCU_SKILL_L3-4,1999,5232.2,,NB,PS,3,LFS - Labour Force Sample Survey,Data reference period: Incomplete year | Population coverage: Excluding armed forces and/or conscripts | Age coverage - maximum age: 64 years old,,,1,,
ILO:DF_EMP_TEMP_SEX_OCU_NB(1.0),EGY,A,EMP_TEMP_NB,SEX_T,OCU_SKILL_L2,1999,11081.7,,NB,PS,3,LFS - Labour Force Sample Survey,Data reference period: Incomplete year | Population coverage: Excluding armed forces and/or conscripts | Age coverage - maximum age: 64 years old,,,1,,
ILO:DF_EMP_TEMP_SEX_OCU_NB(1.0),EGY,A,EMP_TEMP_NB,SEX_T,OCU_SKILL_L1,1999,435.2,,NB,PS,3,LFS - Labour Force Sample Survey,Data reference period: Incomplete year | Population coverage: Excluding armed forces and/or conscripts | Age coverage - maximum age: 64 years old,,,1,,
ILO:DF_EMP_TEMP_SEX_OCU_NB(1.0),EGY,A,EMP_TEMP_NB,SEX_T,OCU_ISCO88_TOTAL,1999,16750.2,,NB,PS,3,LFS - Labour Force Sample Survey,Data reference period: Incomplete year | Population coverage: Excluding armed forces and/or conscripts | Age coverage - maximum age: 64 years old,,,1,,
ILO:DF_EMP_TEMP_SEX_OCU_NB(1.0),EGY,A,EMP_TEMP_NB,SEX_T,OCU_ISCO88_1,1999,1661.1,,NB,PS,3,LFS - Labour Force Sample Survey,Data reference period: Incomplete year | Population coverage: Excluding armed forces and/or conscripts | Age coverage - maximum age: 64 years old,,,1,,
ILO:DF_EMP_TEMP_SEX_OCU_NB(1.0),EGY,A,EMP_TEMP_NB,SEX_T,OCU_ISCO88_2,1999,2211.6,,NB,PS,3,LFS - Labour Force Sample Survey,Data reference period: Incomplete year | Population coverage: Excluding armed forces and/or conscripts | Age coverage - maximum age: 64 years old,,,1,,
ILO:DF_EMP_TEMP_SEX_OCU_NB(1.0),EGY,A,EMP_TEMP_NB,SEX_T,OCU_ISCO88_3,1999,1359.5,,NB,PS,3,LFS - Labour Force Sample Survey,Data reference period: Incomplete year | Population coverage: Excluding armed forces and/or conscripts | Age coverage - maximum age: 64 years old,,,1,,
ILO:DF_EMP_TEMP_SEX_OCU_NB(1.0),EGY,A,EMP_TEMP_NB,SEX_T,OCU_ISCO88_4,1999,1041.1,,NB,PS,3,LFS - Labour Force Sample Survey,Data reference period: Incomplete year | Population coverage: Excluding armed forces and/or conscripts | Age coverage - maximum age: 64 years old,,,1,,
ILO:DF_EMP_TEMP_SEX_OCU_NB(1.0),EGY,A,EMP_TEMP_NB,SEX_T,OCU_ISCO88_5,1999,1720.2,,NB,PS,3,LFS - Labour Force Sample Survey,Data reference period: Incomplete year | Population coverage: Excluding armed forces and/or conscripts | Age coverage - maximum age: 64 years old,,,1,,
ILO:DF_EMP_TEMP_SEX_OCU_NB(1.0),EGY,A,EMP_TEMP_NB,SEX_T,OCU_ISCO88_6,1999,4629.4,,NB,PS,3,LFS - Labour Force Sample Survey,Data reference period: Incomplete year | Population coverage: Excluding armed forces and/or conscripts | Age coverage - maximum age: 64 years old,,,1,,
ILO:DF_EMP_TEMP_SEX_OCU_NB(1.0),EGY,A,EMP_TEMP_NB,SEX_T,OCU_ISCO88_7,1999,2501.6,,NB,PS,3,LFS - Labour Force Sample Survey,Data reference period: Incomplete year | Population coverage: Excluding armed forces and/or conscripts | Age coverage - maximum age: 64 years old,,,1,,
ILO:DF_EMP_TEMP_SEX_OCU_NB(1.0),EGY,A,EMP_TEMP_NB,SEX_T,OCU_ISCO88_8,1999,1189.4,,NB,PS,3,LFS - Labour Force Sample Survey,Data reference period: Incomplete year | Population coverage: Excluding armed forces and/or conscripts | Age coverage - maximum age: 64 years old,,,1,,
ILO:DF_EMP_TEMP_SEX_OCU_NB(1.0),EGY,A,EMP_TEMP_NB,SEX_T,OCU_ISCO88_9,1999,435.2,,NB,PS,3,LFS - Labour Force Sample Survey,Data reference period: Incomplete year | Population coverage: Excluding armed forces and/or conscripts | Age coverage - maximum age: 64 years old,,,1,,
ILO:DF_EMP_TEMP_SEX_OCU_NB(1.0),EGY,A,EMP_TEMP_NB,SEX_T,OCU_ISCO88_X,1999,0.9,,NB,PS,3,LFS - Labour Force Sample Survey,Data reference period: Incomplete year | Population coverage: Excluding armed forces and/or conscripts | Age coverage - maximum age: 64 years old,,,1,,
ILO:DF_EMP_TEMP_SEX_OCU_NB(1.0),EGY,A,EMP_TEMP_NB,SEX_T,OCU_SKILL_TOTAL,2000,17203.3,,NB,PS,3,LFS - Labour Force Sample Survey,Data reference period: Incomplete year | Population coverage: Excluding armed forces and/or conscripts | Age coverage - maximum age: 64 years old,,,1,,
ILO:DF_EMP_TEMP_SEX_OCU_NB(1.0),EGY,A,EMP_TEMP_NB,SEX_T,OCU_SKILL_L3-4,2000,5593,,NB,PS,3,LFS - Labour Force Sample Survey,Data reference period: Incomplete year | Population coverage: Excluding armed forces and/or conscripts | Age coverage - maximum age: 64 years old,,,1,,
ILO:DF_EMP_TEMP_SEX_OCU_NB(1.0),EGY,A,EMP_TEMP_NB,SEX_T,OCU_SKILL_L2,2000,11169.9,,NB,PS,3,LFS - Labour Force Sample Survey,Data reference period: Incomplete year | Population coverage: Excluding armed forces and/or conscripts | Age coverage - maximum age: 64 years old,,,1,,
ILO:DF_EMP_TEMP_SEX_OCU_NB(1.0),EGY,A,EMP_TEMP_NB,SEX_T,OCU_SKILL_L1,2000,440.4,,NB,PS,3,LFS - Labour Force Sample Survey,Data reference period: Incomplete year | Population coverage: Excluding armed forces and/or conscripts | Age coverage - maximum age: 64 years old,,,1,,
ILO:DF_EMP_TEMP_SEX_OCU_NB(1.0),EGY,A,EMP_TEMP_NB,SEX_T,OCU_ISCO88_TOTAL,2000,17203.3,,NB,PS,3,LFS - Labour Force Sample Survey,Data reference period: Incomplete year | Population coverage: Excluding armed forces and/or conscripts | Age coverage - maximum age: 64 years old,,,1,,
ILO:DF_EMP_TEMP_SEX_OCU_NB(1.0),EGY,A,EMP_TEMP_NB,SEX_T,OCU_ISCO88_1,2000,1672.1,,NB,PS,3,LFS - Labour Force Sample Survey,Data reference period: Incomplete year | Population coverage: Excluding armed forces and/or conscripts | Age coverage - maximum age: 64 years old,,,1,,
ILO:DF_EMP_TEMP_SEX_OCU_NB(1.0),EGY,A,EMP_TEMP_NB,SEX_T,OCU_ISCO88_2,2000,2516.5,,NB,PS,3,LFS - Labour Force Sample Survey,Data reference period: Incomplete year | Population coverage: Excluding armed forces and/or conscripts | Age coverage - maximum age: 64 years old,,,1,,
ILO:DF_EMP_TEMP_SEX_OCU_NB(1.0),EGY,A,EMP_TEMP_NB,SEX_T,OCU_ISCO88_3,2000,1404.4,,NB,PS,3,LFS - Labour Force Sample Survey,Data reference period: Incomplete year | Population coverage: Excluding armed forces and/or conscripts | Age coverage - maximum age: 64 years old,,,1,,
ILO:DF_EMP_TEMP_SEX_OCU_NB(1.0),EGY,A,EMP_TEMP_NB,SEX_T,OCU_ISCO88_4,2000,989.3,,NB,PS,3,LFS - Labour Force Sample Survey,Data reference period: Incomplete year | Population coverage: Excluding armed forces and/or conscripts | Age coverage - maximum age: 64 years old,,,1,,
ILO:DF_EMP_TEMP_SEX_OCU_NB(1.0),EGY,A,EMP_TEMP_NB,SEX_T,OCU_ISCO88_5,2000,1675.8,,NB,PS,3,LFS - Labour Force Sample Survey,Data reference period: Incomplete year | Population coverage: Excluding armed forces and/or conscripts | Age coverage - maximum age: 64 years old,,,1,,
ILO:DF_EMP_TEMP_SEX_OCU_NB(1.0),EGY,A,EMP_TEMP_NB,SEX_T,OCU_ISCO88_6,2000,4973.1,,NB,PS,3,LFS - Labour Force Sample Survey,Data reference period: Incomplete year | Population coverage: Excluding armed forces and/or conscripts | Age coverage - maximum age: 64 years old,,,1,,
ILO:DF_EMP_TEMP_SEX_OCU_NB(1.0),EGY,A,EMP_TEMP_NB,SEX_T,OCU_ISCO88_7,2000,2432.5,,NB,PS,3,LFS - Labour Force Sample Survey,Data reference period: Incomplete year | Population coverage: Excluding armed forces and/or conscripts | Age coverage - maximum age: 64 years old,,,1,,
ILO:DF_EMP_TEMP_SEX_OCU_NB(1.0),EGY,A,EMP_TEMP_NB,SEX_T,OCU_ISCO88_8,2000,1099.2,,NB,PS,3,LFS - Labour Force Sample Survey,Data reference period: Incomplete year | Population coverage: Excluding armed forces and/or conscripts | Age coverage - maximum age: 64 years old,,,1,,
ILO:DF_EMP_TEMP_SEX_OCU_NB(1.0),EGY,A,EMP_TEMP_NB,SEX_T,OCU_ISCO88_9,2000,440.4,,NB,PS,3,LFS - Labour Force Sample Survey,Data reference period: Incomplete year | Population coverage: Excluding armed forces and/or conscripts | Age coverage - maximum age: 64 years old,,,1,,
ILO:DF_EMP_TEMP_SEX_OCU_NB(1.0),EGY,A,EMP_TEMP_NB,SEX_T,OCU_ISCO88_X,2000,,U,NB,PS,3,LFS - Labour Force Sample Survey,Data reference period: Incomplete year | Population coverage: Excluding armed forces and/or conscripts | Age coverage - maximum age: 64 years old,,,1,,
ILO:DF_EMP_TEMP_SEX_OCU_NB(1.0),EGY,A,EMP_TEMP_NB,SEX_T,OCU_SKILL_TOTAL,2001,17556.7,,NB,PS,3,LFS - Labour Force Sample Survey,Data reference period: Incomplete year | Population coverage: Excluding armed forces and/or conscripts | Age coverage - maximum age: 64 years old,,,1,,
ILO:DF_EMP_TEMP_SEX_OCU_NB(1.0),EGY,A,EMP_TEMP_NB,SEX_T,OCU_SKILL_L3-4,2001,5986.5,,NB,PS,3,LFS - Labour Force Sample Survey,Data reference period: Incomplete year | Population coverage: Excluding armed forces and/or conscripts | Age coverage - maximum age: 64 years old,,,1,,
ILO:DF_EMP_TEMP_SEX_OCU_NB(1.0),EGY,A,EMP_TEMP_NB,SEX_T,OCU_SKILL_L2,2001,11180.8,,NB,PS,3,LFS - Labour Force Sample Survey,Data reference period: Incomplete year | Population coverage: Excluding armed forces and/or conscripts | Age coverage - maximum age: 64 years old,,,1,,
ILO:DF_EMP_TEMP_SEX_OCU_NB(1.0),EGY,A,EMP_TEMP_NB,SEX_T,OCU_SKILL_L1,2001,389.1,,NB,PS,3,LFS - Labour Force Sample Survey,Data reference period: Incomplete year | Population coverage: Excluding armed forces and/or conscripts | Age coverage - maximum age: 64 years old,,,1,,
ILO:DF_EMP_TEMP_SEX_OCU_NB(1.0),EGY,A,EMP_TEMP_NB,SEX_T,OCU_ISCO88_TOTAL,2001,17556.7,,NB,PS,3,LFS - Labour Force Sample Survey,Data reference period: Incomplete year | Population coverage: Excluding armed forces and/or conscripts | Age coverage - maximum age: 64 years old,,,1,,
ILO:DF_EMP_TEMP_SEX_OCU_NB(1.0),EGY,A,EMP_TEMP_NB,SEX_T,OCU_ISCO88_1,2001,1794.2,,NB,PS,3,LFS - Labour Force Sample Survey,Data reference period: Incomplete year | Population coverage: Excluding armed forces and/or conscripts | Age coverage - maximum age: 64 years old,,,1,,
ILO:DF_EMP_TEMP_SEX_OCU_NB(1.0),EGY,A,EMP_TEMP_NB,SEX_T,OCU_ISCO88_2,2001,2558.9,,NB,PS,3,LFS - Labour Force Sample Survey,Data reference period: Incomplete year | Population coverage: Excluding armed forces and/or conscripts | Age coverage - maximum age: 64 years old,,,1,,
ILO:DF_EMP_TEMP_SEX_OCU_NB(1.0),EGY,A,EMP_TEMP_NB,SEX_T,OCU_ISCO88_3,2001,1633.4,,NB,PS,3,LFS - Labour Force Sample Survey,Data reference period: Incomplete year | Population coverage: Excluding armed forces and/or conscripts | Age coverage - maximum age: 64 years old,,,1,,
ILO:DF_EMP_TEMP_SEX_OCU_NB(1.0),EGY,A,EMP_TEMP_NB,SEX_T,OCU_ISCO88_4,2001,984.4,,NB,PS,3,LFS - Labour Force Sample Survey,Data reference period: Incomplete year | Population coverage: Excluding armed forces and/or conscripts | Age coverage - maximum age: 64 years old,,,1,,
ILO:DF_EMP_TEMP_SEX_OCU_NB(1.0),EGY,A,EMP_TEMP_NB,SEX_T,OCU_ISCO88_5,2001,1777.2,,NB,PS,3,LFS - Labour Force Sample Survey,Data reference period: Incomplete year | Population coverage: Excluding armed forces and/or conscripts | Age coverage - maximum age: 64 years old,,,1,,
ILO:DF_EMP_TEMP_SEX_OCU_NB(1.0),EGY,A,EMP_TEMP_NB,SEX_T,OCU_ISCO88_6,2001,4842.8,,NB,PS,3,LFS - Labour Force Sample Survey,Data reference period: Incomplete year | Population coverage: Excluding armed forces and/or conscripts | Age coverage - maximum age: 64 years old,,,1,,
ILO:DF_EMP_TEMP_SEX_OCU_NB(1.0),EGY,A,EMP_TEMP_NB,SEX_T,OCU_ISCO88_7,2001,2418.9,,NB,PS,3,LFS - Labour Force Sample Survey,Data reference period: Incomplete year | Population coverage: Excluding armed forces and/or conscripts | Age coverage - maximum age: 64 years old,,,1,,
ILO:DF_EMP_TEMP_SEX_OCU_NB(1.0),EGY,A,EMP_TEMP_NB,SEX_T,OCU_ISCO88_8,2001,1157.5,,NB,PS,3,LFS - Labour Force Sample Survey,Data reference period: Incomplete year | Population coverage: Excluding armed forces and/or conscripts | Age coverage - maximum age: 64 years old,,,1,,
ILO:DF_EMP_TEMP_SEX_OCU_NB(1.0),EGY,A,EMP_TEMP_NB,SEX_T,OCU_ISCO88_9,2001,389.1,,NB,PS,3,LFS - Labour Force Sample Survey,Data reference period: Incomplete year | Population coverage: Excluding armed forces and/or conscripts | Age coverage - maximum age: 64 years old,,,1,,
ILO:DF_EMP_TEMP_SEX_OCU_NB(1.0),EGY,A,EMP_TEMP_NB,SEX_T,OCU_ISCO88_X,2001,,U,NB,PS,3,LFS - Labour Force Sample Survey,Data reference period: Incomplete year | Population coverage: Excluding armed forces and/or conscripts | Age coverage - maximum age: 64 years old,,,1,,
ILO:DF_EMP_TEMP_SEX_OCU_NB(1.0),EGY,A,EMP_TEMP_NB,SEX_T,OCU_SKILL_TOTAL,2002,17856.2,,NB,PS,3,LFS - Labour Force Sample Survey,Data reference period: Incomplete year | Population coverage: Excluding armed forces and/or conscripts | Age coverage - maximum age: 64 years old,,,1,,
ILO:DF_EMP_TEMP_SEX_OCU_NB(1.0),EGY,A,EMP_TEMP_NB,SEX_T,OCU_SKILL_L3-4,2002,6334.4,,NB,PS,3,LFS - Labour Force Sample Survey,Data reference period: Incomplete year | Population coverage: Excluding armed forces and/or conscripts | Age coverage - maximum age: 64 years old,,,1,,
ILO:DF_EMP_TEMP_SEX_OCU_NB(1.0),EGY,A,EMP_TEMP_NB,SEX_T,OCU_SKILL_L2,2002,11121.1,,NB,PS,3,LFS - Labour Force Sample Survey,Data reference period: Incomplete year | Population coverage: Excluding armed forces and/or conscripts | Age coverage - maximum age: 64 years old,,,1,,
ILO:DF_EMP_TEMP_SEX_OCU_NB(1.0),EGY,A,EMP_TEMP_NB,SEX_T,OCU_SKILL_L1,2002,400.5,,NB,PS,3,LFS - Labour Force Sample Survey,Data reference period: Incomplete year | Population coverage: Excluding armed forces and/or conscripts | Age coverage - maximum age: 64 years old,,,1,,
ILO:DF_EMP_TEMP_SEX_OCU_NB(1.0),EGY,A,EMP_TEMP_NB,SEX_T,OCU_ISCO88_TOTAL,2002,17856.2,,NB,PS,3,LFS - Labour Force Sample Survey,Data reference period: Incomplete year | Population coverage: Excluding armed forces and/or conscripts | Age coverage - maximum age: 64 years old,,,1,,
ILO:DF_EMP_TEMP_SEX_OCU_NB(1.0),EGY,A,EMP_TEMP_NB,SEX_T,OCU_ISCO88_1,2002,1998.5,,NB,PS,3,LFS - Labour Force Sample Survey,Data reference period: Incomplete year | Population coverage: Excluding armed forces and/or conscripts | Age coverage - maximum age: 64 years old,,,1,,
ILO:DF_EMP_TEMP_SEX_OCU_NB(1.0),EGY,A,EMP_TEMP_NB,SEX_T,OCU_ISCO88_2,2002,2687.5,,NB,PS,3,LFS - Labour Force Sample Survey,Data reference period: Incomplete year | Population coverage: Excluding armed forces and/or conscripts | Age coverage - maximum age: 64 years old,,,1,,
ILO:DF_EMP_TEMP_SEX_OCU_NB(1.0),EGY,A,EMP_TEMP_NB,SEX_T,OCU_ISCO88_3,2002,1648.4,,NB,PS,3,LFS - Labour Force Sample Survey,Data reference period: Incomplete year | Population coverage: Excluding armed forces and/or conscripts | Age coverage - maximum age: 64 years old,,,1,,
ILO:DF_EMP_TEMP_SEX_OCU_NB(1.0),EGY,A,EMP_TEMP_NB,SEX_T,OCU_ISCO88_4,2002,1068.4,,NB,PS,3,LFS - Labour Force Sample Survey,Data reference period: Incomplete year | Population coverage: Excluding armed forces and/or conscripts | Age coverage - maximum age: 64 years old,,,1,,
ILO:DF_EMP_TEMP_SEX_OCU_NB(1.0),EGY,A,EMP_TEMP_NB,SEX_T,OCU_ISCO88_5,2002,1778.4,,NB,PS,3,LFS - Labour Force Sample Survey,Data reference period: Incomplete year | Population coverage: Excluding armed forces and/or conscripts | Age coverage - maximum age: 64 years old,,,1,,
ILO:DF_EMP_TEMP_SEX_OCU_NB(1.0),EGY,A,EMP_TEMP_NB,SEX_T,OCU_ISCO88_6,2002,4723.7,,NB,PS,3,LFS - Labour Force Sample Survey,Data reference period: Incomplete year | Population coverage: Excluding armed forces and/or conscripts | Age coverage - maximum age: 64 years old,,,1,,
ILO:DF_EMP_TEMP_SEX_OCU_NB(1.0),EGY,A,EMP_TEMP_NB,SEX_T,OCU_ISCO88_7,2002,2399.6,,NB,PS,3,LFS - Labour Force Sample Survey,Data reference period: Incomplete year | Population coverage: Excluding armed forces and/or conscripts | Age coverage - maximum age: 64 years old,,,1,,
ILO:DF_EMP_TEMP_SEX_OCU_NB(1.0),EGY,A,EMP_TEMP_NB,SEX_T,OCU_ISCO88_8,2002,1151,,NB,PS,3,LFS - Labour Force Sample Survey,Data reference period: Incomplete year | Population coverage: Excluding armed forces and/or conscripts | Age coverage - maximum age: 64 years old,,,1,,
ILO:DF_EMP_TEMP_SEX_OCU_NB(1.0),EGY,A,EMP_TEMP_NB,SEX_T,OCU_ISCO88_9,2002,400.5,,NB,PS,3,LFS - Labour Force Sample Survey,Data reference period: Incomplete year | Population coverage: Excluding armed forces and/or conscripts | Age coverage - maximum age: 64 years old,,,1,,
ILO:DF_EMP_TEMP_SEX_OCU_NB(1.0),EGY,A,EMP_TEMP_NB,SEX_T,OCU_ISCO88_X,2002,,U,NB,PS,3,LFS - Labour Force Sample Survey,Data reference period: Incomplete year | Population coverage: Excluding armed forces and/or conscripts | Age coverage - maximum age: 64 years old,,,1,,
ILO:DF_EMP_TEMP_SEX_OCU_NB(1.0),EGY,A,EMP_TEMP_NB,SEX_T,OCU_SKILL_TOTAL,2003,18118.6,,NB,PS,3,LFS - Labour Force Sample Survey,Data reference period: Incomplete year | Population coverage: Excluding armed forces and/or conscripts | Age coverage - maximum age: 64 years old,,,1,,
ILO:DF_EMP_TEMP_SEX_OCU_NB(1.0),EGY,A,EMP_TEMP_NB,SEX_T,OCU_SKILL_L3-4,2003,6352.8,,NB,PS,3,LFS - Labour Force Sample Survey,Data reference period: Incomplete year | Population coverage: Excluding armed forces and/or conscripts | Age coverage - maximum age: 64 years old,,,1,,
ILO:DF_EMP_TEMP_SEX_OCU_NB(1.0),EGY,A,EMP_TEMP_NB,SEX_T,OCU_SKILL_L2,2003,11347.7,,NB,PS,3,LFS - Labour Force Sample Survey,Data reference period: Incomplete year | Population coverage: Excluding armed forces and/or conscripts | Age coverage - maximum age: 64 years old,,,1,,
ILO:DF_EMP_TEMP_SEX_OCU_NB(1.0),EGY,A,EMP_TEMP_NB,SEX_T,OCU_SKILL_L1,2003,418.1,,NB,PS,3,LFS - Labour Force Sample Survey,Data reference period: Incomplete year | Population coverage: Excluding armed forces and/or conscripts | Age coverage - maximum age: 64 years old,,,1,,
ILO:DF_EMP_TEMP_SEX_OCU_NB(1.0),EGY,A,EMP_TEMP_NB,SEX_T,OCU_ISCO88_TOTAL,2003,18118.6,,NB,PS,3,LFS - Labour Force Sample Survey,Data reference period: Incomplete year | Population coverage: Excluding armed forces and/or conscripts | Age coverage - maximum age: 64 years old,,,1,,
ILO:DF_EMP_TEMP_SEX_OCU_NB(1.0),EGY,A,EMP_TEMP_NB,SEX_T,OCU_ISCO88_1,2003,2009.5,,NB,PS,3,LFS - Labour Force Sample Survey,Data reference period: Incomplete year | Population coverage: Excluding armed forces and/or conscripts | Age coverage - maximum age: 64 years old,,,1,,
ILO:DF_EMP_TEMP_SEX_OCU_NB(1.0),EGY,A,EMP_TEMP_NB,SEX_T,OCU_ISCO88_2,2003,2713.3,,NB,PS,3,LFS - Labour Force Sample Survey,Data reference period: Incomplete year | Population coverage: Excluding armed forces and/or conscripts | Age coverage - maximum age: 64 years old,,,1,,
ILO:DF_EMP_TEMP_SEX_OCU_NB(1.0),EGY,A,EMP_TEMP_NB,SEX_T,OCU_ISCO88_3,2003,1630,,NB,PS,3,LFS - Labour Force Sample Survey,Data reference period: Incomplete year | Population coverage: Excluding armed forces and/or conscripts | Age coverage - maximum age: 64 years old,,,1,,
ILO:DF_EMP_TEMP_SEX_OCU_NB(1.0),EGY,A,EMP_TEMP_NB,SEX_T,OCU_ISCO88_4,2003,1007.1,,NB,PS,3,LFS - Labour Force Sample Survey,Data reference period: Incomplete year | Population coverage: Excluding armed forces and/or conscripts | Age coverage - maximum age: 64 years old,,,1,,
ILO:DF_EMP_TEMP_SEX_OCU_NB(1.0),EGY,A,EMP_TEMP_NB,SEX_T,OCU_ISCO88_5,2003,1702.1,,NB,PS,3,LFS - Labour Force Sample Survey,Data reference period: Incomplete year | Population coverage: Excluding armed forces and/or conscripts | Age coverage - maximum age: 64 years old,,,1,,
ILO:DF_EMP_TEMP_SEX_OCU_NB(1.0),EGY,A,EMP_TEMP_NB,SEX_T,OCU_ISCO88_6,2003,5237.2,,NB,PS,3,LFS - Labour Force Sample Survey,Data reference period: Incomplete year | Population coverage: Excluding armed forces and/or conscripts | Age coverage - maximum age: 64 years old,,,1,,
ILO:DF_EMP_TEMP_SEX_OCU_NB(1.0),EGY,A,EMP_TEMP_NB,SEX_T,OCU_ISCO88_7,2003,2246.8,,NB,PS,3,LFS - Labour Force Sample Survey,Data reference period: Incomplete year | Population coverage: Excluding armed forces and/or conscripts | Age coverage - maximum age: 64 years old,,,1,,
ILO:DF_EMP_TEMP_SEX_OCU_NB(1.0),EGY,A,EMP_TEMP_NB,SEX_T,OCU_ISCO88_8,2003,1154.5,,NB,PS,3,LFS - Labour Force Sample Survey,Data reference period: Incomplete year | Population coverage: Excluding armed forces and/or conscripts | Age coverage - maximum age: 64 years old,,,1,,
ILO:DF_EMP_TEMP_SEX_OCU_NB(1.0),EGY,A,EMP_TEMP_NB,SEX_T,OCU_ISCO88_9,2003,418.1,,NB,PS,3,LFS - Labour Force Sample Survey,Data reference period: Incomplete year | Population coverage: Excluding armed forces and/or conscripts | Age coverage - maximum age: 64 years old,,,1,,
ILO:DF_EMP_TEMP_SEX_OCU_NB(1.0),EGY,A,EMP_TEMP_NB,SEX_T,OCU_ISCO88_X,2003,,U,NB,PS,3,LFS - Labour Force Sample Survey,Data reference period: Incomplete year | Population coverage: Excluding armed forces and/or conscripts | Age coverage - maximum age: 64 years old,,,1,,
ILO:DF_EMP_TEMP_SEX_OCU_NB(1.0),EGY,A,EMP_TEMP_NB,SEX_T,OCU_SKILL_TOTAL,2004,18717.4,,NB,PS,3,LFS - Labour Force Sample Survey,Data reference period: Incomplete year | Population coverage: Excluding armed forces and/or conscripts | Age coverage - maximum age: 64 years old,,,1,,
ILO:DF_EMP_TEMP_SEX_OCU_NB(1.0),EGY,A,EMP_TEMP_NB,SEX_T,OCU_SKILL_L3-4,2004,6223.4,,NB,PS,3,LFS - Labour Force Sample Survey,Data reference period: Incomplete year | Population coverage: Excluding armed forces and/or conscripts | Age coverage - maximum age: 64 years old,,,1,,
ILO:DF_EMP_TEMP_SEX_OCU_NB(1.0),EGY,A,EMP_TEMP_NB,SEX_T,OCU_SKILL_L2,2004,11971,,NB,PS,3,LFS - Labour Force Sample Survey,Data reference period: Incomplete year | Population coverage: Excluding armed forces and/or conscripts | Age coverage - maximum age: 64 years old,,,1,,
ILO:DF_EMP_TEMP_SEX_OCU_NB(1.0),EGY,A,EMP_TEMP_NB,SEX_T,OCU_SKILL_L1,2004,523,,NB,PS,3,LFS - Labour Force Sample Survey,Data reference period: Incomplete year | Population coverage: Excluding armed forces and/or conscripts | Age coverage - maximum age: 64 years old,,,1,,
ILO:DF_EMP_TEMP_SEX_OCU_NB(1.0),EGY,A,EMP_TEMP_NB,SEX_T,OCU_ISCO88_TOTAL,2004,18717.4,,NB,PS,3,LFS - Labour Force Sample Survey,Data reference period: Incomplete year | Population coverage: Excluding armed forces and/or conscripts | Age coverage - maximum age: 64 years old,,,1,,
ILO:DF_EMP_TEMP_SEX_OCU_NB(1.0),EGY,A,EMP_TEMP_NB,SEX_T,OCU_ISCO88_1,2004,1976.8,,NB,PS,3,LFS - Labour Force Sample Survey,Data reference period: Incomplete year | Population coverage: Excluding armed forces and/or conscripts | Age coverage - maximum age: 64 years old,,,1,,
ILO:DF_EMP_TEMP_SEX_OCU_NB(1.0),EGY,A,EMP_TEMP_NB,SEX_T,OCU_ISCO88_2,2004,2532.5,,NB,PS,3,LFS - Labour Force Sample Survey,Data reference period: Incomplete year | Population coverage: Excluding armed forces and/or conscripts | Age coverage - maximum age: 64 years old,,,1,,
ILO:DF_EMP_TEMP_SEX_OCU_NB(1.0),EGY,A,EMP_TEMP_NB,SEX_T,OCU_ISCO88_3,2004,1714.1,,NB,PS,3,LFS - Labour Force Sample Survey,Data reference period: Incomplete year | Population coverage: Excluding armed forces and/or conscripts | Age coverage - maximum age: 64 years old,,,1,,
ILO:DF_EMP_TEMP_SEX_OCU_NB(1.0),EGY,A,EMP_TEMP_NB,SEX_T,OCU_ISCO88_4,2004,914.9,,NB,PS,3,LFS - Labour Force Sample Survey,Data reference period: Incomplete year | Population coverage: Excluding armed forces and/or conscripts | Age coverage - maximum age: 64 years old,,,1,,
ILO:DF_EMP_TEMP_SEX_OCU_NB(1.0),EGY,A,EMP_TEMP_NB,SEX_T,OCU_ISCO88_5,2004,1711.9,,NB,PS,3,LFS - Labour Force Sample Survey,Data reference period: Incomplete year | Population coverage: Excluding armed forces and/or conscripts | Age coverage - maximum age: 64 years old,,,1,,
ILO:DF_EMP_TEMP_SEX_OCU_NB(1.0),EGY,A,EMP_TEMP_NB,SEX_T,OCU_ISCO88_6,2004,5815,,NB,PS,3,LFS - Labour Force Sample Survey,Data reference period: Incomplete year | Population coverage: Excluding armed forces and/or conscripts | Age coverage - maximum age: 64 years old,,,1,,
ILO:DF_EMP_TEMP_SEX_OCU_NB(1.0),EGY,A,EMP_TEMP_NB,SEX_T,OCU_ISCO88_7,2004,2305.5,,NB,PS,3,LFS - Labour Force Sample Survey,Data reference period: Incomplete year | Population coverage: Excluding armed forces and/or conscripts | Age coverage - maximum age: 64 years old,,,1,,
ILO:DF_EMP_TEMP_SEX_OCU_NB(1.0),EGY,A,EMP_TEMP_NB,SEX_T,OCU_ISCO88_8,2004,1223.7,,NB,PS,3,LFS - Labour Force Sample Survey,Data reference period: Incomplete year | Population coverage: Excluding armed forces and/or conscripts | Age coverage - maximum age: 64 years old,,,1,,
ILO:DF_EMP_TEMP_SEX_OCU_NB(1.0),EGY,A,EMP_TEMP_NB,SEX_T,OCU_ISCO88_9,2004,523,,NB,PS,3,LFS - Labour Force Sample Survey,Data reference period: Incomplete year | Population coverage: Excluding armed forces and/or conscripts | Age coverage - maximum age: 64 years old,,,1,,
ILO:DF_EMP_TEMP_SEX_OCU_NB(1.0),EGY,A,EMP_TEMP_NB,SEX_T,OCU_ISCO88_X,2004,,U,NB,PS,3,LFS - Labour Force Sample Survey,Data reference period: Incomplete year | Population coverage: Excluding armed forces and/or conscripts | Age coverage - maximum age: 64 years old,,,1,,
ILO:DF_EMP_TEMP_SEX_OCU_NB(1.0),EGY,A,EMP_TEMP_NB,SEX_T,OCU_SKILL_TOTAL,2005,19341.7,,NB,PS,3,LFS - Labour Force Sample Survey,Data reference period: Incomplete year | Population coverage: Excluding armed forces and/or conscripts | Age coverage - maximum age: 64 years old,,,1,,
ILO:DF_EMP_TEMP_SEX_OCU_NB(1.0),EGY,A,EMP_TEMP_NB,SEX_T,OCU_SKILL_L3-4,2005,6028.2,,NB,PS,3,LFS - Labour Force Sample Survey,Data reference period: Incomplete year | Population coverage: Excluding armed forces and/or conscripts | Age coverage - maximum age: 64 years old,,,1,,
ILO:DF_EMP_TEMP_SEX_OCU_NB(1.0),EGY,A,EMP_TEMP_NB,SEX_T,OCU_SKILL_L2,2005,12612.3,,NB,PS,3,LFS - Labour Force Sample Survey,Data reference period: Incomplete year | Population coverage: Excluding armed forces and/or conscripts | Age coverage - maximum age: 64 years old,,,1,,
ILO:DF_EMP_TEMP_SEX_OCU_NB(1.0),EGY,A,EMP_TEMP_NB,SEX_T,OCU_SKILL_L1,2005,677.8,,NB,PS,3,LFS - Labour Force Sample Survey,Data reference period: Incomplete year | Population coverage: Excluding armed forces and/or conscripts | Age coverage - maximum age: 64 years old,,,1,,
ILO:DF_EMP_TEMP_SEX_OCU_NB(1.0),EGY,A,EMP_TEMP_NB,SEX_T,OCU_ISCO88_TOTAL,2005,19341.7,,NB,PS,3,LFS - Labour Force Sample Survey,Data reference period: Incomplete year | Population coverage: Excluding armed forces and/or conscripts | Age coverage - maximum age: 64 years old,,,1,,
ILO:DF_EMP_TEMP_SEX_OCU_NB(1.0),EGY,A,EMP_TEMP_NB,SEX_T,OCU_ISCO88_1,2005,1723.3,,NB,PS,3,LFS - Labour Force Sample Survey,Data reference period: Incomplete year | Population coverage: Excluding armed forces and/or conscripts | Age coverage - maximum age: 64 years old,,,1,,
ILO:DF_EMP_TEMP_SEX_OCU_NB(1.0),EGY,A,EMP_TEMP_NB,SEX_T,OCU_ISCO88_2,2005,2604.6,,NB,PS,3,LFS - Labour Force Sample Survey,Data reference period: Incomplete year | Population coverage: Excluding armed forces and/or conscripts | Age coverage - maximum age: 64 years old,,,1,,
ILO:DF_EMP_TEMP_SEX_OCU_NB(1.0),EGY,A,EMP_TEMP_NB,SEX_T,OCU_ISCO88_3,2005,1700.3,,NB,PS,3,LFS - Labour Force Sample Survey,Data reference period: Incomplete year | Population coverage: Excluding armed forces and/or conscripts | Age coverage - maximum age: 64 years old,,,1,,
ILO:DF_EMP_TEMP_SEX_OCU_NB(1.0),EGY,A,EMP_TEMP_NB,SEX_T,OCU_ISCO88_4,2005,728.6,,NB,PS,3,LFS - Labour Force Sample Survey,Data reference period: Incomplete year | Population coverage: Excluding armed forces and/or conscripts | Age coverage - maximum age: 64 years old,,,1,,
ILO:DF_EMP_TEMP_SEX_OCU_NB(1.0),EGY,A,EMP_TEMP_NB,SEX_T,OCU_ISCO88_5,2005,1888.2,,NB,PS,3,LFS - Labour Force Sample Survey,Data reference period: Incomplete year | Population coverage: Excluding armed forces and/or conscripts | Age coverage - maximum age: 64 years old,,,1,,
ILO:DF_EMP_TEMP_SEX_OCU_NB(1.0),EGY,A,EMP_TEMP_NB,SEX_T,OCU_ISCO88_6,2005,5824,,NB,PS,3,LFS - Labour Force Sample Survey,Data reference period: Incomplete year | Population coverage: Excluding armed forces and/or conscripts | Age coverage - maximum age: 64 years old,,,1,,
ILO:DF_EMP_TEMP_SEX_OCU_NB(1.0),EGY,A,EMP_TEMP_NB,SEX_T,OCU_ISCO88_7,2005,2758.4,,NB,PS,3,LFS - Labour Force Sample Survey,Data reference period: Incomplete year | Population coverage: Excluding armed forces and/or conscripts | Age coverage - maximum age: 64 years old,,,1,,
ILO:DF_EMP_TEMP_SEX_OCU_NB(1.0),EGY,A,EMP_TEMP_NB,SEX_T,OCU_ISCO88_8,2005,1413.1,,NB,PS,3,LFS - Labour Force Sample Survey,Data reference period: Incomplete year | Population coverage: Excluding armed forces and/or conscripts | Age coverage - maximum age: 64 years old,,,1,,
ILO:DF_EMP_TEMP_SEX_OCU_NB(1.0),EGY,A,EMP_TEMP_NB,SEX_T,OCU_ISCO88_9,2005,677.8,,NB,PS,3,LFS - Labour Force Sample Survey,Data reference period: Incomplete year | Population coverage: Excluding armed forces and/or conscripts | Age coverage - maximum age: 64 years old,,,1,,
ILO:DF_EMP_TEMP_SEX_OCU_NB(1.0),EGY,A,EMP_TEMP_NB,SEX_T,OCU_ISCO88_X,2005,23.4,,NB,PS,3,LFS - Labour Force Sample Survey,Data reference period: Incomplete year | Population coverage: Excluding armed forces and/or conscripts | Age coverage - maximum age: 64 years old,,,1,,
ILO:DF_EMP_TEMP_SEX_OCU_NB(1.0),EGY,A,EMP_TEMP_NB,SEX_T,OCU_SKILL_TOTAL,2006,20443.6,,NB,PS,3,LFS - Labour Force Sample Survey,Data reference period: Incomplete year | Population coverage: Excluding armed forces and/or conscripts | Age coverage - maximum age: 64 years old,,,1,,
ILO:DF_EMP_TEMP_SEX_OCU_NB(1.0),EGY,A,EMP_TEMP_NB,SEX_T,OCU_SKILL_L3-4,2006,6073,,NB,PS,3,LFS - Labour Force Sample Survey,Data reference period: Incomplete year | Population coverage: Excluding armed forces and/or conscripts | Age coverage - maximum age: 64 years old,,,1,,
ILO:DF_EMP_TEMP_SEX_OCU_NB(1.0),EGY,A,EMP_TEMP_NB,SEX_T,OCU_SKILL_L2,2006,13593.3,,NB,PS,3,LFS - Labour Force Sample Survey,Data reference period: Incomplete year | Population coverage: Excluding armed forces and/or conscripts | Age coverage - maximum age: 64 years old,,,1,,
ILO:DF_EMP_TEMP_SEX_OCU_NB(1.0),EGY,A,EMP_TEMP_NB,SEX_T,OCU_SKILL_L1,2006,742.9,,NB,PS,3,LFS - Labour Force Sample Survey,Data reference period: Incomplete year | Population coverage: Excluding armed forces and/or conscripts | Age coverage - maximum age: 64 years old,,,1,,
ILO:DF_EMP_TEMP_SEX_OCU_NB(1.0),EGY,A,EMP_TEMP_NB,SEX_T,OCU_ISCO88_TOTAL,2006,20443.6,,NB,PS,3,LFS - Labour Force Sample Survey,Data reference period: Incomplete year | Population coverage: Excluding armed forces and/or conscripts | Age coverage - maximum age: 64 years old,,,1,,
ILO:DF_EMP_TEMP_SEX_OCU_NB(1.0),EGY,A,EMP_TEMP_NB,SEX_T,OCU_ISCO88_1,2006,1593.9,,NB,PS,3,LFS - Labour Force Sample Survey,Data reference period: Incomplete year | Population coverage: Excluding armed forces and/or conscripts | Age coverage - maximum age: 64 years old,,,1,,
ILO:DF_EMP_TEMP_SEX_OCU_NB(1.0),EGY,A,EMP_TEMP_NB,SEX_T,OCU_ISCO88_2,2006,2688.2,,NB,PS,3,LFS - Labour Force Sample Survey,Data reference period: Incomplete year | Population coverage: Excluding armed forces and/or conscripts | Age coverage - maximum age: 64 years old,,,1,,
ILO:DF_EMP_TEMP_SEX_OCU_NB(1.0),EGY,A,EMP_TEMP_NB,SEX_T,OCU_ISCO88_3,2006,1790.9,,NB,PS,3,LFS - Labour Force Sample Survey,Data reference period: Incomplete year | Population coverage: Excluding armed forces and/or conscripts | Age coverage - maximum age: 64 years old,,,1,,
ILO:DF_EMP_TEMP_SEX_OCU_NB(1.0),EGY,A,EMP_TEMP_NB,SEX_T,OCU_ISCO88_4,2006,694.4,,NB,PS,3,LFS - Labour Force Sample Survey,Data reference period: Incomplete year | Population coverage: Excluding armed forces and/or conscripts | Age coverage - maximum age: 64 years old,,,1,,
ILO:DF_EMP_TEMP_SEX_OCU_NB(1.0),EGY,A,EMP_TEMP_NB,SEX_T,OCU_ISCO88_5,2006,2053.6,,NB,PS,3,LFS - Labour Force Sample Survey,Data reference period: Incomplete year | Population coverage: Excluding armed forces and/or conscripts | Age coverage - maximum age: 64 years old,,,1,,
ILO:DF_EMP_TEMP_SEX_OCU_NB(1.0),EGY,A,EMP_TEMP_NB,SEX_T,OCU_ISCO88_6,2006,6217.5,,NB,PS,3,LFS - Labour Force Sample Survey,Data reference period: Incomplete year | Population coverage: Excluding armed forces and/or conscripts | Age coverage - maximum age: 64 years old,,,1,,
ILO:DF_EMP_TEMP_SEX_OCU_NB(1.0),EGY,A,EMP_TEMP_NB,SEX_T,OCU_ISCO88_7,2006,3104.7,,NB,PS,3,LFS - Labour Force Sample Survey,Data reference period: Incomplete year | Population coverage: Excluding armed forces and/or conscripts | Age coverage - maximum age: 64 years old,,,1,,
ILO:DF_EMP_TEMP_SEX_OCU_NB(1.0),EGY,A,EMP_TEMP_NB,SEX_T,OCU_ISCO88_8,2006,1523.1,,NB,PS,3,LFS - Labour Force Sample Survey,Data reference period: Incomplete year | Population coverage: Excluding armed forces and/or conscripts | Age coverage - maximum age: 64 years old,,,1,,
ILO:DF_EMP_TEMP_SEX_OCU_NB(1.0),EGY,A,EMP_TEMP_NB,SEX_T,OCU_ISCO88_9,2006,742.9,,NB,PS,3,LFS - Labour Force Sample Survey,Data reference period: Incomplete year | Population coverage: Excluding armed forces and/or conscripts | Age coverage - maximum age: 64 years old,,,1,,
ILO:DF_EMP_TEMP_SEX_OCU_NB(1.0),EGY,A,EMP_TEMP_NB,SEX_T,OCU_ISCO88_X,2006,34.4,,NB,PS,3,LFS - Labour Force Sample Survey,Data reference period: Incomplete year | Population coverage: Excluding armed forces and/or conscripts | Age coverage - maximum age: 64 years old,,,1,,
ILO:DF_EMP_TEMP_SEX_OCU_NB(1.0),EGY,A,EMP_TEMP_NB,SEX_T,OCU_SKILL_TOTAL,2007,21723.8,,NB,PS,3,LFS - Labour Force Sample Survey,Data reference period: Incomplete year | Population coverage: Excluding armed forces and/or conscripts | Age coverage - maximum age: 64 years old,,,1,,
ILO:DF_EMP_TEMP_SEX_OCU_NB(1.0),EGY,A,EMP_TEMP_NB,SEX_T,OCU_SKILL_L3-4,2007,6574.3,,NB,PS,3,LFS - Labour Force Sample Survey,Data reference period: Incomplete year | Population coverage: Excluding armed forces and/or conscripts | Age coverage - maximum age: 64 years old,,,1,,
ILO:DF_EMP_TEMP_SEX_OCU_NB(1.0),EGY,A,EMP_TEMP_NB,SEX_T,OCU_SKILL_L2,2007,14358.2,,NB,PS,3,LFS - Labour Force Sample Survey,Data reference period: Incomplete year | Population coverage: Excluding armed forces and/or conscripts | Age coverage - maximum age: 64 years old,,,1,,
ILO:DF_EMP_TEMP_SEX_OCU_NB(1.0),EGY,A,EMP_TEMP_NB,SEX_T,OCU_SKILL_L1,2007,765.2,,NB,PS,3,LFS - Labour Force Sample Survey,Data reference period: Incomplete year | Population coverage: Excluding armed forces and/or conscripts | Age coverage - maximum age: 64 years old,,,1,,
ILO:DF_EMP_TEMP_SEX_OCU_NB(1.0),EGY,A,EMP_TEMP_NB,SEX_T,OCU_ISCO88_TOTAL,2007,21723.8,,NB,PS,3,LFS - Labour Force Sample Survey,Data reference period: Incomplete year | Population coverage: Excluding armed forces and/or conscripts | Age coverage - maximum age: 64 years old,,,1,,
ILO:DF_EMP_TEMP_SEX_OCU_NB(1.0),EGY,A,EMP_TEMP_NB,SEX_T,OCU_ISCO88_1,2007,1780.3,,NB,PS,3,LFS - Labour Force Sample Survey,Data reference period: Incomplete year | Population coverage: Excluding armed forces and/or conscripts | Age coverage - maximum age: 64 years old,,,1,,
ILO:DF_EMP_TEMP_SEX_OCU_NB(1.0),EGY,A,EMP_TEMP_NB,SEX_T,OCU_ISCO88_2,2007,2822.1,,NB,PS,3,LFS - Labour Force Sample Survey,Data reference period: Incomplete year | Population coverage: Excluding armed forces and/or conscripts | Age coverage - maximum age: 64 years old,,,1,,
ILO:DF_EMP_TEMP_SEX_OCU_NB(1.0),EGY,A,EMP_TEMP_NB,SEX_T,OCU_ISCO88_3,2007,1971.9,,NB,PS,3,LFS - Labour Force Sample Survey,Data reference period: Incomplete year | Population coverage: Excluding armed forces and/or conscripts | Age coverage - maximum age: 64 years old,,,1,,
ILO:DF_EMP_TEMP_SEX_OCU_NB(1.0),EGY,A,EMP_TEMP_NB,SEX_T,OCU_ISCO88_4,2007,677.4,,NB,PS,3,LFS - Labour Force Sample Survey,Data reference period: Incomplete year | Population coverage: Excluding armed forces and/or conscripts | Age coverage - maximum age: 64 years old,,,1,,
ILO:DF_EMP_TEMP_SEX_OCU_NB(1.0),EGY,A,EMP_TEMP_NB,SEX_T,OCU_ISCO88_5,2007,2074.6,,NB,PS,3,LFS - Labour Force Sample Survey,Data reference period: Incomplete year | Population coverage: Excluding armed forces and/or conscripts | Age coverage - maximum age: 64 years old,,,1,,
ILO:DF_EMP_TEMP_SEX_OCU_NB(1.0),EGY,A,EMP_TEMP_NB,SEX_T,OCU_ISCO88_6,2007,6723.2,,NB,PS,3,LFS - Labour Force Sample Survey,Data reference period: Incomplete year | Population coverage: Excluding armed forces and/or conscripts | Age coverage - maximum age: 64 years old,,,1,,
ILO:DF_EMP_TEMP_SEX_OCU_NB(1.0),EGY,A,EMP_TEMP_NB,SEX_T,OCU_ISCO88_7,2007,3335.1,,NB,PS,3,LFS - Labour Force Sample Survey,Data reference period: Incomplete year | Population coverage: Excluding armed forces and/or conscripts | Age coverage - maximum age: 64 years old,,,1,,
ILO:DF_EMP_TEMP_SEX_OCU_NB(1.0),EGY,A,EMP_TEMP_NB,SEX_T,OCU_ISCO88_8,2007,1547.9,,NB,PS,3,LFS - Labour Force Sample Survey,Data reference period: Incomplete year | Population coverage: Excluding armed forces and/or conscripts | Age coverage - maximum age: 64 years old,,,1,,
ILO:DF_EMP_TEMP_SEX_OCU_NB(1.0),EGY,A,EMP_TEMP_NB,SEX_T,OCU_ISCO88_9,2007,765.2,,NB,PS,3,LFS - Labour Force Sample Survey,Data reference period: Incomplete year | Population coverage: Excluding armed forces and/or conscripts | Age coverage - maximum age: 64 years old,,,1,,
ILO:DF_EMP_TEMP_SEX_OCU_NB(1.0),EGY,A,EMP_TEMP_NB,SEX_T,OCU_ISCO88_X,2007,25.6,,NB,PS,3,LFS - Labour Force Sample Survey,Data reference period: Incomplete year | Population coverage: Excluding armed forces and/or conscripts | Age coverage - maximum age: 64 years old,,,1,,
ILO:DF_EMP_TEMP_SEX_OCU_NB(1.0),EGY,A,EMP_TEMP_NB,SEX_T,OCU_SKILL_TOTAL,2009,22975.292,,NB,PS,3,LFS - Labour Force Sample Survey,Repository: ILO-STATISTICS - Micro data processing,,,1,,
ILO:DF_EMP_TEMP_SEX_OCU_NB(1.0),EGY,A,EMP_TEMP_NB,SEX_T,OCU_SKILL_L3-4,2009,6163.886,,NB,PS,3,LFS - Labour Force Sample Survey,Repository: ILO-STATISTICS - Micro data processing,,,1,,
ILO:DF_EMP_TEMP_SEX_OCU_NB(1.0),EGY,A,EMP_TEMP_NB,SEX_T,OCU_SKILL_L2,2009,15038.133,,NB,PS,3,LFS - Labour Force Sample Survey,Repository: ILO-STATISTICS - Micro data processing,,,1,,
ILO:DF_EMP_TEMP_SEX_OCU_NB(1.0),EGY,A,EMP_TEMP_NB,SEX_T,OCU_SKILL_L1,2009,1747.955,,NB,PS,3,LFS - Labour Force Sample Survey,Repository: ILO-STATISTICS - Micro data processing,,,1,,
ILO:DF_EMP_TEMP_SEX_OCU_NB(1.0),EGY,A,EMP_TEMP_NB,SEX_T,OCU_SKILL_X,2009,25.319,,NB,PS,3,LFS - Labour Force Sample Survey,Repository: ILO-STATISTICS - Micro data processing,,,1,,
ILO:DF_EMP_TEMP_SEX_OCU_NB(1.0),EGY,A,EMP_TEMP_NB,SEX_T,OCU_ISCO08_TOTAL,2009,22975.292,,NB,PS,3,LFS - Labour Force Sample Survey,Repository: ILO-STATISTICS - Micro data processing,,,1,,
ILO:DF_EMP_TEMP_SEX_OCU_NB(1.0),EGY,A,EMP_TEMP_NB,SEX_T,OCU_ISCO08_1,2009,1288.861,,NB,PS,3,LFS - Labour Force Sample Survey,Repository: ILO-STATISTICS - Micro data processing,,,1,,
ILO:DF_EMP_TEMP_SEX_OCU_NB(1.0),EGY,A,EMP_TEMP_NB,SEX_T,OCU_ISCO08_2,2009,3019.111,,NB,PS,3,LFS - Labour Force Sample Survey,Repository: ILO-STATISTICS - Micro data processing,,,1,,
ILO:DF_EMP_TEMP_SEX_OCU_NB(1.0),EGY,A,EMP_TEMP_NB,SEX_T,OCU_ISCO08_3,2009,1855.914,,NB,PS,3,LFS - Labour Force Sample Survey,Repository: ILO-STATISTICS - Micro data processing,,,1,,
ILO:DF_EMP_TEMP_SEX_OCU_NB(1.0),EGY,A,EMP_TEMP_NB,SEX_T,OCU_ISCO08_4,2009,769.641,,NB,PS,3,LFS - Labour Force Sample Survey,Repository: ILO-STATISTICS - Micro data processing,,,1,,
ILO:DF_EMP_TEMP_SEX_OCU_NB(1.0),EGY,A,EMP_TEMP_NB,SEX_T,OCU_ISCO08_5,2009,1738.554,,NB,PS,3,LFS - Labour Force Sample Survey,Repository: ILO-STATISTICS - Micro data processing,,,1,,
ILO:DF_EMP_TEMP_SEX_OCU_NB(1.0),EGY,A,EMP_TEMP_NB,SEX_T,OCU_ISCO08_6,2009,6628.863,,NB,PS,3,LFS - Labour Force Sample Survey,Repository: ILO-STATISTICS - Micro data processing,,,1,,
ILO:DF_EMP_TEMP_SEX_OCU_NB(1.0),EGY,A,EMP_TEMP_NB,SEX_T,OCU_ISCO08_7,2009,3907.814,,NB,PS,3,LFS - Labour Force Sample Survey,Repository: ILO-STATISTICS - Micro data processing,,,1,,
ILO:DF_EMP_TEMP_SEX_OCU_NB(1.0),EGY,A,EMP_TEMP_NB,SEX_T,OCU_ISCO08_8,2009,1993.261,,NB,PS,3,LFS - Labour Force Sample Survey,Repository: ILO-STATISTICS - Micro data processing,,,1,,
ILO:DF_EMP_TEMP_SEX_OCU_NB(1.0),EGY,A,EMP_TEMP_NB,SEX_T,OCU_ISCO08_9,2009,1747.955,,NB,PS,3,LFS - Labour Force Sample Survey,Repository: ILO-STATISTICS - Micro data processing,,,1,,
ILO:DF_EMP_TEMP_SEX_OCU_NB(1.0),EGY,A,EMP_TEMP_NB,SEX_T,OCU_ISCO08_0,2009,25.319,,NB,PS,3,LFS - Labour Force Sample Survey,Repository: ILO-STATISTICS - Micro data processing,,,1,,
ILO:DF_EMP_TEMP_SEX_OCU_NB(1.0),EGY,A,EMP_TEMP_NB,SEX_T,OCU_SKILL_TOTAL,2010,23829.005,,NB,PS,3,LFS - Labour Force Sample Survey,Repository: ILO-STATISTICS - Micro data processing,,,1,,
ILO:DF_EMP_TEMP_SEX_OCU_NB(1.0),EGY,A,EMP_TEMP_NB,SEX_T,OCU_SKILL_L3-4,2010,6356.772,,NB,PS,3,LFS - Labour Force Sample Survey,Repository: ILO-STATISTICS - Micro data processing,,,1,,
ILO:DF_EMP_TEMP_SEX_OCU_NB(1.0),EGY,A,EMP_TEMP_NB,SEX_T,OCU_SKILL_L2,2010,15667.195,,NB,PS,3,LFS - Labour Force Sample Survey,Repository: ILO-STATISTICS - Micro data processing,,,1,,
ILO:DF_EMP_TEMP_SEX_OCU_NB(1.0),EGY,A,EMP_TEMP_NB,SEX_T,OCU_SKILL_L1,2010,1769.095,,NB,PS,3,LFS - Labour Force Sample Survey,Repository: ILO-STATISTICS - Micro data processing,,,1,,
ILO:DF_EMP_TEMP_SEX_OCU_NB(1.0),EGY,A,EMP_TEMP_NB,SEX_T,OCU_SKILL_X,2010,35.943,,NB,PS,3,LFS - Labour Force Sample Survey,Repository: ILO-STATISTICS - Micro data processing,,,1,,
ILO:DF_EMP_TEMP_SEX_OCU_NB(1.0),EGY,A,EMP_TEMP_NB,SEX_T,OCU_ISCO08_TOTAL,2010,23829.005,,NB,PS,3,LFS - Labour Force Sample Survey,Repository: ILO-STATISTICS - Micro data processing,,,1,,
ILO:DF_EMP_TEMP_SEX_OCU_NB(1.0),EGY,A,EMP_TEMP_NB,SEX_T,OCU_ISCO08_1,2010,1317.332,,NB,PS,3,LFS - Labour Force Sample Survey,Repository: ILO-STATISTICS - Micro data processing,,,1,,
ILO:DF_EMP_TEMP_SEX_OCU_NB(1.0),EGY,A,EMP_TEMP_NB,SEX_T,OCU_ISCO08_2,2010,3076.287,,NB,PS,3,LFS - Labour Force Sample Survey,Repository: ILO-STATISTICS - Micro data processing,,,1,,
ILO:DF_EMP_TEMP_SEX_OCU_NB(1.0),EGY,A,EMP_TEMP_NB,SEX_T,OCU_ISCO08_3,2010,1963.153,,NB,PS,3,LFS - Labour Force Sample Survey,Repository: ILO-STATISTICS - Micro data processing,,,1,,
ILO:DF_EMP_TEMP_SEX_OCU_NB(1.0),EGY,A,EMP_TEMP_NB,SEX_T,OCU_ISCO08_4,2010,714.016,,NB,PS,3,LFS - Labour Force Sample Survey,Repository: ILO-STATISTICS - Micro data processing,,,1,,
ILO:DF_EMP_TEMP_SEX_OCU_NB(1.0),EGY,A,EMP_TEMP_NB,SEX_T,OCU_ISCO08_5,2010,1976.593,,NB,PS,3,LFS - Labour Force Sample Survey,Repository: ILO-STATISTICS - Micro data processing,,,1,,
ILO:DF_EMP_TEMP_SEX_OCU_NB(1.0),EGY,A,EMP_TEMP_NB,SEX_T,OCU_ISCO08_6,2010,6595.031,,NB,PS,3,LFS - Labour Force Sample Survey,Repository: ILO-STATISTICS - Micro data processing,,,1,,
ILO:DF_EMP_TEMP_SEX_OCU_NB(1.0),EGY,A,EMP_TEMP_NB,SEX_T,OCU_ISCO08_7,2010,4240.511,,NB,PS,3,LFS - Labour Force Sample Survey,Repository: ILO-STATISTICS - Micro data processing,,,1,,
ILO:DF_EMP_TEMP_SEX_OCU_NB(1.0),EGY,A,EMP_TEMP_NB,SEX_T,OCU_ISCO08_8,2010,2141.044,,NB,PS,3,LFS - Labour Force Sample Survey,Repository: ILO-STATISTICS - Micro data processing,,,1,,
ILO:DF_EMP_TEMP_SEX_OCU_NB(1.0),EGY,A,EMP_TEMP_NB,SEX_T,OCU_ISCO08_9,2010,1769.095,,NB,PS,3,LFS - Labour Force Sample Survey,Repository: ILO-STATISTICS - Micro data processing,,,1,,
ILO:DF_EMP_TEMP_SEX_OCU_NB(1.0),EGY,A,EMP_TEMP_NB,SEX_T,OCU_ISCO08_0,2010,35.943,,NB,PS,3,LFS - Labour Force Sample Survey,Repository: ILO-STATISTICS - Micro data processing,,,1,,
ILO:DF_EMP_TEMP_SEX_OCU_NB(1.0),EGY,A,EMP_TEMP_NB,SEX_T,OCU_SKILL_TOTAL,2011,23345.812,,NB,PS,3,LFS - Labour Force Sample Survey,Repository: ILO-STATISTICS - Micro data processing,,,1,,
ILO:DF_EMP_TEMP_SEX_OCU_NB(1.0),EGY,A,EMP_TEMP_NB,SEX_T,OCU_SKILL_L3-4,2011,6494.686,,NB,PS,3,LFS - Labour Force Sample Survey,Repository: ILO-STATISTICS - Micro data processing,,,1,,
ILO:DF_EMP_TEMP_SEX_OCU_NB(1.0),EGY,A,EMP_TEMP_NB,SEX_T,OCU_SKILL_L2,2011,15067.982,,NB,PS,3,LFS - Labour Force Sample Survey,Repository: ILO-STATISTICS - Micro data processing,,,1,,
ILO:DF_EMP_TEMP_SEX_OCU_NB(1.0),EGY,A,EMP_TEMP_NB,SEX_T,OCU_SKILL_L1,2011,1741.904,,NB,PS,3,LFS - Labour Force Sample Survey,Repository: ILO-STATISTICS - Micro data processing,,,1,,
ILO:DF_EMP_TEMP_SEX_OCU_NB(1.0),EGY,A,EMP_TEMP_NB,SEX_T,OCU_SKILL_X,2011,41.24,,NB,PS,3,LFS - Labour Force Sample Survey,Repository: ILO-STATISTICS - Micro data processing,,,1,,
ILO:DF_EMP_TEMP_SEX_OCU_NB(1.0),EGY,A,EMP_TEMP_NB,SEX_T,OCU_ISCO08_TOTAL,2011,23345.812,,NB,PS,3,LFS - Labour Force Sample Survey,Repository: ILO-STATISTICS - Micro data processing,,,1,,
ILO:DF_EMP_TEMP_SEX_OCU_NB(1.0),EGY,A,EMP_TEMP_NB,SEX_T,OCU_ISCO08_1,2011,1346.797,,NB,PS,3,LFS - Labour Force Sample Survey,Repository: ILO-STATISTICS - Micro data processing,,,1,,
ILO:DF_EMP_TEMP_SEX_OCU_NB(1.0),EGY,A,EMP_TEMP_NB,SEX_T,OCU_ISCO08_2,2011,3145.437,,NB,PS,3,LFS - Labour Force Sample Survey,Repository: ILO-STATISTICS - Micro data processing,,,1,,
ILO:DF_EMP_TEMP_SEX_OCU_NB(1.0),EGY,A,EMP_TEMP_NB,SEX_T,OCU_ISCO08_3,2011,2002.451,,NB,PS,3,LFS - Labour Force Sample Survey,Repository: ILO-STATISTICS - Micro data processing,,,1,,
ILO:DF_EMP_TEMP_SEX_OCU_NB(1.0),EGY,A,EMP_TEMP_NB,SEX_T,OCU_ISCO08_4,2011,703.168,,NB,PS,3,LFS - Labour Force Sample Survey,Repository: ILO-STATISTICS - Micro data processing,,,1,,
ILO:DF_EMP_TEMP_SEX_OCU_NB(1.0),EGY,A,EMP_TEMP_NB,SEX_T,OCU_ISCO08_5,2011,1801.068,,NB,PS,3,LFS - Labour Force Sample Survey,Repository: ILO-STATISTICS - Micro data processing,,,1,,
ILO:DF_EMP_TEMP_SEX_OCU_NB(1.0),EGY,A,EMP_TEMP_NB,SEX_T,OCU_ISCO08_6,2011,6608.338,,NB,PS,3,LFS - Labour Force Sample Survey,Repository: ILO-STATISTICS - Micro data processing,,,1,,
ILO:DF_EMP_TEMP_SEX_OCU_NB(1.0),EGY,A,EMP_TEMP_NB,SEX_T,OCU_ISCO08_7,2011,3915.468,,NB,PS,3,LFS - Labour Force Sample Survey,Repository: ILO-STATISTICS - Micro data processing,,,1,,
ILO:DF_EMP_TEMP_SEX_OCU_NB(1.0),EGY,A,EMP_TEMP_NB,SEX_T,OCU_ISCO08_8,2011,2039.942,,NB,PS,3,LFS - Labour Force Sample Survey,Repository: ILO-STATISTICS - Micro data processing,,,1,,
ILO:DF_EMP_TEMP_SEX_OCU_NB(1.0),EGY,A,EMP_TEMP_NB,SEX_T,OCU_ISCO08_9,2011,1741.904,,NB,PS,3,LFS - Labour Force Sample Survey,Repository: ILO-STATISTICS - Micro data processing,,,1,,
ILO:DF_EMP_TEMP_SEX_OCU_NB(1.0),EGY,A,EMP_TEMP_NB,SEX_T,OCU_ISCO08_0,2011,41.24,,NB,PS,3,LFS - Labour Force Sample Survey,Repository: ILO-STATISTICS - Micro data processing,,,1,,
ILO:DF_EMP_TEMP_SEX_OCU_NB(1.0),EGY,A,EMP_TEMP_NB,SEX_T,OCU_SKILL_TOTAL,2012,23564.394,,NB,PS,3,LFS - Labour Force Sample Survey,Repository: ILO-STATISTICS - Micro data processing,,,1,,
ILO:DF_EMP_TEMP_SEX_OCU_NB(1.0),EGY,A,EMP_TEMP_NB,SEX_T,OCU_SKILL_L3-4,2012,8011.513,,NB,PS,3,LFS - Labour Force Sample Survey,Repository: ILO-STATISTICS - Micro data processing,,,1,,
ILO:DF_EMP_TEMP_SEX_OCU_NB(1.0),EGY,A,EMP_TEMP_NB,SEX_T,OCU_SKILL_L2,2012,13794.905,,NB,PS,3,LFS - Labour Force Sample Survey,Repository: ILO-STATISTICS - Micro data processing,,,1,,
ILO:DF_EMP_TEMP_SEX_OCU_NB(1.0),EGY,A,EMP_TEMP_NB,SEX_T,OCU_SKILL_L1,2012,1749.92,,NB,PS,3,LFS - Labour Force Sample Survey,Repository: ILO-STATISTICS - Micro data processing,,,1,,
ILO:DF_EMP_TEMP_SEX_OCU_NB(1.0),EGY,A,EMP_TEMP_NB,SEX_T,OCU_SKILL_X,2012,8.056,,NB,PS,3,LFS - Labour Force Sample Survey,Repository: ILO-STATISTICS - Micro data processing,,,1,,
ILO:DF_EMP_TEMP_SEX_OCU_NB(1.0),EGY,A,EMP_TEMP_NB,SEX_T,OCU_ISCO08_TOTAL,2012,23564.394,,NB,PS,3,LFS - Labour Force Sample Survey,Repository: ILO-STATISTICS - Micro data processing,,,1,,
ILO:DF_EMP_TEMP_SEX_OCU_NB(1.0),EGY,A,EMP_TEMP_NB,SEX_T,OCU_ISCO08_1,2012,2813.192,,NB,PS,3,LFS - Labour Force Sample Survey,Repository: ILO-STATISTICS - Micro data processing,,,1,,
ILO:DF_EMP_TEMP_SEX_OCU_NB(1.0),EGY,A,EMP_TEMP_NB,SEX_T,OCU_ISCO08_2,2012,3145.85,,NB,PS,3,LFS - Labour Force Sample Survey,Repository: ILO-STATISTICS - Micro data processing,,,1,,
ILO:DF_EMP_TEMP_SEX_OCU_NB(1.0),EGY,A,EMP_TEMP_NB,SEX_T,OCU_ISCO08_3,2012,2052.471,,NB,PS,3,LFS - Labour Force Sample Survey,Repository: ILO-STATISTICS - Micro data processing,,,1,,
ILO:DF_EMP_TEMP_SEX_OCU_NB(1.0),EGY,A,EMP_TEMP_NB,SEX_T,OCU_ISCO08_4,2012,705.092,,NB,PS,3,LFS - Labour Force Sample Survey,Repository: ILO-STATISTICS - Micro data processing,,,1,,
ILO:DF_EMP_TEMP_SEX_OCU_NB(1.0),EGY,A,EMP_TEMP_NB,SEX_T,OCU_ISCO08_5,2012,1749.485,,NB,PS,3,LFS - Labour Force Sample Survey,Repository: ILO-STATISTICS - Micro data processing,,,1,,
ILO:DF_EMP_TEMP_SEX_OCU_NB(1.0),EGY,A,EMP_TEMP_NB,SEX_T,OCU_ISCO08_6,2012,5335.515,,NB,PS,3,LFS - Labour Force Sample Survey,Repository: ILO-STATISTICS - Micro data processing,,,1,,
ILO:DF_EMP_TEMP_SEX_OCU_NB(1.0),EGY,A,EMP_TEMP_NB,SEX_T,OCU_ISCO08_7,2012,3890.499,,NB,PS,3,LFS - Labour Force Sample Survey,Repository: ILO-STATISTICS - Micro data processing,,,1,,
ILO:DF_EMP_TEMP_SEX_OCU_NB(1.0),EGY,A,EMP_TEMP_NB,SEX_T,OCU_ISCO08_8,2012,2114.313,,NB,PS,3,LFS - Labour Force Sample Survey,Repository: ILO-STATISTICS - Micro data processing,,,1,,
ILO:DF_EMP_TEMP_SEX_OCU_NB(1.0),EGY,A,EMP_TEMP_NB,SEX_T,OCU_ISCO08_9,2012,1749.92,,NB,PS,3,LFS - Labour Force Sample Survey,Repository: ILO-STATISTICS - Micro data processing,,,1,,
ILO:DF_EMP_TEMP_SEX_OCU_NB(1.0),EGY,A,EMP_TEMP_NB,SEX_T,OCU_ISCO08_0,2012,8.056,,NB,PS,3,LFS - Labour Force Sample Survey,Repository: ILO-STATISTICS - Micro data processing,,,1,,
ILO:DF_EMP_TEMP_SEX_OCU_NB(1.0),EGY,A,EMP_TEMP_NB,SEX_T,OCU_SKILL_TOTAL,2013,23975.13,,NB,PS,3,LFS - Labour Force Sample Survey,Repository: ILO-STATISTICS - Micro data processing,,,1,,
ILO:DF_EMP_TEMP_SEX_OCU_NB(1.0),EGY,A,EMP_TEMP_NB,SEX_T,OCU_SKILL_L3-4,2013,8690.949,,NB,PS,3,LFS - Labour Force Sample Survey,Repository: ILO-STATISTICS - Micro data processing,,,1,,
ILO:DF_EMP_TEMP_SEX_OCU_NB(1.0),EGY,A,EMP_TEMP_NB,SEX_T,OCU_SKILL_L2,2013,13330.032,,NB,PS,3,LFS - Labour Force Sample Survey,Repository: ILO-STATISTICS - Micro data processing,,,1,,
ILO:DF_EMP_TEMP_SEX_OCU_NB(1.0),EGY,A,EMP_TEMP_NB,SEX_T,OCU_SKILL_L1,2013,1951.583,,NB,PS,3,LFS - Labour Force Sample Survey,Repository: ILO-STATISTICS - Micro data processing,,,1,,
ILO:DF_EMP_TEMP_SEX_OCU_NB(1.0),EGY,A,EMP_TEMP_NB,SEX_T,OCU_SKILL_X,2013,2.566,U,NB,PS,3,LFS - Labour Force Sample Survey,Repository: ILO-STATISTICS - Micro data processing,,,1,,
ILO:DF_EMP_TEMP_SEX_OCU_NB(1.0),EGY,A,EMP_TEMP_NB,SEX_T,OCU_ISCO08_TOTAL,2013,23975.13,,NB,PS,3,LFS - Labour Force Sample Survey,Repository: ILO-STATISTICS - Micro data processing,,,1,,
ILO:DF_EMP_TEMP_SEX_OCU_NB(1.0),EGY,A,EMP_TEMP_NB,SEX_T,OCU_ISCO08_1,2013,3597.39,,NB,PS,3,LFS - Labour Force Sample Survey,Repository: ILO-STATISTICS - Micro data processing,,,1,,
ILO:DF_EMP_TEMP_SEX_OCU_NB(1.0),EGY,A,EMP_TEMP_NB,SEX_T,OCU_ISCO08_2,2013,3054.678,,NB,PS,3,LFS - Labour Force Sample Survey,Repository: ILO-STATISTICS - Micro data processing,,,1,,
ILO:DF_EMP_TEMP_SEX_OCU_NB(1.0),EGY,A,EMP_TEMP_NB,SEX_T,OCU_ISCO08_3,2013,2038.882,,NB,PS,3,LFS - Labour Force Sample Survey,Repository: ILO-STATISTICS - Micro data processing,,,1,,
ILO:DF_EMP_TEMP_SEX_OCU_NB(1.0),EGY,A,EMP_TEMP_NB,SEX_T,OCU_ISCO08_4,2013,722.854,,NB,PS,3,LFS - Labour Force Sample Survey,Repository: ILO-STATISTICS - Micro data processing,,,1,,
ILO:DF_EMP_TEMP_SEX_OCU_NB(1.0),EGY,A,EMP_TEMP_NB,SEX_T,OCU_ISCO08_5,2013,2012.419,,NB,PS,3,LFS - Labour Force Sample Survey,Repository: ILO-STATISTICS - Micro data processing,,,1,,
ILO:DF_EMP_TEMP_SEX_OCU_NB(1.0),EGY,A,EMP_TEMP_NB,SEX_T,OCU_ISCO08_6,2013,4347.669,,NB,PS,3,LFS - Labour Force Sample Survey,Repository: ILO-STATISTICS - Micro data processing,,,1,,
ILO:DF_EMP_TEMP_SEX_OCU_NB(1.0),EGY,A,EMP_TEMP_NB,SEX_T,OCU_ISCO08_7,2013,3993.645,,NB,PS,3,LFS - Labour Force Sample Survey,Repository: ILO-STATISTICS - Micro data processing,,,1,,
ILO:DF_EMP_TEMP_SEX_OCU_NB(1.0),EGY,A,EMP_TEMP_NB,SEX_T,OCU_ISCO08_8,2013,2253.444,,NB,PS,3,LFS - Labour Force Sample Survey,Repository: ILO-STATISTICS - Micro data processing,,,1,,
ILO:DF_EMP_TEMP_SEX_OCU_NB(1.0),EGY,A,EMP_TEMP_NB,SEX_T,OCU_ISCO08_9,2013,1951.583,,NB,PS,3,LFS - Labour Force Sample Survey,Repository: ILO-STATISTICS - Micro data processing,,,1,,
ILO:DF_EMP_TEMP_SEX_OCU_NB(1.0),EGY,A,EMP_TEMP_NB,SEX_T,OCU_ISCO08_X,2013,2.566,U,NB,PS,3,LFS - Labour Force Sample Survey,Repository: ILO-STATISTICS - Micro data processing,,,1,,
ILO:DF_EMP_TEMP_SEX_OCU_NB(1.0),EGY,A,EMP_TEMP_NB,SEX_T,OCU_SKILL_TOTAL,2015,24778.768,,NB,PS,3,LFS - Labour Force Sample Survey,Repository: ILO-STATISTICS - Micro data processing,,,1,,
ILO:DF_EMP_TEMP_SEX_OCU_NB(1.0),EGY,A,EMP_TEMP_NB,SEX_T,OCU_SKILL_L3-4,2015,8407.923,,NB,PS,3,LFS - Labour Force Sample Survey,Repository: ILO-STATISTICS - Micro data processing,,,1,,
ILO:DF_EMP_TEMP_SEX_OCU_NB(1.0),EGY,A,EMP_TEMP_NB,SEX_T,OCU_SKILL_L2,2015,13821.758,,NB,PS,3,LFS - Labour Force Sample Survey,Repository: ILO-STATISTICS - Micro data processing,,,1,,
ILO:DF_EMP_TEMP_SEX_OCU_NB(1.0),EGY,A,EMP_TEMP_NB,SEX_T,OCU_SKILL_L1,2015,2549.087,,NB,PS,3,LFS - Labour Force Sample Survey,Repository: ILO-STATISTICS - Micro data processing,,,1,,
ILO:DF_EMP_TEMP_SEX_OCU_NB(1.0),EGY,A,EMP_TEMP_NB,SEX_T,OCU_ISCO08_TOTAL,2015,24778.768,,NB,PS,3,LFS - Labour Force Sample Survey,Repository: ILO-STATISTICS - Micro data processing,,,1,,
ILO:DF_EMP_TEMP_SEX_OCU_NB(1.0),EGY,A,EMP_TEMP_NB,SEX_T,OCU_ISCO08_1,2015,3470.592,,NB,PS,3,LFS - Labour Force Sample Survey,Repository: ILO-STATISTICS - Micro data processing,,,1,,
ILO:DF_EMP_TEMP_SEX_OCU_NB(1.0),EGY,A,EMP_TEMP_NB,SEX_T,OCU_ISCO08_2,2015,2989.171,,NB,PS,3,LFS - Labour Force Sample Survey,Repository: ILO-STATISTICS - Micro data processing,,,1,,
ILO:DF_EMP_TEMP_SEX_OCU_NB(1.0),EGY,A,EMP_TEMP_NB,SEX_T,OCU_ISCO08_3,2015,1948.16,,NB,PS,3,LFS - Labour Force Sample Survey,Repository: ILO-STATISTICS - Micro data processing,,,1,,
ILO:DF_EMP_TEMP_SEX_OCU_NB(1.0),EGY,A,EMP_TEMP_NB,SEX_T,OCU_ISCO08_4,2015,704.509,,NB,PS,3,LFS - Labour Force Sample Survey,Repository: ILO-STATISTICS - Micro data processing,,,1,,
ILO:DF_EMP_TEMP_SEX_OCU_NB(1.0),EGY,A,EMP_TEMP_NB,SEX_T,OCU_ISCO08_5,2015,2454.721,,NB,PS,3,LFS - Labour Force Sample Survey,Repository: ILO-STATISTICS - Micro data processing,,,1,,
ILO:DF_EMP_TEMP_SEX_OCU_NB(1.0),EGY,A,EMP_TEMP_NB,SEX_T,OCU_ISCO08_6,2015,3892.901,,NB,PS,3,LFS - Labour Force Sample Survey,Repository: ILO-STATISTICS - Micro data processing,,,1,,
ILO:DF_EMP_TEMP_SEX_OCU_NB(1.0),EGY,A,EMP_TEMP_NB,SEX_T,OCU_ISCO08_7,2015,4235.281,,NB,PS,3,LFS - Labour Force Sample Survey,Repository: ILO-STATISTICS - Micro data processing,,,1,,
ILO:DF_EMP_TEMP_SEX_OCU_NB(1.0),EGY,A,EMP_TEMP_NB,SEX_T,OCU_ISCO08_8,2015,2534.346,,NB,PS,3,LFS - Labour Force Sample Survey,Repository: ILO-STATISTICS - Micro data processing,,,1,,
ILO:DF_EMP_TEMP_SEX_OCU_NB(1.0),EGY,A,EMP_TEMP_NB,SEX_T,OCU_ISCO08_9,2015,2549.087,,NB,PS,3,LFS - Labour Force Sample Survey,Repository: ILO-STATISTICS - Micro data processing,,,1,,
ILO:DF_EMP_TEMP_SEX_OCU_NB(1.0),EGY,A,EMP_TEMP_NB,SEX_T,OCU_SKILL_TOTAL,2016,25331.181,B,NB,PS,3,LFS - Labour Force Sample Survey,Repository: ILO-STATISTICS - Micro data processing,Break in series: Methodology revised,,1,,
ILO:DF_EMP_TEMP_SEX_OCU_NB(1.0),EGY,A,EMP_TEMP_NB,SEX_T,OCU_SKILL_L3-4,2016,8328.029,B,NB,PS,3,LFS - Labour Force Sample Survey,Repository: ILO-STATISTICS - Micro data processing,Break in series: Methodology revised,,1,,
ILO:DF_EMP_TEMP_SEX_OCU_NB(1.0),EGY,A,EMP_TEMP_NB,SEX_T,OCU_SKILL_L2,2016,14961.671,B,NB,PS,3,LFS - Labour Force Sample Survey,Repository: ILO-STATISTICS - Micro data processing,Break in series: Methodology revised,,1,,
ILO:DF_EMP_TEMP_SEX_OCU_NB(1.0),EGY,A,EMP_TEMP_NB,SEX_T,OCU_SKILL_L1,2016,2026.006,B,NB,PS,3,LFS - Labour Force Sample Survey,Repository: ILO-STATISTICS - Micro data processing,Break in series: Methodology revised,,1,,
ILO:DF_EMP_TEMP_SEX_OCU_NB(1.0),EGY,A,EMP_TEMP_NB,SEX_T,OCU_SKILL_X,2016,15.476,B,NB,PS,3,LFS - Labour Force Sample Survey,Repository: ILO-STATISTICS - Micro data processing,Break in series: Methodology revised,,1,,
ILO:DF_EMP_TEMP_SEX_OCU_NB(1.0),EGY,A,EMP_TEMP_NB,SEX_T,OCU_ISCO08_TOTAL,2016,25331.181,B,NB,PS,3,LFS - Labour Force Sample Survey,Repository: ILO-STATISTICS - Micro data processing,Break in series: Methodology revised,,1,,
ILO:DF_EMP_TEMP_SEX_OCU_NB(1.0),EGY,A,EMP_TEMP_NB,SEX_T,OCU_ISCO08_1,2016,3313.333,B,NB,PS,3,LFS - Labour Force Sample Survey,Repository: ILO-STATISTICS - Micro data processing,Break in series: Methodology revised,,1,,
ILO:DF_EMP_TEMP_SEX_OCU_NB(1.0),EGY,A,EMP_TEMP_NB,SEX_T,OCU_ISCO08_2,2016,2756.878,B,NB,PS,3,LFS - Labour Force Sample Survey,Repository: ILO-STATISTICS - Micro data processing,Break in series: Methodology revised,,1,,
ILO:DF_EMP_TEMP_SEX_OCU_NB(1.0),EGY,A,EMP_TEMP_NB,SEX_T,OCU_ISCO08_3,2016,2257.818,B,NB,PS,3,LFS - Labour Force Sample Survey,Repository: ILO-STATISTICS - Micro data processing,Break in series: Methodology revised,,1,,
ILO:DF_EMP_TEMP_SEX_OCU_NB(1.0),EGY,A,EMP_TEMP_NB,SEX_T,OCU_ISCO08_4,2016,660.775,B,NB,PS,3,LFS - Labour Force Sample Survey,Repository: ILO-STATISTICS - Micro data processing,Break in series: Methodology revised,,1,,
ILO:DF_EMP_TEMP_SEX_OCU_NB(1.0),EGY,A,EMP_TEMP_NB,SEX_T,OCU_ISCO08_5,2016,2717.368,B,NB,PS,3,LFS - Labour Force Sample Survey,Repository: ILO-STATISTICS - Micro data processing,Break in series: Methodology revised,,1,,
ILO:DF_EMP_TEMP_SEX_OCU_NB(1.0),EGY,A,EMP_TEMP_NB,SEX_T,OCU_ISCO08_6,2016,4470.165,B,NB,PS,3,LFS - Labour Force Sample Survey,Repository: ILO-STATISTICS - Micro data processing,Break in series: Methodology revised,,1,,
ILO:DF_EMP_TEMP_SEX_OCU_NB(1.0),EGY,A,EMP_TEMP_NB,SEX_T,OCU_ISCO08_7,2016,4314.249,B,NB,PS,3,LFS - Labour Force Sample Survey,Repository: ILO-STATISTICS - Micro data processing,Break in series: Methodology revised,,1,,
ILO:DF_EMP_TEMP_SEX_OCU_NB(1.0),EGY,A,EMP_TEMP_NB,SEX_T,OCU_ISCO08_8,2016,2799.115,B,NB,PS,3,LFS - Labour Force Sample Survey,Repository: ILO-STATISTICS - Micro data processing,Break in series: Methodology revised,,1,,
ILO:DF_EMP_TEMP_SEX_OCU_NB(1.0),EGY,A,EMP_TEMP_NB,SEX_T,OCU_ISCO08_9,2016,2026.006,B,NB,PS,3,LFS - Labour Force Sample Survey,Repository: ILO-STATISTICS - Micro data processing,Break in series: Methodology revised,,1,,
ILO:DF_EMP_TEMP_SEX_OCU_NB(1.0),EGY,A,EMP_TEMP_NB,SEX_T,OCU_ISCO08_X,2016,15.476,B,NB,PS,3,LFS - Labour Force Sample Survey,Repository: ILO-STATISTICS - Micro data processing,Break in series: Methodology revised,,1,,
ILO:DF_EMP_TEMP_SEX_OCU_NB(1.0),EGY,A,EMP_TEMP_NB,SEX_T,OCU_SKILL_TOTAL,2017,26006.18,,NB,PS,3,LFS - Labour Force Sample Survey,Repository: ILO-STATISTICS - Micro data processing,,,1,,
ILO:DF_EMP_TEMP_SEX_OCU_NB(1.0),EGY,A,EMP_TEMP_NB,SEX_T,OCU_SKILL_L3-4,2017,7890.925,,NB,PS,3,LFS - Labour Force Sample Survey,Repository: ILO-STATISTICS - Micro data processing,,,1,,
ILO:DF_EMP_TEMP_SEX_OCU_NB(1.0),EGY,A,EMP_TEMP_NB,SEX_T,OCU_SKILL_L2,2017,15899.23,,NB,PS,3,LFS - Labour Force Sample Survey,Repository: ILO-STATISTICS - Micro data processing,,,1,,
ILO:DF_EMP_TEMP_SEX_OCU_NB(1.0),EGY,A,EMP_TEMP_NB,SEX_T,OCU_SKILL_L1,2017,2211.935,,NB,PS,3,LFS - Labour Force Sample Survey,Repository: ILO-STATISTICS - Micro data processing,,,1,,
ILO:DF_EMP_TEMP_SEX_OCU_NB(1.0),EGY,A,EMP_TEMP_NB,SEX_T,OCU_SKILL_X,2017,4.09,U,NB,PS,3,LFS - Labour Force Sample Survey,Repository: ILO-STATISTICS - Micro data processing,,,1,,
ILO:DF_EMP_TEMP_SEX_OCU_NB(1.0),EGY,A,EMP_TEMP_NB,SEX_T,OCU_ISCO08_TOTAL,2017,26006.18,,NB,PS,3,LFS - Labour Force Sample Survey,Repository: ILO-STATISTICS - Micro data processing,,,1,,
ILO:DF_EMP_TEMP_SEX_OCU_NB(1.0),EGY,A,EMP_TEMP_NB,SEX_T,OCU_ISCO08_1,2017,3070.863,,NB,PS,3,LFS - Labour Force Sample Survey,Repository: ILO-STATISTICS - Micro data processing,,,1,,
ILO:DF_EMP_TEMP_SEX_OCU_NB(1.0),EGY,A,EMP_TEMP_NB,SEX_T,OCU_ISCO08_2,2017,2936.982,,NB,PS,3,LFS - Labour Force Sample Survey,Repository: ILO-STATISTICS - Micro data processing,,,1,,
ILO:DF_EMP_TEMP_SEX_OCU_NB(1.0),EGY,A,EMP_TEMP_NB,SEX_T,OCU_ISCO08_3,2017,1883.081,,NB,PS,3,LFS - Labour Force Sample Survey,Repository: ILO-STATISTICS - Micro data processing,,,1,,
ILO:DF_EMP_TEMP_SEX_OCU_NB(1.0),EGY,A,EMP_TEMP_NB,SEX_T,OCU_ISCO08_4,2017,796.578,,NB,PS,3,LFS - Labour Force Sample Survey,Repository: ILO-STATISTICS - Micro data processing,,,1,,
ILO:DF_EMP_TEMP_SEX_OCU_NB(1.0),EGY,A,EMP_TEMP_NB,SEX_T,OCU_ISCO08_5,2017,2805.718,,NB,PS,3,LFS - Labour Force Sample Survey,Repository: ILO-STATISTICS - Micro data processing,,,1,,
ILO:DF_EMP_TEMP_SEX_OCU_NB(1.0),EGY,A,EMP_TEMP_NB,SEX_T,OCU_ISCO08_6,2017,4797.849,,NB,PS,3,LFS - Labour Force Sample Survey,Repository: ILO-STATISTICS - Micro data processing,,,1,,
ILO:DF_EMP_TEMP_SEX_OCU_NB(1.0),EGY,A,EMP_TEMP_NB,SEX_T,OCU_ISCO08_7,2017,4654.281,,NB,PS,3,LFS - Labour Force Sample Survey,Repository: ILO-STATISTICS - Micro data processing,,,1,,
ILO:DF_EMP_TEMP_SEX_OCU_NB(1.0),EGY,A,EMP_TEMP_NB,SEX_T,OCU_ISCO08_8,2017,2844.803,,NB,PS,3,LFS - Labour Force Sample Survey,Repository: ILO-STATISTICS - Micro data processing,,,1,,
ILO:DF_EMP_TEMP_SEX_OCU_NB(1.0),EGY,A,EMP_TEMP_NB,SEX_T,OCU_ISCO08_9,2017,2211.935,,NB,PS,3,LFS - Labour Force Sample Survey,Repository: ILO-STATISTICS - Micro data processing,,,1,,
ILO:DF_EMP_TEMP_SEX_OCU_NB(1.0),EGY,A,EMP_TEMP_NB,SEX_T,OCU_ISCO08_X,2017,4.09,U,NB,PS,3,LFS - Labour Force Sample Survey,Repository: ILO-STATISTICS - Micro data processing,,,1,,
ILO:DF_EMP_TEMP_SEX_OCU_NB(1.0),EGY,A,EMP_TEMP_NB,SEX_T,OCU_SKILL_TOTAL,2018,26021.022,,NB,PS,3,LFS - Labour Force Sample Survey,Repository: ILO-STATISTICS - Micro data processing,,,1,,
ILO:DF_EMP_TEMP_SEX_OCU_NB(1.0),EGY,A,EMP_TEMP_NB,SEX_T,OCU_SKILL_L3-4,2018,8297.627,,NB,PS,3,LFS - Labour Force Sample Survey,Repository: ILO-STATISTICS - Micro data processing,,,1,,
ILO:DF_EMP_TEMP_SEX_OCU_NB(1.0),EGY,A,EMP_TEMP_NB,SEX_T,OCU_SKILL_L2,2018,15453.81,,NB,PS,3,LFS - Labour Force Sample Survey,Repository: ILO-STATISTICS - Micro data processing,,,1,,
ILO:DF_EMP_TEMP_SEX_OCU_NB(1.0),EGY,A,EMP_TEMP_NB,SEX_T,OCU_SKILL_L1,2018,2254.346,,NB,PS,3,LFS - Labour Force Sample Survey,Repository: ILO-STATISTICS - Micro data processing,,,1,,
ILO:DF_EMP_TEMP_SEX_OCU_NB(1.0),EGY,A,EMP_TEMP_NB,SEX_T,OCU_SKILL_X,2018,15.239,,NB,PS,3,LFS - Labour Force Sample Survey,Repository: ILO-STATISTICS - Micro data processing,,,1,,
ILO:DF_EMP_TEMP_SEX_OCU_NB(1.0),EGY,A,EMP_TEMP_NB,SEX_T,OCU_ISCO08_TOTAL,2018,26021.022,,NB,PS,3,LFS - Labour Force Sample Survey,Repository: ILO-STATISTICS - Micro data processing,,,1,,
ILO:DF_EMP_TEMP_SEX_OCU_NB(1.0),EGY,A,EMP_TEMP_NB,SEX_T,OCU_ISCO08_1,2018,3111.206,,NB,PS,3,LFS - Labour Force Sample Survey,Repository: ILO-STATISTICS - Micro data processing,,,1,,
ILO:DF_EMP_TEMP_SEX_OCU_NB(1.0),EGY,A,EMP_TEMP_NB,SEX_T,OCU_ISCO08_2,2018,3083.336,,NB,PS,3,LFS - Labour Force Sample Survey,Repository: ILO-STATISTICS - Micro data processing,,,1,,
ILO:DF_EMP_TEMP_SEX_OCU_NB(1.0),EGY,A,EMP_TEMP_NB,SEX_T,OCU_ISCO08_3,2018,2103.085,,NB,PS,3,LFS - Labour Force Sample Survey,Repository: ILO-STATISTICS - Micro data processing,,,1,,
ILO:DF_EMP_TEMP_SEX_OCU_NB(1.0),EGY,A,EMP_TEMP_NB,SEX_T,OCU_ISCO08_4,2018,817.817,,NB,PS,3,LFS - Labour Force Sample Survey,Repository: ILO-STATISTICS - Micro data processing,,,1,,
ILO:DF_EMP_TEMP_SEX_OCU_NB(1.0),EGY,A,EMP_TEMP_NB,SEX_T,OCU_ISCO08_5,2018,3047.143,,NB,PS,3,LFS - Labour Force Sample Survey,Repository: ILO-STATISTICS - Micro data processing,,,1,,
ILO:DF_EMP_TEMP_SEX_OCU_NB(1.0),EGY,A,EMP_TEMP_NB,SEX_T,OCU_ISCO08_6,2018,3974.45,,NB,PS,3,LFS - Labour Force Sample Survey,Repository: ILO-STATISTICS - Micro data processing,,,1,,
ILO:DF_EMP_TEMP_SEX_OCU_NB(1.0),EGY,A,EMP_TEMP_NB,SEX_T,OCU_ISCO08_7,2018,4615.372,,NB,PS,3,LFS - Labour Force Sample Survey,Repository: ILO-STATISTICS - Micro data processing,,,1,,
ILO:DF_EMP_TEMP_SEX_OCU_NB(1.0),EGY,A,EMP_TEMP_NB,SEX_T,OCU_ISCO08_8,2018,2999.028,,NB,PS,3,LFS - Labour Force Sample Survey,Repository: ILO-STATISTICS - Micro data processing,,,1,,
ILO:DF_EMP_TEMP_SEX_OCU_NB(1.0),EGY,A,EMP_TEMP_NB,SEX_T,OCU_ISCO08_9,2018,2254.346,,NB,PS,3,LFS - Labour Force Sample Survey,Repository: ILO-STATISTICS - Micro data processing,,,1,,
ILO:DF_EMP_TEMP_SEX_OCU_NB(1.0),EGY,A,EMP_TEMP_NB,SEX_T,OCU_ISCO08_X,2018,15.239,,NB,PS,3,LFS - Labour Force Sample Survey,Repository: ILO-STATISTICS - Micro data processing,,,1,,
ILO:DF_EMP_TEMP_SEX_OCU_NB(1.0),EGY,A,EMP_TEMP_NB,SEX_T,OCU_SKILL_TOTAL,2019,26122.61,,NB,PS,3,LFS - Labour Force Sample Survey,Repository: ILO-STATISTICS - Micro data processing,,,1,,
ILO:DF_EMP_TEMP_SEX_OCU_NB(1.0),EGY,A,EMP_TEMP_NB,SEX_T,OCU_SKILL_L3-4,2019,7739.814,,NB,PS,3,LFS - Labour Force Sample Survey,Repository: ILO-STATISTICS - Micro data processing,,,1,,
ILO:DF_EMP_TEMP_SEX_OCU_NB(1.0),EGY,A,EMP_TEMP_NB,SEX_T,OCU_SKILL_L2,2019,16053.081,,NB,PS,3,LFS - Labour Force Sample Survey,Repository: ILO-STATISTICS - Micro data processing,,,1,,
ILO:DF_EMP_TEMP_SEX_OCU_NB(1.0),EGY,A,EMP_TEMP_NB,SEX_T,OCU_SKILL_L1,2019,2288.863,,NB,PS,3,LFS - Labour Force Sample Survey,Repository: ILO-STATISTICS - Micro data processing,,,1,,
ILO:DF_EMP_TEMP_SEX_OCU_NB(1.0),EGY,A,EMP_TEMP_NB,SEX_T,OCU_SKILL_X,2019,40.852,,NB,PS,3,LFS - Labour Force Sample Survey,Repository: ILO-STATISTICS - Micro data processing,,,1,,
ILO:DF_EMP_TEMP_SEX_OCU_NB(1.0),EGY,A,EMP_TEMP_NB,SEX_T,OCU_ISCO08_TOTAL,2019,26122.61,,NB,PS,3,LFS - Labour Force Sample Survey,Repository: ILO-STATISTICS - Micro data processing,,,1,,
ILO:DF_EMP_TEMP_SEX_OCU_NB(1.0),EGY,A,EMP_TEMP_NB,SEX_T,OCU_ISCO08_1,2019,2637.394,,NB,PS,3,LFS - Labour Force Sample Survey,Repository: ILO-STATISTICS - Micro data processing,,,1,,
ILO:DF_EMP_TEMP_SEX_OCU_NB(1.0),EGY,A,EMP_TEMP_NB,SEX_T,OCU_ISCO08_2,2019,3078.928,,NB,PS,3,LFS - Labour Force Sample Survey,Repository: ILO-STATISTICS - Micro data processing,,,1,,
ILO:DF_EMP_TEMP_SEX_OCU_NB(1.0),EGY,A,EMP_TEMP_NB,SEX_T,OCU_ISCO08_3,2019,2023.492,,NB,PS,3,LFS - Labour Force Sample Survey,Repository: ILO-STATISTICS - Micro data processing,,,1,,
ILO:DF_EMP_TEMP_SEX_OCU_NB(1.0),EGY,A,EMP_TEMP_NB,SEX_T,OCU_ISCO08_4,2019,842.905,,NB,PS,3,LFS - Labour Force Sample Survey,Repository: ILO-STATISTICS - Micro data processing,,,1,,
ILO:DF_EMP_TEMP_SEX_OCU_NB(1.0),EGY,A,EMP_TEMP_NB,SEX_T,OCU_ISCO08_5,2019,3022.77,,NB,PS,3,LFS - Labour Force Sample Survey,Repository: ILO-STATISTICS - Micro data processing,,,1,,
ILO:DF_EMP_TEMP_SEX_OCU_NB(1.0),EGY,A,EMP_TEMP_NB,SEX_T,OCU_ISCO08_6,2019,4054.403,,NB,PS,3,LFS - Labour Force Sample Survey,Repository: ILO-STATISTICS - Micro data processing,,,1,,
ILO:DF_EMP_TEMP_SEX_OCU_NB(1.0),EGY,A,EMP_TEMP_NB,SEX_T,OCU_ISCO08_7,2019,5018.033,,NB,PS,3,LFS - Labour Force Sample Survey,Repository: ILO-STATISTICS - Micro data processing,,,1,,
ILO:DF_EMP_TEMP_SEX_OCU_NB(1.0),EGY,A,EMP_TEMP_NB,SEX_T,OCU_ISCO08_8,2019,3114.971,,NB,PS,3,LFS - Labour Force Sample Survey,Repository: ILO-STATISTICS - Micro data processing,,,1,,
ILO:DF_EMP_TEMP_SEX_OCU_NB(1.0),EGY,A,EMP_TEMP_NB,SEX_T,OCU_ISCO08_9,2019,2288.863,,NB,PS,3,LFS - Labour Force Sample Survey,Repository: ILO-STATISTICS - Micro data processing,,,1,,
ILO:DF_EMP_TEMP_SEX_OCU_NB(1.0),EGY,A,EMP_TEMP_NB,SEX_T,OCU_ISCO08_X,2019,40.852,,NB,PS,3,LFS - Labour Force Sample Survey,Repository: ILO-STATISTICS - Micro data processing,,,1,,
ILO:DF_EMP_TEMP_SEX_OCU_NB(1.0),EGY,A,EMP_TEMP_NB,SEX_T,OCU_SKILL_TOTAL,2020,26238.958,,NB,PS,3,LFS - Labour Force Sample Survey,Repository: ILO-STATISTICS - Micro data processing,,,1,,
ILO:DF_EMP_TEMP_SEX_OCU_NB(1.0),EGY,A,EMP_TEMP_NB,SEX_T,OCU_SKILL_L3-4,2020,7022.214,,NB,PS,3,LFS - Labour Force Sample Survey,Repository: ILO-STATISTICS - Micro data processing,,,1,,
ILO:DF_EMP_TEMP_SEX_OCU_NB(1.0),EGY,A,EMP_TEMP_NB,SEX_T,OCU_SKILL_L2,2020,17947.709,,NB,PS,3,LFS - Labour Force Sample Survey,Repository: ILO-STATISTICS - Micro data processing,,,1,,
ILO:DF_EMP_TEMP_SEX_OCU_NB(1.0),EGY,A,EMP_TEMP_NB,SEX_T,OCU_SKILL_L1,2020,1229.102,,NB,PS,3,LFS - Labour Force Sample Survey,Repository: ILO-STATISTICS - Micro data processing,,,1,,
ILO:DF_EMP_TEMP_SEX_OCU_NB(1.0),EGY,A,EMP_TEMP_NB,SEX_T,OCU_SKILL_X,2020,39.934,,NB,PS,3,LFS - Labour Force Sample Survey,Repository: ILO-STATISTICS - Micro data processing,,,1,,
ILO:DF_EMP_TEMP_SEX_OCU_NB(1.0),EGY,A,EMP_TEMP_NB,SEX_T,OCU_ISCO08_TOTAL,2020,26238.958,,NB,PS,3,LFS - Labour Force Sample Survey,Repository: ILO-STATISTICS - Micro data processing,,,1,,
ILO:DF_EMP_TEMP_SEX_OCU_NB(1.0),EGY,A,EMP_TEMP_NB,SEX_T,OCU_ISCO08_1,2020,2099.926,,NB,PS,3,LFS - Labour Force Sample Survey,Repository: ILO-STATISTICS - Micro data processing,,,1,,
ILO:DF_EMP_TEMP_SEX_OCU_NB(1.0),EGY,A,EMP_TEMP_NB,SEX_T,OCU_ISCO08_2,2020,3103.696,,NB,PS,3,LFS - Labour Force Sample Survey,Repository: ILO-STATISTICS - Micro data processing,,,1,,
ILO:DF_EMP_TEMP_SEX_OCU_NB(1.0),EGY,A,EMP_TEMP_NB,SEX_T,OCU_ISCO08_3,2020,1818.591,,NB,PS,3,LFS - Labour Force Sample Survey,Repository: ILO-STATISTICS - Micro data processing,,,1,,
ILO:DF_EMP_TEMP_SEX_OCU_NB(1.0),EGY,A,EMP_TEMP_NB,SEX_T,OCU_ISCO08_4,2020,1235.288,,NB,PS,3,LFS - Labour Force Sample Survey,Repository: ILO-STATISTICS - Micro data processing,,,1,,
ILO:DF_EMP_TEMP_SEX_OCU_NB(1.0),EGY,A,EMP_TEMP_NB,SEX_T,OCU_ISCO08_5,2020,4633.218,,NB,PS,3,LFS - Labour Force Sample Survey,Repository: ILO-STATISTICS - Micro data processing,,,1,,
ILO:DF_EMP_TEMP_SEX_OCU_NB(1.0),EGY,A,EMP_TEMP_NB,SEX_T,OCU_ISCO08_6,2020,3950.791,,NB,PS,3,LFS - Labour Force Sample Survey,Repository: ILO-STATISTICS - Micro data processing,,,1,,
ILO:DF_EMP_TEMP_SEX_OCU_NB(1.0),EGY,A,EMP_TEMP_NB,SEX_T,OCU_ISCO08_7,2020,5115.232,,NB,PS,3,LFS - Labour Force Sample Survey,Repository: ILO-STATISTICS - Micro data processing,,,1,,
ILO:DF_EMP_TEMP_SEX_OCU_NB(1.0),EGY,A,EMP_TEMP_NB,SEX_T,OCU_ISCO08_8,2020,3013.18,,NB,PS,3,LFS - Labour Force Sample Survey,Repository: ILO-STATISTICS - Micro data processing,,,1,,
ILO:DF_EMP_TEMP_SEX_OCU_NB(1.0),EGY,A,EMP_TEMP_NB,SEX_T,OCU_ISCO08_9,2020,1229.102,,NB,PS,3,LFS - Labour Force Sample Survey,Repository: ILO-STATISTICS - Micro data processing,,,1,,
ILO:DF_EMP_TEMP_SEX_OCU_NB(1.0),EGY,A,EMP_TEMP_NB,SEX_T,OCU_ISCO08_X,2020,39.934,,NB,PS,3,LFS - Labour Force Sample Survey,Repository: ILO-STATISTICS - Micro data processing,,,1,,
ILO:DF_EMP_TEMP_SEX_OCU_NB(1.0),EGY,A,EMP_TEMP_NB,SEX_T,OCU_SKILL_TOTAL,2021,27240.999,,NB,PS,3,LFS - Labour Force Sample Survey,Repository: ILO-STATISTICS - Micro data processing,,,1,,
ILO:DF_EMP_TEMP_SEX_OCU_NB(1.0),EGY,A,EMP_TEMP_NB,SEX_T,OCU_SKILL_L3-4,2021,6201.019,,NB,PS,3,LFS - Labour Force Sample Survey,Repository: ILO-STATISTICS - Micro data processing,,,1,,
ILO:DF_EMP_TEMP_SEX_OCU_NB(1.0),EGY,A,EMP_TEMP_NB,SEX_T,OCU_SKILL_L2,2021,19600.342,,NB,PS,3,LFS - Labour Force Sample Survey,Repository: ILO-STATISTICS - Micro data processing,,,1,,
ILO:DF_EMP_TEMP_SEX_OCU_NB(1.0),EGY,A,EMP_TEMP_NB,SEX_T,OCU_SKILL_L1,2021,1386.455,,NB,PS,3,LFS - Labour Force Sample Survey,Repository: ILO-STATISTICS - Micro data processing,,,1,,
ILO:DF_EMP_TEMP_SEX_OCU_NB(1.0),EGY,A,EMP_TEMP_NB,SEX_T,OCU_SKILL_X,2021,53.183,,NB,PS,3,LFS - Labour Force Sample Survey,Repository: ILO-STATISTICS - Micro data processing,,,1,,
ILO:DF_EMP_TEMP_SEX_OCU_NB(1.0),EGY,A,EMP_TEMP_NB,SEX_T,OCU_ISCO08_TOTAL,2021,27240.999,,NB,PS,3,LFS - Labour Force Sample Survey,Repository: ILO-STATISTICS - Micro data processing,,,1,,
ILO:DF_EMP_TEMP_SEX_OCU_NB(1.0),EGY,A,EMP_TEMP_NB,SEX_T,OCU_ISCO08_1,2021,1022.263,,NB,PS,3,LFS - Labour Force Sample Survey,Repository: ILO-STATISTICS - Micro data processing,,,1,,
ILO:DF_EMP_TEMP_SEX_OCU_NB(1.0),EGY,A,EMP_TEMP_NB,SEX_T,OCU_ISCO08_2,2021,3364.481,,NB,PS,3,LFS - Labour Force Sample Survey,Repository: ILO-STATISTICS - Micro data processing,,,1,,
ILO:DF_EMP_TEMP_SEX_OCU_NB(1.0),EGY,A,EMP_TEMP_NB,SEX_T,OCU_ISCO08_3,2021,1814.275,,NB,PS,3,LFS - Labour Force Sample Survey,Repository: ILO-STATISTICS - Micro data processing,,,1,,
ILO:DF_EMP_TEMP_SEX_OCU_NB(1.0),EGY,A,EMP_TEMP_NB,SEX_T,OCU_ISCO08_4,2021,1291.793,,NB,PS,3,LFS - Labour Force Sample Survey,Repository: ILO-STATISTICS - Micro data processing,,,1,,
ILO:DF_EMP_TEMP_SEX_OCU_NB(1.0),EGY,A,EMP_TEMP_NB,SEX_T,OCU_ISCO08_5,2021,4844.747,,NB,PS,3,LFS - Labour Force Sample Survey,Repository: ILO-STATISTICS - Micro data processing,,,1,,
ILO:DF_EMP_TEMP_SEX_OCU_NB(1.0),EGY,A,EMP_TEMP_NB,SEX_T,OCU_ISCO08_6,2021,4920.694,,NB,PS,3,LFS - Labour Force Sample Survey,Repository: ILO-STATISTICS - Micro data processing,,,1,,
ILO:DF_EMP_TEMP_SEX_OCU_NB(1.0),EGY,A,EMP_TEMP_NB,SEX_T,OCU_ISCO08_7,2021,5325.158,,NB,PS,3,LFS - Labour Force Sample Survey,Repository: ILO-STATISTICS - Micro data processing,,,1,,
ILO:DF_EMP_TEMP_SEX_OCU_NB(1.0),EGY,A,EMP_TEMP_NB,SEX_T,OCU_ISCO08_8,2021,3217.95,,NB,PS,3,LFS - Labour Force Sample Survey,Repository: ILO-STATISTICS - Micro data processing,,,1,,
ILO:DF_EMP_TEMP_SEX_OCU_NB(1.0),EGY,A,EMP_TEMP_NB,SEX_T,OCU_ISCO08_9,2021,1386.455,,NB,PS,3,LFS - Labour Force Sample Survey,Repository: ILO-STATISTICS - Micro data processing,,,1,,
ILO:DF_EMP_TEMP_SEX_OCU_NB(1.0),EGY,A,EMP_TEMP_NB,SEX_T,OCU_ISCO08_X,2021,53.183,,NB,PS,3,LFS - Labour Force Sample Survey,Repository: ILO-STATISTICS - Micro data processing,,,1,,
ILO:DF_EMP_TEMP_SEX_OCU_NB(1.0),EGY,A,EMP_TEMP_NB,SEX_T,OCU_SKILL_TOTAL,2022,27976.39,,NB,PS,3,LFS - Labour Force Sample Survey,Repository: ILO-STATISTICS - Micro data processing,,,1,,
ILO:DF_EMP_TEMP_SEX_OCU_NB(1.0),EGY,A,EMP_TEMP_NB,SEX_T,OCU_SKILL_L3-4,2022,6197.311,,NB,PS,3,LFS - Labour Force Sample Survey,Repository: ILO-STATISTICS - Micro data processing,,,1,,
ILO:DF_EMP_TEMP_SEX_OCU_NB(1.0),EGY,A,EMP_TEMP_NB,SEX_T,OCU_SKILL_L2,2022,20247.144,,NB,PS,3,LFS - Labour Force Sample Survey,Repository: ILO-STATISTICS - Micro data processing,,,1,,
ILO:DF_EMP_TEMP_SEX_OCU_NB(1.0),EGY,A,EMP_TEMP_NB,SEX_T,OCU_SKILL_L1,2022,1493.108,,NB,PS,3,LFS - Labour Force Sample Survey,Repository: ILO-STATISTICS - Micro data processing,,,1,,
ILO:DF_EMP_TEMP_SEX_OCU_NB(1.0),EGY,A,EMP_TEMP_NB,SEX_T,OCU_SKILL_X,2022,38.827,,NB,PS,3,LFS - Labour Force Sample Survey,Repository: ILO-STATISTICS - Micro data processing,,,1,,
ILO:DF_EMP_TEMP_SEX_OCU_NB(1.0),EGY,A,EMP_TEMP_NB,SEX_T,OCU_ISCO08_TOTAL,2022,27976.39,,NB,PS,3,LFS - Labour Force Sample Survey,Repository: ILO-STATISTICS - Micro data processing,,,1,,
ILO:DF_EMP_TEMP_SEX_OCU_NB(1.0),EGY,A,EMP_TEMP_NB,SEX_T,OCU_ISCO08_1,2022,947.859,,NB,PS,3,LFS - Labour Force Sample Survey,Repository: ILO-STATISTICS - Micro data processing,,,1,,
ILO:DF_EMP_TEMP_SEX_OCU_NB(1.0),EGY,A,EMP_TEMP_NB,SEX_T,OCU_ISCO08_2,2022,3459.538,,NB,PS,3,LFS - Labour Force Sample Survey,Repository: ILO-STATISTICS - Micro data processing,,,1,,
ILO:DF_EMP_TEMP_SEX_OCU_NB(1.0),EGY,A,EMP_TEMP_NB,SEX_T,OCU_ISCO08_3,2022,1789.914,,NB,PS,3,LFS - Labour Force Sample Survey,Repository: ILO-STATISTICS - Micro data processing,,,1,,
ILO:DF_EMP_TEMP_SEX_OCU_NB(1.0),EGY,A,EMP_TEMP_NB,SEX_T,OCU_ISCO08_4,2022,1381.164,,NB,PS,3,LFS - Labour Force Sample Survey,Repository: ILO-STATISTICS - Micro data processing,,,1,,
ILO:DF_EMP_TEMP_SEX_OCU_NB(1.0),EGY,A,EMP_TEMP_NB,SEX_T,OCU_ISCO08_5,2022,4983.532,,NB,PS,3,LFS - Labour Force Sample Survey,Repository: ILO-STATISTICS - Micro data processing,,,1,,
ILO:DF_EMP_TEMP_SEX_OCU_NB(1.0),EGY,A,EMP_TEMP_NB,SEX_T,OCU_ISCO08_6,2022,5030.952,,NB,PS,3,LFS - Labour Force Sample Survey,Repository: ILO-STATISTICS - Micro data processing,,,1,,
ILO:DF_EMP_TEMP_SEX_OCU_NB(1.0),EGY,A,EMP_TEMP_NB,SEX_T,OCU_ISCO08_7,2022,5430.469,,NB,PS,3,LFS - Labour Force Sample Survey,Repository: ILO-STATISTICS - Micro data processing,,,1,,
ILO:DF_EMP_TEMP_SEX_OCU_NB(1.0),EGY,A,EMP_TEMP_NB,SEX_T,OCU_ISCO08_8,2022,3421.027,,NB,PS,3,LFS - Labour Force Sample Survey,Repository: ILO-STATISTICS - Micro data processing,,,1,,
ILO:DF_EMP_TEMP_SEX_OCU_NB(1.0),EGY,A,EMP_TEMP_NB,SEX_T,OCU_ISCO08_9,2022,1493.108,,NB,PS,3,LFS - Labour Force Sample Survey,Repository: ILO-STATISTICS - Micro data processing,,,1,,
ILO:DF_EMP_TEMP_SEX_OCU_NB(1.0),EGY,A,EMP_TEMP_NB,SEX_T,OCU_ISCO08_X,2022,38.827,,NB,PS,3,LFS - Labour Force Sample Survey,Repository: ILO-STATISTICS - Micro data processing,,,1,,
ILO:DF_EMP_TEMP_SEX_OCU_NB(1.0),EGY,A,EMP_TEMP_NB,SEX_T,OCU_SKILL_TOTAL,2023,29886.074,,NB,PS,3,LFS - Labour Force Sample Survey,Repository: ILO-STATISTICS - Micro data processing,,,1,,
ILO:DF_EMP_TEMP_SEX_OCU_NB(1.0),EGY,A,EMP_TEMP_NB,SEX_T,OCU_SKILL_L3-4,2023,6354.273,,NB,PS,3,LFS - Labour Force Sample Survey,Repository: ILO-STATISTICS - Micro data processing,,,1,,
ILO:DF_EMP_TEMP_SEX_OCU_NB(1.0),EGY,A,EMP_TEMP_NB,SEX_T,OCU_SKILL_L2,2023,21036.841,,NB,PS,3,LFS - Labour Force Sample Survey,Repository: ILO-STATISTICS - Micro data processing,,,1,,
ILO:DF_EMP_TEMP_SEX_OCU_NB(1.0),EGY,A,EMP_TEMP_NB,SEX_T,OCU_SKILL_L1,2023,1567.95,,NB,PS,3,LFS - Labour Force Sample Survey,Repository: ILO-STATISTICS - Micro data processing,,,1,,
ILO:DF_EMP_TEMP_SEX_OCU_NB(1.0),EGY,A,EMP_TEMP_NB,SEX_T,OCU_SKILL_X,2023,927.01,,NB,PS,3,LFS - Labour Force Sample Survey,Repository: ILO-STATISTICS - Micro data processing,,,1,,
ILO:DF_EMP_TEMP_SEX_OCU_NB(1.0),EGY,A,EMP_TEMP_NB,SEX_T,OCU_ISCO08_TOTAL,2023,29886.074,,NB,PS,3,LFS - Labour Force Sample Survey,Repository: ILO-STATISTICS - Micro data processing,,,1,,
ILO:DF_EMP_TEMP_SEX_OCU_NB(1.0),EGY,A,EMP_TEMP_NB,SEX_T,OCU_ISCO08_1,2023,876.952,,NB,PS,3,LFS - Labour Force Sample Survey,Repository: ILO-STATISTICS - Micro data processing,,,1,,
ILO:DF_EMP_TEMP_SEX_OCU_NB(1.0),EGY,A,EMP_TEMP_NB,SEX_T,OCU_ISCO08_2,2023,3606.732,,NB,PS,3,LFS - Labour Force Sample Survey,Repository: ILO-STATISTICS - Micro data processing,,,1,,
ILO:DF_EMP_TEMP_SEX_OCU_NB(1.0),EGY,A,EMP_TEMP_NB,SEX_T,OCU_ISCO08_3,2023,1870.589,,NB,PS,3,LFS - Labour Force Sample Survey,Repository: ILO-STATISTICS - Micro data processing,,,1,,
ILO:DF_EMP_TEMP_SEX_OCU_NB(1.0),EGY,A,EMP_TEMP_NB,SEX_T,OCU_ISCO08_4,2023,1344.028,,NB,PS,3,LFS - Labour Force Sample Survey,Repository: ILO-STATISTICS - Micro data processing,,,1,,
ILO:DF_EMP_TEMP_SEX_OCU_NB(1.0),EGY,A,EMP_TEMP_NB,SEX_T,OCU_ISCO08_5,2023,5183.081,,NB,PS,3,LFS - Labour Force Sample Survey,Repository: ILO-STATISTICS - Micro data processing,,,1,,
ILO:DF_EMP_TEMP_SEX_OCU_NB(1.0),EGY,A,EMP_TEMP_NB,SEX_T,OCU_ISCO08_6,2023,5022.515,,NB,PS,3,LFS - Labour Force Sample Survey,Repository: ILO-STATISTICS - Micro data processing,,,1,,
ILO:DF_EMP_TEMP_SEX_OCU_NB(1.0),EGY,A,EMP_TEMP_NB,SEX_T,OCU_ISCO08_7,2023,5857.896,,NB,PS,3,LFS - Labour Force Sample Survey,Repository: ILO-STATISTICS - Micro data processing,,,1,,
ILO:DF_EMP_TEMP_SEX_OCU_NB(1.0),EGY,A,EMP_TEMP_NB,SEX_T,OCU_ISCO08_8,2023,3629.322,,NB,PS,3,LFS - Labour Force Sample Survey,Repository: ILO-STATISTICS - Micro data processing,,,1,,
ILO:DF_EMP_TEMP_SEX_OCU_NB(1.0),EGY,A,EMP_TEMP_NB,SEX_T,OCU_ISCO08_9,2023,1567.95,,NB,PS,3,LFS - Labour Force Sample Survey,Repository: ILO-STATISTICS - Micro data processing,,,1,,
ILO:DF_EMP_TEMP_SEX_OCU_NB(1.0),EGY,A,EMP_TEMP_NB,SEX_T,OCU_ISCO08_X,2023,927.01,,NB,PS,3,LFS - Labour Force Sample Survey,Repository: ILO-STATISTICS - Micro data processing,,,1,,
ILO:DF_EMP_TEMP_SEX_OCU_NB(1.0),EGY,A,EMP_TEMP_NB,SEX_T,OCU_SKILL_TOTAL,2024,32677.758,B,NB,PS,3,LFS - Labour Force Sample Survey,Repository: ILO-STATISTICS - Micro data processing,Break in series: Methodology revised,,1,,
ILO:DF_EMP_TEMP_SEX_OCU_NB(1.0),EGY,A,EMP_TEMP_NB,SEX_T,OCU_SKILL_L3-4,2024,6682.813,B,NB,PS,3,LFS - Labour Force Sample Survey,Repository: ILO-STATISTICS - Micro data processing,Break in series: Methodology revised,,1,,
ILO:DF_EMP_TEMP_SEX_OCU_NB(1.0),EGY,A,EMP_TEMP_NB,SEX_T,OCU_SKILL_L2,2024,21553.829,B,NB,PS,3,LFS - Labour Force Sample Survey,Repository: ILO-STATISTICS - Micro data processing,Break in series: Methodology revised,,1,,
ILO:DF_EMP_TEMP_SEX_OCU_NB(1.0),EGY,A,EMP_TEMP_NB,SEX_T,OCU_SKILL_L1,2024,1690.916,B,NB,PS,3,LFS - Labour Force Sample Survey,Repository: ILO-STATISTICS - Micro data processing,Break in series: Methodology revised,,1,,
ILO:DF_EMP_TEMP_SEX_OCU_NB(1.0),EGY,A,EMP_TEMP_NB,SEX_T,OCU_SKILL_X,2024,2750.2,B,NB,PS,3,LFS - Labour Force Sample Survey,Repository: ILO-STATISTICS - Micro data processing,Break in series: Methodology revised,,1,,
ILO:DF_EMP_TEMP_SEX_OCU_NB(1.0),EGY,A,EMP_TEMP_NB,SEX_T,OCU_ISCO08_TOTAL,2024,32677.758,B,NB,PS,3,LFS - Labour Force Sample Survey,Repository: ILO-STATISTICS - Micro data processing,Break in series: Methodology revised,,1,,
ILO:DF_EMP_TEMP_SEX_OCU_NB(1.0),EGY,A,EMP_TEMP_NB,SEX_T,OCU_ISCO08_1,2024,1094.682,B,NB,PS,3,LFS - Labour Force Sample Survey,Repository: ILO-STATISTICS - Micro data processing,Break in series: Methodology revised,,1,,
ILO:DF_EMP_TEMP_SEX_OCU_NB(1.0),EGY,A,EMP_TEMP_NB,SEX_T,OCU_ISCO08_2,2024,3590.112,B,NB,PS,3,LFS - Labour Force Sample Survey,Repository: ILO-STATISTICS - Micro data processing,Break in series: Methodology revised,,1,,
ILO:DF_EMP_TEMP_SEX_OCU_NB(1.0),EGY,A,EMP_TEMP_NB,SEX_T,OCU_ISCO08_3,2024,1998.019,B,NB,PS,3,LFS - Labour Force Sample Survey,Repository: ILO-STATISTICS - Micro data processing,Break in series: Methodology revised,,1,,
ILO:DF_EMP_TEMP_SEX_OCU_NB(1.0),EGY,A,EMP_TEMP_NB,SEX_T,OCU_ISCO08_4,2024,1402.85,B,NB,PS,3,LFS - Labour Force Sample Survey,Repository: ILO-STATISTICS - Micro data processing,Break in series: Methodology revised,,1,,
ILO:DF_EMP_TEMP_SEX_OCU_NB(1.0),EGY,A,EMP_TEMP_NB,SEX_T,OCU_ISCO08_5,2024,5463.173,B,NB,PS,3,LFS - Labour Force Sample Survey,Repository: ILO-STATISTICS - Micro data processing,Break in series: Methodology revised,,1,,
ILO:DF_EMP_TEMP_SEX_OCU_NB(1.0),EGY,A,EMP_TEMP_NB,SEX_T,OCU_ISCO08_6,2024,5138.556,B,NB,PS,3,LFS - Labour Force Sample Survey,Repository: ILO-STATISTICS - Micro data processing,Break in series: Methodology revised,,1,,
ILO:DF_EMP_TEMP_SEX_OCU_NB(1.0),EGY,A,EMP_TEMP_NB,SEX_T,OCU_ISCO08_7,2024,5767.076,B,NB,PS,3,LFS - Labour Force Sample Survey,Repository: ILO-STATISTICS - Micro data processing,Break in series: Methodology revised,,1,,
ILO:DF_EMP_TEMP_SEX_OCU_NB(1.0),EGY,A,EMP_TEMP_NB,SEX_T,OCU_ISCO08_8,2024,3782.174,B,NB,PS,3,LFS - Labour Force Sample Survey,Repository: ILO-STATISTICS - Micro data processing,Break in series: Methodology revised,,1,,
ILO:DF_EMP_TEMP_SEX_OCU_NB(1.0),EGY,A,EMP_TEMP_NB,SEX_T,OCU_ISCO08_9,2024,1690.916,B,NB,PS,3,LFS - Labour Force Sample Survey,Repository: ILO-STATISTICS - Micro data processing,Break in series: Methodology revised,,1,,
ILO:DF_EMP_TEMP_SEX_OCU_NB(1.0),EGY,A,EMP_TEMP_NB,SEX_T,OCU_ISCO08_X,2024,2750.2,B,NB,PS,3,LFS - Labour Force Sample Survey,Repository: ILO-STATISTICS - Micro data processing,Break in series: Methodology revised,,1,,
