DATAFLOW,REF_AREA,FREQ,MEASURE,SEX,OCU,TIME_PERIOD,OBS_VALUE,OBS_STATUS,UNIT_MEASURE_TYPE,UNIT_MEASURE,UNIT_MULT,SOURCE,NOTE_SOURCE,NOTE_INDICATOR,NOTE_CLASSIF,DECIMALS,UPPER_BOUND,LOWER_BOUND
ILO:DF_EMP_TEMP_SEX_OCU_NB(1.0),DEU,A,EMP_TEMP_NB,SEX_T,OCU_SKILL_TOTAL,1992,36525.423,,NB,PS,3,LFS - EU Labour Force Survey,Repository: ILO-STATISTICS - Micro data processing,,,1,,
ILO:DF_EMP_TEMP_SEX_OCU_NB(1.0),DEU,A,EMP_TEMP_NB,SEX_T,OCU_SKILL_L3-4,1992,12131.817,,NB,PS,3,LFS - EU Labour Force Survey,Repository: ILO-STATISTICS - Micro data processing,,,1,,
ILO:DF_EMP_TEMP_SEX_OCU_NB(1.0),DEU,A,EMP_TEMP_NB,SEX_T,OCU_SKILL_L2,1992,19478.368,,NB,PS,3,LFS - EU Labour Force Survey,Repository: ILO-STATISTICS - Micro data processing,,,1,,
ILO:DF_EMP_TEMP_SEX_OCU_NB(1.0),DEU,A,EMP_TEMP_NB,SEX_T,OCU_SKILL_L1,1992,2954.928,,NB,PS,3,LFS - EU Labour Force Survey,Repository: ILO-STATISTICS - Micro data processing,,,1,,
ILO:DF_EMP_TEMP_SEX_OCU_NB(1.0),DEU,A,EMP_TEMP_NB,SEX_T,OCU_SKILL_X,1992,1960.311,,NB,PS,3,LFS - EU Labour Force Survey,Repository: ILO-STATISTICS - Micro data processing,,,1,,
ILO:DF_EMP_TEMP_SEX_OCU_NB(1.0),DEU,A,EMP_TEMP_NB,SEX_T,OCU_ISCO88_TOTAL,1992,36525.423,,NB,PS,3,LFS - EU Labour Force Survey,Repository: ILO-STATISTICS - Micro data processing,,,1,,
ILO:DF_EMP_TEMP_SEX_OCU_NB(1.0),DEU,A,EMP_TEMP_NB,SEX_T,OCU_ISCO88_1,1992,1962.965,,NB,PS,3,LFS - EU Labour Force Survey,Repository: ILO-STATISTICS - Micro data processing,,,1,,
ILO:DF_EMP_TEMP_SEX_OCU_NB(1.0),DEU,A,EMP_TEMP_NB,SEX_T,OCU_ISCO88_2,1992,3782.513,,NB,PS,3,LFS - EU Labour Force Survey,Repository: ILO-STATISTICS - Micro data processing,,,1,,
ILO:DF_EMP_TEMP_SEX_OCU_NB(1.0),DEU,A,EMP_TEMP_NB,SEX_T,OCU_ISCO88_3,1992,6386.339,,NB,PS,3,LFS - EU Labour Force Survey,Repository: ILO-STATISTICS - Micro data processing,,,1,,
ILO:DF_EMP_TEMP_SEX_OCU_NB(1.0),DEU,A,EMP_TEMP_NB,SEX_T,OCU_ISCO88_4,1992,4865.344,,NB,PS,3,LFS - EU Labour Force Survey,Repository: ILO-STATISTICS - Micro data processing,,,1,,
ILO:DF_EMP_TEMP_SEX_OCU_NB(1.0),DEU,A,EMP_TEMP_NB,SEX_T,OCU_ISCO88_5,1992,3605.391,,NB,PS,3,LFS - EU Labour Force Survey,Repository: ILO-STATISTICS - Micro data processing,,,1,,
ILO:DF_EMP_TEMP_SEX_OCU_NB(1.0),DEU,A,EMP_TEMP_NB,SEX_T,OCU_ISCO88_6,1992,818.412,,NB,PS,3,LFS - EU Labour Force Survey,Repository: ILO-STATISTICS - Micro data processing,,,1,,
ILO:DF_EMP_TEMP_SEX_OCU_NB(1.0),DEU,A,EMP_TEMP_NB,SEX_T,OCU_ISCO88_7,1992,7120.683,,NB,PS,3,LFS - EU Labour Force Survey,Repository: ILO-STATISTICS - Micro data processing,,,1,,
ILO:DF_EMP_TEMP_SEX_OCU_NB(1.0),DEU,A,EMP_TEMP_NB,SEX_T,OCU_ISCO88_8,1992,3068.538,,NB,PS,3,LFS - EU Labour Force Survey,Repository: ILO-STATISTICS - Micro data processing,,,1,,
ILO:DF_EMP_TEMP_SEX_OCU_NB(1.0),DEU,A,EMP_TEMP_NB,SEX_T,OCU_ISCO88_9,1992,2954.928,,NB,PS,3,LFS - EU Labour Force Survey,Repository: ILO-STATISTICS - Micro data processing,,,1,,
ILO:DF_EMP_TEMP_SEX_OCU_NB(1.0),DEU,A,EMP_TEMP_NB,SEX_T,OCU_ISCO88_0,1992,276.741,,NB,PS,3,LFS - EU Labour Force Survey,Repository: ILO-STATISTICS - Micro data processing,,,1,,
ILO:DF_EMP_TEMP_SEX_OCU_NB(1.0),DEU,A,EMP_TEMP_NB,SEX_T,OCU_ISCO88_X,1992,1683.57,,NB,PS,3,LFS - EU Labour Force Survey,Repository: ILO-STATISTICS - Micro data processing,,,1,,
ILO:DF_EMP_TEMP_SEX_OCU_NB(1.0),DEU,A,EMP_TEMP_NB,SEX_T,OCU_SKILL_TOTAL,1993,36110.532,,NB,PS,3,LFS - EU Labour Force Survey,Repository: ILO-STATISTICS - Micro data processing,,,1,,
ILO:DF_EMP_TEMP_SEX_OCU_NB(1.0),DEU,A,EMP_TEMP_NB,SEX_T,OCU_SKILL_L3-4,1993,12623.725,,NB,PS,3,LFS - EU Labour Force Survey,Repository: ILO-STATISTICS - Micro data processing,,,1,,
ILO:DF_EMP_TEMP_SEX_OCU_NB(1.0),DEU,A,EMP_TEMP_NB,SEX_T,OCU_SKILL_L2,1993,19059.443,,NB,PS,3,LFS - EU Labour Force Survey,Repository: ILO-STATISTICS - Micro data processing,,,1,,
ILO:DF_EMP_TEMP_SEX_OCU_NB(1.0),DEU,A,EMP_TEMP_NB,SEX_T,OCU_SKILL_L1,1993,3004.926,,NB,PS,3,LFS - EU Labour Force Survey,Repository: ILO-STATISTICS - Micro data processing,,,1,,
ILO:DF_EMP_TEMP_SEX_OCU_NB(1.0),DEU,A,EMP_TEMP_NB,SEX_T,OCU_SKILL_X,1993,1422.438,,NB,PS,3,LFS - EU Labour Force Survey,Repository: ILO-STATISTICS - Micro data processing,,,1,,
ILO:DF_EMP_TEMP_SEX_OCU_NB(1.0),DEU,A,EMP_TEMP_NB,SEX_T,OCU_ISCO88_TOTAL,1993,36110.532,,NB,PS,3,LFS - EU Labour Force Survey,Repository: ILO-STATISTICS - Micro data processing,,,1,,
ILO:DF_EMP_TEMP_SEX_OCU_NB(1.0),DEU,A,EMP_TEMP_NB,SEX_T,OCU_ISCO88_1,1993,2127.373,,NB,PS,3,LFS - EU Labour Force Survey,Repository: ILO-STATISTICS - Micro data processing,,,1,,
ILO:DF_EMP_TEMP_SEX_OCU_NB(1.0),DEU,A,EMP_TEMP_NB,SEX_T,OCU_ISCO88_2,1993,3908.083,,NB,PS,3,LFS - EU Labour Force Survey,Repository: ILO-STATISTICS - Micro data processing,,,1,,
ILO:DF_EMP_TEMP_SEX_OCU_NB(1.0),DEU,A,EMP_TEMP_NB,SEX_T,OCU_ISCO88_3,1993,6588.27,,NB,PS,3,LFS - EU Labour Force Survey,Repository: ILO-STATISTICS - Micro data processing,,,1,,
ILO:DF_EMP_TEMP_SEX_OCU_NB(1.0),DEU,A,EMP_TEMP_NB,SEX_T,OCU_ISCO88_4,1993,4770.681,,NB,PS,3,LFS - EU Labour Force Survey,Repository: ILO-STATISTICS - Micro data processing,,,1,,
ILO:DF_EMP_TEMP_SEX_OCU_NB(1.0),DEU,A,EMP_TEMP_NB,SEX_T,OCU_ISCO88_5,1993,3695.293,,NB,PS,3,LFS - EU Labour Force Survey,Repository: ILO-STATISTICS - Micro data processing,,,1,,
ILO:DF_EMP_TEMP_SEX_OCU_NB(1.0),DEU,A,EMP_TEMP_NB,SEX_T,OCU_ISCO88_6,1993,816.219,,NB,PS,3,LFS - EU Labour Force Survey,Repository: ILO-STATISTICS - Micro data processing,,,1,,
ILO:DF_EMP_TEMP_SEX_OCU_NB(1.0),DEU,A,EMP_TEMP_NB,SEX_T,OCU_ISCO88_7,1993,6901.82,,NB,PS,3,LFS - EU Labour Force Survey,Repository: ILO-STATISTICS - Micro data processing,,,1,,
ILO:DF_EMP_TEMP_SEX_OCU_NB(1.0),DEU,A,EMP_TEMP_NB,SEX_T,OCU_ISCO88_8,1993,2875.43,,NB,PS,3,LFS - EU Labour Force Survey,Repository: ILO-STATISTICS - Micro data processing,,,1,,
ILO:DF_EMP_TEMP_SEX_OCU_NB(1.0),DEU,A,EMP_TEMP_NB,SEX_T,OCU_ISCO88_9,1993,3004.926,,NB,PS,3,LFS - EU Labour Force Survey,Repository: ILO-STATISTICS - Micro data processing,,,1,,
ILO:DF_EMP_TEMP_SEX_OCU_NB(1.0),DEU,A,EMP_TEMP_NB,SEX_T,OCU_ISCO88_0,1993,263.561,,NB,PS,3,LFS - EU Labour Force Survey,Repository: ILO-STATISTICS - Micro data processing,,,1,,
ILO:DF_EMP_TEMP_SEX_OCU_NB(1.0),DEU,A,EMP_TEMP_NB,SEX_T,OCU_ISCO88_X,1993,1158.878,,NB,PS,3,LFS - EU Labour Force Survey,Repository: ILO-STATISTICS - Micro data processing,,,1,,
ILO:DF_EMP_TEMP_SEX_OCU_NB(1.0),DEU,A,EMP_TEMP_NB,SEX_T,OCU_SKILL_TOTAL,1994,35838.297,,NB,PS,3,LFS - EU Labour Force Survey,Repository: ILO-STATISTICS - Micro data processing,,,1,,
ILO:DF_EMP_TEMP_SEX_OCU_NB(1.0),DEU,A,EMP_TEMP_NB,SEX_T,OCU_SKILL_L3-4,1994,12763.883,,NB,PS,3,LFS - EU Labour Force Survey,Repository: ILO-STATISTICS - Micro data processing,,,1,,
ILO:DF_EMP_TEMP_SEX_OCU_NB(1.0),DEU,A,EMP_TEMP_NB,SEX_T,OCU_SKILL_L2,1994,18900.762,,NB,PS,3,LFS - EU Labour Force Survey,Repository: ILO-STATISTICS - Micro data processing,,,1,,
ILO:DF_EMP_TEMP_SEX_OCU_NB(1.0),DEU,A,EMP_TEMP_NB,SEX_T,OCU_SKILL_L1,1994,2890.265,,NB,PS,3,LFS - EU Labour Force Survey,Repository: ILO-STATISTICS - Micro data processing,,,1,,
ILO:DF_EMP_TEMP_SEX_OCU_NB(1.0),DEU,A,EMP_TEMP_NB,SEX_T,OCU_SKILL_X,1994,1283.388,,NB,PS,3,LFS - EU Labour Force Survey,Repository: ILO-STATISTICS - Micro data processing,,,1,,
ILO:DF_EMP_TEMP_SEX_OCU_NB(1.0),DEU,A,EMP_TEMP_NB,SEX_T,OCU_ISCO88_TOTAL,1994,35838.297,,NB,PS,3,LFS - EU Labour Force Survey,Repository: ILO-STATISTICS - Micro data processing,,,1,,
ILO:DF_EMP_TEMP_SEX_OCU_NB(1.0),DEU,A,EMP_TEMP_NB,SEX_T,OCU_ISCO88_1,1994,2087.833,,NB,PS,3,LFS - EU Labour Force Survey,Repository: ILO-STATISTICS - Micro data processing,,,1,,
ILO:DF_EMP_TEMP_SEX_OCU_NB(1.0),DEU,A,EMP_TEMP_NB,SEX_T,OCU_ISCO88_2,1994,3996.913,,NB,PS,3,LFS - EU Labour Force Survey,Repository: ILO-STATISTICS - Micro data processing,,,1,,
ILO:DF_EMP_TEMP_SEX_OCU_NB(1.0),DEU,A,EMP_TEMP_NB,SEX_T,OCU_ISCO88_3,1994,6679.137,,NB,PS,3,LFS - EU Labour Force Survey,Repository: ILO-STATISTICS - Micro data processing,,,1,,
ILO:DF_EMP_TEMP_SEX_OCU_NB(1.0),DEU,A,EMP_TEMP_NB,SEX_T,OCU_ISCO88_4,1994,4792.927,,NB,PS,3,LFS - EU Labour Force Survey,Repository: ILO-STATISTICS - Micro data processing,,,1,,
ILO:DF_EMP_TEMP_SEX_OCU_NB(1.0),DEU,A,EMP_TEMP_NB,SEX_T,OCU_ISCO88_5,1994,3808.195,,NB,PS,3,LFS - EU Labour Force Survey,Repository: ILO-STATISTICS - Micro data processing,,,1,,
ILO:DF_EMP_TEMP_SEX_OCU_NB(1.0),DEU,A,EMP_TEMP_NB,SEX_T,OCU_ISCO88_6,1994,793.768,,NB,PS,3,LFS - EU Labour Force Survey,Repository: ILO-STATISTICS - Micro data processing,,,1,,
ILO:DF_EMP_TEMP_SEX_OCU_NB(1.0),DEU,A,EMP_TEMP_NB,SEX_T,OCU_ISCO88_7,1994,6742.429,,NB,PS,3,LFS - EU Labour Force Survey,Repository: ILO-STATISTICS - Micro data processing,,,1,,
ILO:DF_EMP_TEMP_SEX_OCU_NB(1.0),DEU,A,EMP_TEMP_NB,SEX_T,OCU_ISCO88_8,1994,2763.443,,NB,PS,3,LFS - EU Labour Force Survey,Repository: ILO-STATISTICS - Micro data processing,,,1,,
ILO:DF_EMP_TEMP_SEX_OCU_NB(1.0),DEU,A,EMP_TEMP_NB,SEX_T,OCU_ISCO88_9,1994,2890.265,,NB,PS,3,LFS - EU Labour Force Survey,Repository: ILO-STATISTICS - Micro data processing,,,1,,
ILO:DF_EMP_TEMP_SEX_OCU_NB(1.0),DEU,A,EMP_TEMP_NB,SEX_T,OCU_ISCO88_0,1994,232.198,,NB,PS,3,LFS - EU Labour Force Survey,Repository: ILO-STATISTICS - Micro data processing,,,1,,
ILO:DF_EMP_TEMP_SEX_OCU_NB(1.0),DEU,A,EMP_TEMP_NB,SEX_T,OCU_ISCO88_X,1994,1051.19,,NB,PS,3,LFS - EU Labour Force Survey,Repository: ILO-STATISTICS - Micro data processing,,,1,,
ILO:DF_EMP_TEMP_SEX_OCU_NB(1.0),DEU,A,EMP_TEMP_NB,SEX_T,OCU_SKILL_TOTAL,1995,35780.461,,NB,PS,3,LFS - EU Labour Force Survey,Repository: ILO-STATISTICS - Micro data processing,,,1,,
ILO:DF_EMP_TEMP_SEX_OCU_NB(1.0),DEU,A,EMP_TEMP_NB,SEX_T,OCU_SKILL_L3-4,1995,12999.246,,NB,PS,3,LFS - EU Labour Force Survey,Repository: ILO-STATISTICS - Micro data processing,,,1,,
ILO:DF_EMP_TEMP_SEX_OCU_NB(1.0),DEU,A,EMP_TEMP_NB,SEX_T,OCU_SKILL_L2,1995,18842.525,,NB,PS,3,LFS - EU Labour Force Survey,Repository: ILO-STATISTICS - Micro data processing,,,1,,
ILO:DF_EMP_TEMP_SEX_OCU_NB(1.0),DEU,A,EMP_TEMP_NB,SEX_T,OCU_SKILL_L1,1995,2805.264,,NB,PS,3,LFS - EU Labour Force Survey,Repository: ILO-STATISTICS - Micro data processing,,,1,,
ILO:DF_EMP_TEMP_SEX_OCU_NB(1.0),DEU,A,EMP_TEMP_NB,SEX_T,OCU_SKILL_X,1995,1133.427,,NB,PS,3,LFS - EU Labour Force Survey,Repository: ILO-STATISTICS - Micro data processing,,,1,,
ILO:DF_EMP_TEMP_SEX_OCU_NB(1.0),DEU,A,EMP_TEMP_NB,SEX_T,OCU_ISCO88_TOTAL,1995,35780.461,,NB,PS,3,LFS - EU Labour Force Survey,Repository: ILO-STATISTICS - Micro data processing,,,1,,
ILO:DF_EMP_TEMP_SEX_OCU_NB(1.0),DEU,A,EMP_TEMP_NB,SEX_T,OCU_ISCO88_1,1995,2150.647,,NB,PS,3,LFS - EU Labour Force Survey,Repository: ILO-STATISTICS - Micro data processing,,,1,,
ILO:DF_EMP_TEMP_SEX_OCU_NB(1.0),DEU,A,EMP_TEMP_NB,SEX_T,OCU_ISCO88_2,1995,4110.193,,NB,PS,3,LFS - EU Labour Force Survey,Repository: ILO-STATISTICS - Micro data processing,,,1,,
ILO:DF_EMP_TEMP_SEX_OCU_NB(1.0),DEU,A,EMP_TEMP_NB,SEX_T,OCU_ISCO88_3,1995,6738.406,,NB,PS,3,LFS - EU Labour Force Survey,Repository: ILO-STATISTICS - Micro data processing,,,1,,
ILO:DF_EMP_TEMP_SEX_OCU_NB(1.0),DEU,A,EMP_TEMP_NB,SEX_T,OCU_ISCO88_4,1995,4701.151,,NB,PS,3,LFS - EU Labour Force Survey,Repository: ILO-STATISTICS - Micro data processing,,,1,,
ILO:DF_EMP_TEMP_SEX_OCU_NB(1.0),DEU,A,EMP_TEMP_NB,SEX_T,OCU_ISCO88_5,1995,3881.034,,NB,PS,3,LFS - EU Labour Force Survey,Repository: ILO-STATISTICS - Micro data processing,,,1,,
ILO:DF_EMP_TEMP_SEX_OCU_NB(1.0),DEU,A,EMP_TEMP_NB,SEX_T,OCU_ISCO88_6,1995,795.998,,NB,PS,3,LFS - EU Labour Force Survey,Repository: ILO-STATISTICS - Micro data processing,,,1,,
ILO:DF_EMP_TEMP_SEX_OCU_NB(1.0),DEU,A,EMP_TEMP_NB,SEX_T,OCU_ISCO88_7,1995,6714.044,,NB,PS,3,LFS - EU Labour Force Survey,Repository: ILO-STATISTICS - Micro data processing,,,1,,
ILO:DF_EMP_TEMP_SEX_OCU_NB(1.0),DEU,A,EMP_TEMP_NB,SEX_T,OCU_ISCO88_8,1995,2750.297,,NB,PS,3,LFS - EU Labour Force Survey,Repository: ILO-STATISTICS - Micro data processing,,,1,,
ILO:DF_EMP_TEMP_SEX_OCU_NB(1.0),DEU,A,EMP_TEMP_NB,SEX_T,OCU_ISCO88_9,1995,2805.264,,NB,PS,3,LFS - EU Labour Force Survey,Repository: ILO-STATISTICS - Micro data processing,,,1,,
ILO:DF_EMP_TEMP_SEX_OCU_NB(1.0),DEU,A,EMP_TEMP_NB,SEX_T,OCU_ISCO88_0,1995,211.438,,NB,PS,3,LFS - EU Labour Force Survey,Repository: ILO-STATISTICS - Micro data processing,,,1,,
ILO:DF_EMP_TEMP_SEX_OCU_NB(1.0),DEU,A,EMP_TEMP_NB,SEX_T,OCU_ISCO88_X,1995,921.99,,NB,PS,3,LFS - EU Labour Force Survey,Repository: ILO-STATISTICS - Micro data processing,,,1,,
ILO:DF_EMP_TEMP_SEX_OCU_NB(1.0),DEU,A,EMP_TEMP_NB,SEX_T,OCU_SKILL_TOTAL,1996,35630.534,,NB,PS,3,LFS - EU Labour Force Survey,Repository: ILO-STATISTICS - Micro data processing,,,1,,
ILO:DF_EMP_TEMP_SEX_OCU_NB(1.0),DEU,A,EMP_TEMP_NB,SEX_T,OCU_SKILL_L3-4,1996,13388.137,,NB,PS,3,LFS - EU Labour Force Survey,Repository: ILO-STATISTICS - Micro data processing,,,1,,
ILO:DF_EMP_TEMP_SEX_OCU_NB(1.0),DEU,A,EMP_TEMP_NB,SEX_T,OCU_SKILL_L2,1996,18912.721,,NB,PS,3,LFS - EU Labour Force Survey,Repository: ILO-STATISTICS - Micro data processing,,,1,,
ILO:DF_EMP_TEMP_SEX_OCU_NB(1.0),DEU,A,EMP_TEMP_NB,SEX_T,OCU_SKILL_L1,1996,2606.59,,NB,PS,3,LFS - EU Labour Force Survey,Repository: ILO-STATISTICS - Micro data processing,,,1,,
ILO:DF_EMP_TEMP_SEX_OCU_NB(1.0),DEU,A,EMP_TEMP_NB,SEX_T,OCU_SKILL_X,1996,723.086,,NB,PS,3,LFS - EU Labour Force Survey,Repository: ILO-STATISTICS - Micro data processing,,,1,,
ILO:DF_EMP_TEMP_SEX_OCU_NB(1.0),DEU,A,EMP_TEMP_NB,SEX_T,OCU_ISCO88_TOTAL,1996,35630.534,,NB,PS,3,LFS - EU Labour Force Survey,Repository: ILO-STATISTICS - Micro data processing,,,1,,
ILO:DF_EMP_TEMP_SEX_OCU_NB(1.0),DEU,A,EMP_TEMP_NB,SEX_T,OCU_ISCO88_1,1996,2052.638,,NB,PS,3,LFS - EU Labour Force Survey,Repository: ILO-STATISTICS - Micro data processing,,,1,,
ILO:DF_EMP_TEMP_SEX_OCU_NB(1.0),DEU,A,EMP_TEMP_NB,SEX_T,OCU_ISCO88_2,1996,4318.686,,NB,PS,3,LFS - EU Labour Force Survey,Repository: ILO-STATISTICS - Micro data processing,,,1,,
ILO:DF_EMP_TEMP_SEX_OCU_NB(1.0),DEU,A,EMP_TEMP_NB,SEX_T,OCU_ISCO88_3,1996,7016.814,,NB,PS,3,LFS - EU Labour Force Survey,Repository: ILO-STATISTICS - Micro data processing,,,1,,
ILO:DF_EMP_TEMP_SEX_OCU_NB(1.0),DEU,A,EMP_TEMP_NB,SEX_T,OCU_ISCO88_4,1996,4609.905,,NB,PS,3,LFS - EU Labour Force Survey,Repository: ILO-STATISTICS - Micro data processing,,,1,,
ILO:DF_EMP_TEMP_SEX_OCU_NB(1.0),DEU,A,EMP_TEMP_NB,SEX_T,OCU_ISCO88_5,1996,4012.368,,NB,PS,3,LFS - EU Labour Force Survey,Repository: ILO-STATISTICS - Micro data processing,,,1,,
ILO:DF_EMP_TEMP_SEX_OCU_NB(1.0),DEU,A,EMP_TEMP_NB,SEX_T,OCU_ISCO88_6,1996,766.045,,NB,PS,3,LFS - EU Labour Force Survey,Repository: ILO-STATISTICS - Micro data processing,,,1,,
ILO:DF_EMP_TEMP_SEX_OCU_NB(1.0),DEU,A,EMP_TEMP_NB,SEX_T,OCU_ISCO88_7,1996,6726.982,,NB,PS,3,LFS - EU Labour Force Survey,Repository: ILO-STATISTICS - Micro data processing,,,1,,
ILO:DF_EMP_TEMP_SEX_OCU_NB(1.0),DEU,A,EMP_TEMP_NB,SEX_T,OCU_ISCO88_8,1996,2797.421,,NB,PS,3,LFS - EU Labour Force Survey,Repository: ILO-STATISTICS - Micro data processing,,,1,,
ILO:DF_EMP_TEMP_SEX_OCU_NB(1.0),DEU,A,EMP_TEMP_NB,SEX_T,OCU_ISCO88_9,1996,2606.59,,NB,PS,3,LFS - EU Labour Force Survey,Repository: ILO-STATISTICS - Micro data processing,,,1,,
ILO:DF_EMP_TEMP_SEX_OCU_NB(1.0),DEU,A,EMP_TEMP_NB,SEX_T,OCU_ISCO88_0,1996,228.121,,NB,PS,3,LFS - EU Labour Force Survey,Repository: ILO-STATISTICS - Micro data processing,,,1,,
ILO:DF_EMP_TEMP_SEX_OCU_NB(1.0),DEU,A,EMP_TEMP_NB,SEX_T,OCU_ISCO88_X,1996,494.965,,NB,PS,3,LFS - EU Labour Force Survey,Repository: ILO-STATISTICS - Micro data processing,,,1,,
ILO:DF_EMP_TEMP_SEX_OCU_NB(1.0),DEU,A,EMP_TEMP_NB,SEX_T,OCU_SKILL_TOTAL,1997,35297.905,,NB,PS,3,LFS - EU Labour Force Survey,Repository: ILO-STATISTICS - Micro data processing,,,1,,
ILO:DF_EMP_TEMP_SEX_OCU_NB(1.0),DEU,A,EMP_TEMP_NB,SEX_T,OCU_SKILL_L3-4,1997,13506,,NB,PS,3,LFS - EU Labour Force Survey,Repository: ILO-STATISTICS - Micro data processing,,,1,,
ILO:DF_EMP_TEMP_SEX_OCU_NB(1.0),DEU,A,EMP_TEMP_NB,SEX_T,OCU_SKILL_L2,1997,18451.459,,NB,PS,3,LFS - EU Labour Force Survey,Repository: ILO-STATISTICS - Micro data processing,,,1,,
ILO:DF_EMP_TEMP_SEX_OCU_NB(1.0),DEU,A,EMP_TEMP_NB,SEX_T,OCU_SKILL_L1,1997,2615.567,,NB,PS,3,LFS - EU Labour Force Survey,Repository: ILO-STATISTICS - Micro data processing,,,1,,
ILO:DF_EMP_TEMP_SEX_OCU_NB(1.0),DEU,A,EMP_TEMP_NB,SEX_T,OCU_SKILL_X,1997,724.879,,NB,PS,3,LFS - EU Labour Force Survey,Repository: ILO-STATISTICS - Micro data processing,,,1,,
ILO:DF_EMP_TEMP_SEX_OCU_NB(1.0),DEU,A,EMP_TEMP_NB,SEX_T,OCU_ISCO88_TOTAL,1997,35297.905,,NB,PS,3,LFS - EU Labour Force Survey,Repository: ILO-STATISTICS - Micro data processing,,,1,,
ILO:DF_EMP_TEMP_SEX_OCU_NB(1.0),DEU,A,EMP_TEMP_NB,SEX_T,OCU_ISCO88_1,1997,2078.712,,NB,PS,3,LFS - EU Labour Force Survey,Repository: ILO-STATISTICS - Micro data processing,,,1,,
ILO:DF_EMP_TEMP_SEX_OCU_NB(1.0),DEU,A,EMP_TEMP_NB,SEX_T,OCU_ISCO88_2,1997,4415.09,,NB,PS,3,LFS - EU Labour Force Survey,Repository: ILO-STATISTICS - Micro data processing,,,1,,
ILO:DF_EMP_TEMP_SEX_OCU_NB(1.0),DEU,A,EMP_TEMP_NB,SEX_T,OCU_ISCO88_3,1997,7012.198,,NB,PS,3,LFS - EU Labour Force Survey,Repository: ILO-STATISTICS - Micro data processing,,,1,,
ILO:DF_EMP_TEMP_SEX_OCU_NB(1.0),DEU,A,EMP_TEMP_NB,SEX_T,OCU_ISCO88_4,1997,4540.694,,NB,PS,3,LFS - EU Labour Force Survey,Repository: ILO-STATISTICS - Micro data processing,,,1,,
ILO:DF_EMP_TEMP_SEX_OCU_NB(1.0),DEU,A,EMP_TEMP_NB,SEX_T,OCU_ISCO88_5,1997,3972.854,,NB,PS,3,LFS - EU Labour Force Survey,Repository: ILO-STATISTICS - Micro data processing,,,1,,
ILO:DF_EMP_TEMP_SEX_OCU_NB(1.0),DEU,A,EMP_TEMP_NB,SEX_T,OCU_ISCO88_6,1997,776.268,,NB,PS,3,LFS - EU Labour Force Survey,Repository: ILO-STATISTICS - Micro data processing,,,1,,
ILO:DF_EMP_TEMP_SEX_OCU_NB(1.0),DEU,A,EMP_TEMP_NB,SEX_T,OCU_ISCO88_7,1997,6517.341,,NB,PS,3,LFS - EU Labour Force Survey,Repository: ILO-STATISTICS - Micro data processing,,,1,,
ILO:DF_EMP_TEMP_SEX_OCU_NB(1.0),DEU,A,EMP_TEMP_NB,SEX_T,OCU_ISCO88_8,1997,2644.302,,NB,PS,3,LFS - EU Labour Force Survey,Repository: ILO-STATISTICS - Micro data processing,,,1,,
ILO:DF_EMP_TEMP_SEX_OCU_NB(1.0),DEU,A,EMP_TEMP_NB,SEX_T,OCU_ISCO88_9,1997,2615.567,,NB,PS,3,LFS - EU Labour Force Survey,Repository: ILO-STATISTICS - Micro data processing,,,1,,
ILO:DF_EMP_TEMP_SEX_OCU_NB(1.0),DEU,A,EMP_TEMP_NB,SEX_T,OCU_ISCO88_0,1997,228.675,,NB,PS,3,LFS - EU Labour Force Survey,Repository: ILO-STATISTICS - Micro data processing,,,1,,
ILO:DF_EMP_TEMP_SEX_OCU_NB(1.0),DEU,A,EMP_TEMP_NB,SEX_T,OCU_ISCO88_X,1997,496.204,,NB,PS,3,LFS - EU Labour Force Survey,Repository: ILO-STATISTICS - Micro data processing,,,1,,
ILO:DF_EMP_TEMP_SEX_OCU_NB(1.0),DEU,A,EMP_TEMP_NB,SEX_T,OCU_SKILL_TOTAL,1998,35535.405,,NB,PS,3,LFS - EU Labour Force Survey,Repository: ILO-STATISTICS - Micro data processing,,,1,,
ILO:DF_EMP_TEMP_SEX_OCU_NB(1.0),DEU,A,EMP_TEMP_NB,SEX_T,OCU_SKILL_L3-4,1998,13689.585,,NB,PS,3,LFS - EU Labour Force Survey,Repository: ILO-STATISTICS - Micro data processing,,,1,,
ILO:DF_EMP_TEMP_SEX_OCU_NB(1.0),DEU,A,EMP_TEMP_NB,SEX_T,OCU_SKILL_L2,1998,18427.518,,NB,PS,3,LFS - EU Labour Force Survey,Repository: ILO-STATISTICS - Micro data processing,,,1,,
ILO:DF_EMP_TEMP_SEX_OCU_NB(1.0),DEU,A,EMP_TEMP_NB,SEX_T,OCU_SKILL_L1,1998,2656.217,,NB,PS,3,LFS - EU Labour Force Survey,Repository: ILO-STATISTICS - Micro data processing,,,1,,
ILO:DF_EMP_TEMP_SEX_OCU_NB(1.0),DEU,A,EMP_TEMP_NB,SEX_T,OCU_SKILL_X,1998,762.085,,NB,PS,3,LFS - EU Labour Force Survey,Repository: ILO-STATISTICS - Micro data processing,,,1,,
ILO:DF_EMP_TEMP_SEX_OCU_NB(1.0),DEU,A,EMP_TEMP_NB,SEX_T,OCU_ISCO88_TOTAL,1998,35535.405,,NB,PS,3,LFS - EU Labour Force Survey,Repository: ILO-STATISTICS - Micro data processing,,,1,,
ILO:DF_EMP_TEMP_SEX_OCU_NB(1.0),DEU,A,EMP_TEMP_NB,SEX_T,OCU_ISCO88_1,1998,2036.658,,NB,PS,3,LFS - EU Labour Force Survey,Repository: ILO-STATISTICS - Micro data processing,,,1,,
ILO:DF_EMP_TEMP_SEX_OCU_NB(1.0),DEU,A,EMP_TEMP_NB,SEX_T,OCU_ISCO88_2,1998,4578.559,,NB,PS,3,LFS - EU Labour Force Survey,Repository: ILO-STATISTICS - Micro data processing,,,1,,
ILO:DF_EMP_TEMP_SEX_OCU_NB(1.0),DEU,A,EMP_TEMP_NB,SEX_T,OCU_ISCO88_3,1998,7074.368,,NB,PS,3,LFS - EU Labour Force Survey,Repository: ILO-STATISTICS - Micro data processing,,,1,,
ILO:DF_EMP_TEMP_SEX_OCU_NB(1.0),DEU,A,EMP_TEMP_NB,SEX_T,OCU_ISCO88_4,1998,4516.168,,NB,PS,3,LFS - EU Labour Force Survey,Repository: ILO-STATISTICS - Micro data processing,,,1,,
ILO:DF_EMP_TEMP_SEX_OCU_NB(1.0),DEU,A,EMP_TEMP_NB,SEX_T,OCU_ISCO88_5,1998,4032.961,,NB,PS,3,LFS - EU Labour Force Survey,Repository: ILO-STATISTICS - Micro data processing,,,1,,
ILO:DF_EMP_TEMP_SEX_OCU_NB(1.0),DEU,A,EMP_TEMP_NB,SEX_T,OCU_ISCO88_6,1998,742.43,,NB,PS,3,LFS - EU Labour Force Survey,Repository: ILO-STATISTICS - Micro data processing,,,1,,
ILO:DF_EMP_TEMP_SEX_OCU_NB(1.0),DEU,A,EMP_TEMP_NB,SEX_T,OCU_ISCO88_7,1998,6469.021,,NB,PS,3,LFS - EU Labour Force Survey,Repository: ILO-STATISTICS - Micro data processing,,,1,,
ILO:DF_EMP_TEMP_SEX_OCU_NB(1.0),DEU,A,EMP_TEMP_NB,SEX_T,OCU_ISCO88_8,1998,2666.938,,NB,PS,3,LFS - EU Labour Force Survey,Repository: ILO-STATISTICS - Micro data processing,,,1,,
ILO:DF_EMP_TEMP_SEX_OCU_NB(1.0),DEU,A,EMP_TEMP_NB,SEX_T,OCU_ISCO88_9,1998,2656.217,,NB,PS,3,LFS - EU Labour Force Survey,Repository: ILO-STATISTICS - Micro data processing,,,1,,
ILO:DF_EMP_TEMP_SEX_OCU_NB(1.0),DEU,A,EMP_TEMP_NB,SEX_T,OCU_ISCO88_0,1998,228.398,,NB,PS,3,LFS - EU Labour Force Survey,Repository: ILO-STATISTICS - Micro data processing,,,1,,
ILO:DF_EMP_TEMP_SEX_OCU_NB(1.0),DEU,A,EMP_TEMP_NB,SEX_T,OCU_ISCO88_X,1998,533.687,,NB,PS,3,LFS - EU Labour Force Survey,Repository: ILO-STATISTICS - Micro data processing,,,1,,
ILO:DF_EMP_TEMP_SEX_OCU_NB(1.0),DEU,A,EMP_TEMP_NB,SEX_T,OCU_SKILL_TOTAL,1999,36086.233,,NB,PS,3,LFS - EU Labour Force Survey,Repository: ILO-STATISTICS - Micro data processing,,,1,,
ILO:DF_EMP_TEMP_SEX_OCU_NB(1.0),DEU,A,EMP_TEMP_NB,SEX_T,OCU_SKILL_L3-4,1999,13879.219,,NB,PS,3,LFS - EU Labour Force Survey,Repository: ILO-STATISTICS - Micro data processing,,,1,,
ILO:DF_EMP_TEMP_SEX_OCU_NB(1.0),DEU,A,EMP_TEMP_NB,SEX_T,OCU_SKILL_L2,1999,18643.258,,NB,PS,3,LFS - EU Labour Force Survey,Repository: ILO-STATISTICS - Micro data processing,,,1,,
ILO:DF_EMP_TEMP_SEX_OCU_NB(1.0),DEU,A,EMP_TEMP_NB,SEX_T,OCU_SKILL_L1,1999,2882.058,,NB,PS,3,LFS - EU Labour Force Survey,Repository: ILO-STATISTICS - Micro data processing,,,1,,
ILO:DF_EMP_TEMP_SEX_OCU_NB(1.0),DEU,A,EMP_TEMP_NB,SEX_T,OCU_SKILL_X,1999,681.698,,NB,PS,3,LFS - EU Labour Force Survey,Repository: ILO-STATISTICS - Micro data processing,,,1,,
ILO:DF_EMP_TEMP_SEX_OCU_NB(1.0),DEU,A,EMP_TEMP_NB,SEX_T,OCU_ISCO88_TOTAL,1999,36086.233,,NB,PS,3,LFS - EU Labour Force Survey,Repository: ILO-STATISTICS - Micro data processing,,,1,,
ILO:DF_EMP_TEMP_SEX_OCU_NB(1.0),DEU,A,EMP_TEMP_NB,SEX_T,OCU_ISCO88_1,1999,2082.113,,NB,PS,3,LFS - EU Labour Force Survey,Repository: ILO-STATISTICS - Micro data processing,,,1,,
ILO:DF_EMP_TEMP_SEX_OCU_NB(1.0),DEU,A,EMP_TEMP_NB,SEX_T,OCU_ISCO88_2,1999,4651.838,,NB,PS,3,LFS - EU Labour Force Survey,Repository: ILO-STATISTICS - Micro data processing,,,1,,
ILO:DF_EMP_TEMP_SEX_OCU_NB(1.0),DEU,A,EMP_TEMP_NB,SEX_T,OCU_ISCO88_3,1999,7145.269,,NB,PS,3,LFS - EU Labour Force Survey,Repository: ILO-STATISTICS - Micro data processing,,,1,,
ILO:DF_EMP_TEMP_SEX_OCU_NB(1.0),DEU,A,EMP_TEMP_NB,SEX_T,OCU_ISCO88_4,1999,4599.658,,NB,PS,3,LFS - EU Labour Force Survey,Repository: ILO-STATISTICS - Micro data processing,,,1,,
ILO:DF_EMP_TEMP_SEX_OCU_NB(1.0),DEU,A,EMP_TEMP_NB,SEX_T,OCU_ISCO88_5,1999,4127.09,,NB,PS,3,LFS - EU Labour Force Survey,Repository: ILO-STATISTICS - Micro data processing,,,1,,
ILO:DF_EMP_TEMP_SEX_OCU_NB(1.0),DEU,A,EMP_TEMP_NB,SEX_T,OCU_ISCO88_6,1999,780.89,,NB,PS,3,LFS - EU Labour Force Survey,Repository: ILO-STATISTICS - Micro data processing,,,1,,
ILO:DF_EMP_TEMP_SEX_OCU_NB(1.0),DEU,A,EMP_TEMP_NB,SEX_T,OCU_ISCO88_7,1999,6448.357,,NB,PS,3,LFS - EU Labour Force Survey,Repository: ILO-STATISTICS - Micro data processing,,,1,,
ILO:DF_EMP_TEMP_SEX_OCU_NB(1.0),DEU,A,EMP_TEMP_NB,SEX_T,OCU_ISCO88_8,1999,2687.264,,NB,PS,3,LFS - EU Labour Force Survey,Repository: ILO-STATISTICS - Micro data processing,,,1,,
ILO:DF_EMP_TEMP_SEX_OCU_NB(1.0),DEU,A,EMP_TEMP_NB,SEX_T,OCU_ISCO88_9,1999,2882.058,,NB,PS,3,LFS - EU Labour Force Survey,Repository: ILO-STATISTICS - Micro data processing,,,1,,
ILO:DF_EMP_TEMP_SEX_OCU_NB(1.0),DEU,A,EMP_TEMP_NB,SEX_T,OCU_ISCO88_0,1999,218.023,,NB,PS,3,LFS - EU Labour Force Survey,Repository: ILO-STATISTICS - Micro data processing,,,1,,
ILO:DF_EMP_TEMP_SEX_OCU_NB(1.0),DEU,A,EMP_TEMP_NB,SEX_T,OCU_ISCO88_X,1999,463.676,,NB,PS,3,LFS - EU Labour Force Survey,Repository: ILO-STATISTICS - Micro data processing,,,1,,
ILO:DF_EMP_TEMP_SEX_OCU_NB(1.0),DEU,A,EMP_TEMP_NB,SEX_T,OCU_SKILL_TOTAL,2000,36323.412,,NB,PS,3,LFS - EU Labour Force Survey,Repository: ILO-STATISTICS - Micro data processing,,,1,,
ILO:DF_EMP_TEMP_SEX_OCU_NB(1.0),DEU,A,EMP_TEMP_NB,SEX_T,OCU_SKILL_L3-4,2000,14137.961,,NB,PS,3,LFS - EU Labour Force Survey,Repository: ILO-STATISTICS - Micro data processing,,,1,,
ILO:DF_EMP_TEMP_SEX_OCU_NB(1.0),DEU,A,EMP_TEMP_NB,SEX_T,OCU_SKILL_L2,2000,18598.982,,NB,PS,3,LFS - EU Labour Force Survey,Repository: ILO-STATISTICS - Micro data processing,,,1,,
ILO:DF_EMP_TEMP_SEX_OCU_NB(1.0),DEU,A,EMP_TEMP_NB,SEX_T,OCU_SKILL_L1,2000,2925.759,,NB,PS,3,LFS - EU Labour Force Survey,Repository: ILO-STATISTICS - Micro data processing,,,1,,
ILO:DF_EMP_TEMP_SEX_OCU_NB(1.0),DEU,A,EMP_TEMP_NB,SEX_T,OCU_SKILL_X,2000,660.71,,NB,PS,3,LFS - EU Labour Force Survey,Repository: ILO-STATISTICS - Micro data processing,,,1,,
ILO:DF_EMP_TEMP_SEX_OCU_NB(1.0),DEU,A,EMP_TEMP_NB,SEX_T,OCU_ISCO88_TOTAL,2000,36323.412,,NB,PS,3,LFS - EU Labour Force Survey,Repository: ILO-STATISTICS - Micro data processing,,,1,,
ILO:DF_EMP_TEMP_SEX_OCU_NB(1.0),DEU,A,EMP_TEMP_NB,SEX_T,OCU_ISCO88_1,2000,2081.027,,NB,PS,3,LFS - EU Labour Force Survey,Repository: ILO-STATISTICS - Micro data processing,,,1,,
ILO:DF_EMP_TEMP_SEX_OCU_NB(1.0),DEU,A,EMP_TEMP_NB,SEX_T,OCU_ISCO88_2,2000,4630.213,,NB,PS,3,LFS - EU Labour Force Survey,Repository: ILO-STATISTICS - Micro data processing,,,1,,
ILO:DF_EMP_TEMP_SEX_OCU_NB(1.0),DEU,A,EMP_TEMP_NB,SEX_T,OCU_ISCO88_3,2000,7426.721,,NB,PS,3,LFS - EU Labour Force Survey,Repository: ILO-STATISTICS - Micro data processing,,,1,,
ILO:DF_EMP_TEMP_SEX_OCU_NB(1.0),DEU,A,EMP_TEMP_NB,SEX_T,OCU_ISCO88_4,2000,4648.897,,NB,PS,3,LFS - EU Labour Force Survey,Repository: ILO-STATISTICS - Micro data processing,,,1,,
ILO:DF_EMP_TEMP_SEX_OCU_NB(1.0),DEU,A,EMP_TEMP_NB,SEX_T,OCU_ISCO88_5,2000,4145.018,,NB,PS,3,LFS - EU Labour Force Survey,Repository: ILO-STATISTICS - Micro data processing,,,1,,
ILO:DF_EMP_TEMP_SEX_OCU_NB(1.0),DEU,A,EMP_TEMP_NB,SEX_T,OCU_ISCO88_6,2000,752.917,,NB,PS,3,LFS - EU Labour Force Survey,Repository: ILO-STATISTICS - Micro data processing,,,1,,
ILO:DF_EMP_TEMP_SEX_OCU_NB(1.0),DEU,A,EMP_TEMP_NB,SEX_T,OCU_ISCO88_7,2000,6348.793,,NB,PS,3,LFS - EU Labour Force Survey,Repository: ILO-STATISTICS - Micro data processing,,,1,,
ILO:DF_EMP_TEMP_SEX_OCU_NB(1.0),DEU,A,EMP_TEMP_NB,SEX_T,OCU_ISCO88_8,2000,2703.358,,NB,PS,3,LFS - EU Labour Force Survey,Repository: ILO-STATISTICS - Micro data processing,,,1,,
ILO:DF_EMP_TEMP_SEX_OCU_NB(1.0),DEU,A,EMP_TEMP_NB,SEX_T,OCU_ISCO88_9,2000,2925.759,,NB,PS,3,LFS - EU Labour Force Survey,Repository: ILO-STATISTICS - Micro data processing,,,1,,
ILO:DF_EMP_TEMP_SEX_OCU_NB(1.0),DEU,A,EMP_TEMP_NB,SEX_T,OCU_ISCO88_0,2000,218.723,,NB,PS,3,LFS - EU Labour Force Survey,Repository: ILO-STATISTICS - Micro data processing,,,1,,
ILO:DF_EMP_TEMP_SEX_OCU_NB(1.0),DEU,A,EMP_TEMP_NB,SEX_T,OCU_ISCO88_X,2000,441.987,,NB,PS,3,LFS - EU Labour Force Survey,Repository: ILO-STATISTICS - Micro data processing,,,1,,
ILO:DF_EMP_TEMP_SEX_OCU_NB(1.0),DEU,A,EMP_TEMP_NB,SEX_T,OCU_SKILL_TOTAL,2001,36526.499,,NB,PS,3,LFS - EU Labour Force Survey,Repository: ILO-STATISTICS - Micro data processing,,,1,,
ILO:DF_EMP_TEMP_SEX_OCU_NB(1.0),DEU,A,EMP_TEMP_NB,SEX_T,OCU_SKILL_L3-4,2001,14369.245,,NB,PS,3,LFS - EU Labour Force Survey,Repository: ILO-STATISTICS - Micro data processing,,,1,,
ILO:DF_EMP_TEMP_SEX_OCU_NB(1.0),DEU,A,EMP_TEMP_NB,SEX_T,OCU_SKILL_L2,2001,18516.795,,NB,PS,3,LFS - EU Labour Force Survey,Repository: ILO-STATISTICS - Micro data processing,,,1,,
ILO:DF_EMP_TEMP_SEX_OCU_NB(1.0),DEU,A,EMP_TEMP_NB,SEX_T,OCU_SKILL_L1,2001,2923.289,,NB,PS,3,LFS - EU Labour Force Survey,Repository: ILO-STATISTICS - Micro data processing,,,1,,
ILO:DF_EMP_TEMP_SEX_OCU_NB(1.0),DEU,A,EMP_TEMP_NB,SEX_T,OCU_SKILL_X,2001,717.17,,NB,PS,3,LFS - EU Labour Force Survey,Repository: ILO-STATISTICS - Micro data processing,,,1,,
ILO:DF_EMP_TEMP_SEX_OCU_NB(1.0),DEU,A,EMP_TEMP_NB,SEX_T,OCU_ISCO88_TOTAL,2001,36526.499,,NB,PS,3,LFS - EU Labour Force Survey,Repository: ILO-STATISTICS - Micro data processing,,,1,,
ILO:DF_EMP_TEMP_SEX_OCU_NB(1.0),DEU,A,EMP_TEMP_NB,SEX_T,OCU_ISCO88_1,2001,2123.494,,NB,PS,3,LFS - EU Labour Force Survey,Repository: ILO-STATISTICS - Micro data processing,,,1,,
ILO:DF_EMP_TEMP_SEX_OCU_NB(1.0),DEU,A,EMP_TEMP_NB,SEX_T,OCU_ISCO88_2,2001,4748.884,,NB,PS,3,LFS - EU Labour Force Survey,Repository: ILO-STATISTICS - Micro data processing,,,1,,
ILO:DF_EMP_TEMP_SEX_OCU_NB(1.0),DEU,A,EMP_TEMP_NB,SEX_T,OCU_ISCO88_3,2001,7496.867,,NB,PS,3,LFS - EU Labour Force Survey,Repository: ILO-STATISTICS - Micro data processing,,,1,,
ILO:DF_EMP_TEMP_SEX_OCU_NB(1.0),DEU,A,EMP_TEMP_NB,SEX_T,OCU_ISCO88_4,2001,4643.582,,NB,PS,3,LFS - EU Labour Force Survey,Repository: ILO-STATISTICS - Micro data processing,,,1,,
ILO:DF_EMP_TEMP_SEX_OCU_NB(1.0),DEU,A,EMP_TEMP_NB,SEX_T,OCU_ISCO88_5,2001,4222.805,,NB,PS,3,LFS - EU Labour Force Survey,Repository: ILO-STATISTICS - Micro data processing,,,1,,
ILO:DF_EMP_TEMP_SEX_OCU_NB(1.0),DEU,A,EMP_TEMP_NB,SEX_T,OCU_ISCO88_6,2001,756.939,,NB,PS,3,LFS - EU Labour Force Survey,Repository: ILO-STATISTICS - Micro data processing,,,1,,
ILO:DF_EMP_TEMP_SEX_OCU_NB(1.0),DEU,A,EMP_TEMP_NB,SEX_T,OCU_ISCO88_7,2001,6218.782,,NB,PS,3,LFS - EU Labour Force Survey,Repository: ILO-STATISTICS - Micro data processing,,,1,,
ILO:DF_EMP_TEMP_SEX_OCU_NB(1.0),DEU,A,EMP_TEMP_NB,SEX_T,OCU_ISCO88_8,2001,2674.687,,NB,PS,3,LFS - EU Labour Force Survey,Repository: ILO-STATISTICS - Micro data processing,,,1,,
ILO:DF_EMP_TEMP_SEX_OCU_NB(1.0),DEU,A,EMP_TEMP_NB,SEX_T,OCU_ISCO88_9,2001,2923.289,,NB,PS,3,LFS - EU Labour Force Survey,Repository: ILO-STATISTICS - Micro data processing,,,1,,
ILO:DF_EMP_TEMP_SEX_OCU_NB(1.0),DEU,A,EMP_TEMP_NB,SEX_T,OCU_ISCO88_0,2001,210.955,,NB,PS,3,LFS - EU Labour Force Survey,Repository: ILO-STATISTICS - Micro data processing,,,1,,
ILO:DF_EMP_TEMP_SEX_OCU_NB(1.0),DEU,A,EMP_TEMP_NB,SEX_T,OCU_ISCO88_X,2001,506.215,,NB,PS,3,LFS - EU Labour Force Survey,Repository: ILO-STATISTICS - Micro data processing,,,1,,
ILO:DF_EMP_TEMP_SEX_OCU_NB(1.0),DEU,A,EMP_TEMP_NB,SEX_T,OCU_SKILL_TOTAL,2002,36274.048,,NB,PS,3,LFS - EU Labour Force Survey,Repository: ILO-STATISTICS - Micro data processing,,,1,,
ILO:DF_EMP_TEMP_SEX_OCU_NB(1.0),DEU,A,EMP_TEMP_NB,SEX_T,OCU_SKILL_L3-4,2002,14447.705,,NB,PS,3,LFS - EU Labour Force Survey,Repository: ILO-STATISTICS - Micro data processing,,,1,,
ILO:DF_EMP_TEMP_SEX_OCU_NB(1.0),DEU,A,EMP_TEMP_NB,SEX_T,OCU_SKILL_L2,2002,18244.137,,NB,PS,3,LFS - EU Labour Force Survey,Repository: ILO-STATISTICS - Micro data processing,,,1,,
ILO:DF_EMP_TEMP_SEX_OCU_NB(1.0),DEU,A,EMP_TEMP_NB,SEX_T,OCU_SKILL_L1,2002,2856.075,,NB,PS,3,LFS - EU Labour Force Survey,Repository: ILO-STATISTICS - Micro data processing,,,1,,
ILO:DF_EMP_TEMP_SEX_OCU_NB(1.0),DEU,A,EMP_TEMP_NB,SEX_T,OCU_SKILL_X,2002,726.131,,NB,PS,3,LFS - EU Labour Force Survey,Repository: ILO-STATISTICS - Micro data processing,,,1,,
ILO:DF_EMP_TEMP_SEX_OCU_NB(1.0),DEU,A,EMP_TEMP_NB,SEX_T,OCU_ISCO88_TOTAL,2002,36274.048,,NB,PS,3,LFS - EU Labour Force Survey,Repository: ILO-STATISTICS - Micro data processing,,,1,,
ILO:DF_EMP_TEMP_SEX_OCU_NB(1.0),DEU,A,EMP_TEMP_NB,SEX_T,OCU_ISCO88_1,2002,2098.238,,NB,PS,3,LFS - EU Labour Force Survey,Repository: ILO-STATISTICS - Micro data processing,,,1,,
ILO:DF_EMP_TEMP_SEX_OCU_NB(1.0),DEU,A,EMP_TEMP_NB,SEX_T,OCU_ISCO88_2,2002,4808.545,,NB,PS,3,LFS - EU Labour Force Survey,Repository: ILO-STATISTICS - Micro data processing,,,1,,
ILO:DF_EMP_TEMP_SEX_OCU_NB(1.0),DEU,A,EMP_TEMP_NB,SEX_T,OCU_ISCO88_3,2002,7540.921,,NB,PS,3,LFS - EU Labour Force Survey,Repository: ILO-STATISTICS - Micro data processing,,,1,,
ILO:DF_EMP_TEMP_SEX_OCU_NB(1.0),DEU,A,EMP_TEMP_NB,SEX_T,OCU_ISCO88_4,2002,4598.388,,NB,PS,3,LFS - EU Labour Force Survey,Repository: ILO-STATISTICS - Micro data processing,,,1,,
ILO:DF_EMP_TEMP_SEX_OCU_NB(1.0),DEU,A,EMP_TEMP_NB,SEX_T,OCU_ISCO88_5,2002,4253.086,,NB,PS,3,LFS - EU Labour Force Survey,Repository: ILO-STATISTICS - Micro data processing,,,1,,
ILO:DF_EMP_TEMP_SEX_OCU_NB(1.0),DEU,A,EMP_TEMP_NB,SEX_T,OCU_ISCO88_6,2002,717.572,,NB,PS,3,LFS - EU Labour Force Survey,Repository: ILO-STATISTICS - Micro data processing,,,1,,
ILO:DF_EMP_TEMP_SEX_OCU_NB(1.0),DEU,A,EMP_TEMP_NB,SEX_T,OCU_ISCO88_7,2002,6035.13,,NB,PS,3,LFS - EU Labour Force Survey,Repository: ILO-STATISTICS - Micro data processing,,,1,,
ILO:DF_EMP_TEMP_SEX_OCU_NB(1.0),DEU,A,EMP_TEMP_NB,SEX_T,OCU_ISCO88_8,2002,2639.961,,NB,PS,3,LFS - EU Labour Force Survey,Repository: ILO-STATISTICS - Micro data processing,,,1,,
ILO:DF_EMP_TEMP_SEX_OCU_NB(1.0),DEU,A,EMP_TEMP_NB,SEX_T,OCU_ISCO88_9,2002,2856.075,,NB,PS,3,LFS - EU Labour Force Survey,Repository: ILO-STATISTICS - Micro data processing,,,1,,
ILO:DF_EMP_TEMP_SEX_OCU_NB(1.0),DEU,A,EMP_TEMP_NB,SEX_T,OCU_ISCO88_0,2002,213.85,,NB,PS,3,LFS - EU Labour Force Survey,Repository: ILO-STATISTICS - Micro data processing,,,1,,
ILO:DF_EMP_TEMP_SEX_OCU_NB(1.0),DEU,A,EMP_TEMP_NB,SEX_T,OCU_ISCO88_X,2002,512.282,,NB,PS,3,LFS - EU Labour Force Survey,Repository: ILO-STATISTICS - Micro data processing,,,1,,
ILO:DF_EMP_TEMP_SEX_OCU_NB(1.0),DEU,A,EMP_TEMP_NB,SEX_T,OCU_SKILL_TOTAL,2003,35926.038,,NB,PS,3,LFS - EU Labour Force Survey,Repository: ILO-STATISTICS - Micro data processing,,,1,,
ILO:DF_EMP_TEMP_SEX_OCU_NB(1.0),DEU,A,EMP_TEMP_NB,SEX_T,OCU_SKILL_L3-4,2003,14642.076,,NB,PS,3,LFS - EU Labour Force Survey,Repository: ILO-STATISTICS - Micro data processing,,,1,,
ILO:DF_EMP_TEMP_SEX_OCU_NB(1.0),DEU,A,EMP_TEMP_NB,SEX_T,OCU_SKILL_L2,2003,17843.577,,NB,PS,3,LFS - EU Labour Force Survey,Repository: ILO-STATISTICS - Micro data processing,,,1,,
ILO:DF_EMP_TEMP_SEX_OCU_NB(1.0),DEU,A,EMP_TEMP_NB,SEX_T,OCU_SKILL_L1,2003,2780.393,,NB,PS,3,LFS - EU Labour Force Survey,Repository: ILO-STATISTICS - Micro data processing,,,1,,
ILO:DF_EMP_TEMP_SEX_OCU_NB(1.0),DEU,A,EMP_TEMP_NB,SEX_T,OCU_SKILL_X,2003,659.993,,NB,PS,3,LFS - EU Labour Force Survey,Repository: ILO-STATISTICS - Micro data processing,,,1,,
ILO:DF_EMP_TEMP_SEX_OCU_NB(1.0),DEU,A,EMP_TEMP_NB,SEX_T,OCU_ISCO88_TOTAL,2003,35926.038,,NB,PS,3,LFS - EU Labour Force Survey,Repository: ILO-STATISTICS - Micro data processing,,,1,,
ILO:DF_EMP_TEMP_SEX_OCU_NB(1.0),DEU,A,EMP_TEMP_NB,SEX_T,OCU_ISCO88_1,2003,2052.623,,NB,PS,3,LFS - EU Labour Force Survey,Repository: ILO-STATISTICS - Micro data processing,,,1,,
ILO:DF_EMP_TEMP_SEX_OCU_NB(1.0),DEU,A,EMP_TEMP_NB,SEX_T,OCU_ISCO88_2,2003,4980.158,,NB,PS,3,LFS - EU Labour Force Survey,Repository: ILO-STATISTICS - Micro data processing,,,1,,
ILO:DF_EMP_TEMP_SEX_OCU_NB(1.0),DEU,A,EMP_TEMP_NB,SEX_T,OCU_ISCO88_3,2003,7609.296,,NB,PS,3,LFS - EU Labour Force Survey,Repository: ILO-STATISTICS - Micro data processing,,,1,,
ILO:DF_EMP_TEMP_SEX_OCU_NB(1.0),DEU,A,EMP_TEMP_NB,SEX_T,OCU_ISCO88_4,2003,4623.009,,NB,PS,3,LFS - EU Labour Force Survey,Repository: ILO-STATISTICS - Micro data processing,,,1,,
ILO:DF_EMP_TEMP_SEX_OCU_NB(1.0),DEU,A,EMP_TEMP_NB,SEX_T,OCU_ISCO88_5,2003,4250.099,,NB,PS,3,LFS - EU Labour Force Survey,Repository: ILO-STATISTICS - Micro data processing,,,1,,
ILO:DF_EMP_TEMP_SEX_OCU_NB(1.0),DEU,A,EMP_TEMP_NB,SEX_T,OCU_ISCO88_6,2003,697.55,,NB,PS,3,LFS - EU Labour Force Survey,Repository: ILO-STATISTICS - Micro data processing,,,1,,
ILO:DF_EMP_TEMP_SEX_OCU_NB(1.0),DEU,A,EMP_TEMP_NB,SEX_T,OCU_ISCO88_7,2003,5716.095,,NB,PS,3,LFS - EU Labour Force Survey,Repository: ILO-STATISTICS - Micro data processing,,,1,,
ILO:DF_EMP_TEMP_SEX_OCU_NB(1.0),DEU,A,EMP_TEMP_NB,SEX_T,OCU_ISCO88_8,2003,2556.823,,NB,PS,3,LFS - EU Labour Force Survey,Repository: ILO-STATISTICS - Micro data processing,,,1,,
ILO:DF_EMP_TEMP_SEX_OCU_NB(1.0),DEU,A,EMP_TEMP_NB,SEX_T,OCU_ISCO88_9,2003,2780.393,,NB,PS,3,LFS - EU Labour Force Survey,Repository: ILO-STATISTICS - Micro data processing,,,1,,
ILO:DF_EMP_TEMP_SEX_OCU_NB(1.0),DEU,A,EMP_TEMP_NB,SEX_T,OCU_ISCO88_0,2003,220.609,,NB,PS,3,LFS - EU Labour Force Survey,Repository: ILO-STATISTICS - Micro data processing,,,1,,
ILO:DF_EMP_TEMP_SEX_OCU_NB(1.0),DEU,A,EMP_TEMP_NB,SEX_T,OCU_ISCO88_X,2003,439.384,,NB,PS,3,LFS - EU Labour Force Survey,Repository: ILO-STATISTICS - Micro data processing,,,1,,
ILO:DF_EMP_TEMP_SEX_OCU_NB(1.0),DEU,A,EMP_TEMP_NB,SEX_T,OCU_SKILL_TOTAL,2004,35462.049,,NB,PS,3,LFS - EU Labour Force Survey,Repository: ILO-STATISTICS - Micro data processing,,,1,,
ILO:DF_EMP_TEMP_SEX_OCU_NB(1.0),DEU,A,EMP_TEMP_NB,SEX_T,OCU_SKILL_L3-4,2004,14659.276,,NB,PS,3,LFS - EU Labour Force Survey,Repository: ILO-STATISTICS - Micro data processing,,,1,,
ILO:DF_EMP_TEMP_SEX_OCU_NB(1.0),DEU,A,EMP_TEMP_NB,SEX_T,OCU_SKILL_L2,2004,17418.079,,NB,PS,3,LFS - EU Labour Force Survey,Repository: ILO-STATISTICS - Micro data processing,,,1,,
ILO:DF_EMP_TEMP_SEX_OCU_NB(1.0),DEU,A,EMP_TEMP_NB,SEX_T,OCU_SKILL_L1,2004,2752.522,,NB,PS,3,LFS - EU Labour Force Survey,Repository: ILO-STATISTICS - Micro data processing,,,1,,
ILO:DF_EMP_TEMP_SEX_OCU_NB(1.0),DEU,A,EMP_TEMP_NB,SEX_T,OCU_SKILL_X,2004,632.173,,NB,PS,3,LFS - EU Labour Force Survey,Repository: ILO-STATISTICS - Micro data processing,,,1,,
ILO:DF_EMP_TEMP_SEX_OCU_NB(1.0),DEU,A,EMP_TEMP_NB,SEX_T,OCU_ISCO88_TOTAL,2004,35462.049,,NB,PS,3,LFS - EU Labour Force Survey,Repository: ILO-STATISTICS - Micro data processing,,,1,,
ILO:DF_EMP_TEMP_SEX_OCU_NB(1.0),DEU,A,EMP_TEMP_NB,SEX_T,OCU_ISCO88_1,2004,2090.442,,NB,PS,3,LFS - EU Labour Force Survey,Repository: ILO-STATISTICS - Micro data processing,,,1,,
ILO:DF_EMP_TEMP_SEX_OCU_NB(1.0),DEU,A,EMP_TEMP_NB,SEX_T,OCU_ISCO88_2,2004,5065.603,,NB,PS,3,LFS - EU Labour Force Survey,Repository: ILO-STATISTICS - Micro data processing,,,1,,
ILO:DF_EMP_TEMP_SEX_OCU_NB(1.0),DEU,A,EMP_TEMP_NB,SEX_T,OCU_ISCO88_3,2004,7503.23,,NB,PS,3,LFS - EU Labour Force Survey,Repository: ILO-STATISTICS - Micro data processing,,,1,,
ILO:DF_EMP_TEMP_SEX_OCU_NB(1.0),DEU,A,EMP_TEMP_NB,SEX_T,OCU_ISCO88_4,2004,4453.84,,NB,PS,3,LFS - EU Labour Force Survey,Repository: ILO-STATISTICS - Micro data processing,,,1,,
ILO:DF_EMP_TEMP_SEX_OCU_NB(1.0),DEU,A,EMP_TEMP_NB,SEX_T,OCU_ISCO88_5,2004,4197.648,,NB,PS,3,LFS - EU Labour Force Survey,Repository: ILO-STATISTICS - Micro data processing,,,1,,
ILO:DF_EMP_TEMP_SEX_OCU_NB(1.0),DEU,A,EMP_TEMP_NB,SEX_T,OCU_ISCO88_6,2004,678.461,,NB,PS,3,LFS - EU Labour Force Survey,Repository: ILO-STATISTICS - Micro data processing,,,1,,
ILO:DF_EMP_TEMP_SEX_OCU_NB(1.0),DEU,A,EMP_TEMP_NB,SEX_T,OCU_ISCO88_7,2004,5554.761,,NB,PS,3,LFS - EU Labour Force Survey,Repository: ILO-STATISTICS - Micro data processing,,,1,,
ILO:DF_EMP_TEMP_SEX_OCU_NB(1.0),DEU,A,EMP_TEMP_NB,SEX_T,OCU_ISCO88_8,2004,2533.37,,NB,PS,3,LFS - EU Labour Force Survey,Repository: ILO-STATISTICS - Micro data processing,,,1,,
ILO:DF_EMP_TEMP_SEX_OCU_NB(1.0),DEU,A,EMP_TEMP_NB,SEX_T,OCU_ISCO88_9,2004,2752.522,,NB,PS,3,LFS - EU Labour Force Survey,Repository: ILO-STATISTICS - Micro data processing,,,1,,
ILO:DF_EMP_TEMP_SEX_OCU_NB(1.0),DEU,A,EMP_TEMP_NB,SEX_T,OCU_ISCO88_0,2004,218.424,,NB,PS,3,LFS - EU Labour Force Survey,Repository: ILO-STATISTICS - Micro data processing,,,1,,
ILO:DF_EMP_TEMP_SEX_OCU_NB(1.0),DEU,A,EMP_TEMP_NB,SEX_T,OCU_ISCO88_X,2004,413.749,,NB,PS,3,LFS - EU Labour Force Survey,Repository: ILO-STATISTICS - Micro data processing,,,1,,
ILO:DF_EMP_TEMP_SEX_OCU_NB(1.0),DEU,A,EMP_TEMP_NB,SEX_T,OCU_SKILL_TOTAL,2005,36349.164,,NB,PS,3,LFS - EU Labour Force Survey,Repository: ILO-STATISTICS - Micro data processing,,,1,,
ILO:DF_EMP_TEMP_SEX_OCU_NB(1.0),DEU,A,EMP_TEMP_NB,SEX_T,OCU_SKILL_L3-4,2005,15090.116,,NB,PS,3,LFS - EU Labour Force Survey,Repository: ILO-STATISTICS - Micro data processing,,,1,,
ILO:DF_EMP_TEMP_SEX_OCU_NB(1.0),DEU,A,EMP_TEMP_NB,SEX_T,OCU_SKILL_L2,2005,17664.699,,NB,PS,3,LFS - EU Labour Force Survey,Repository: ILO-STATISTICS - Micro data processing,,,1,,
ILO:DF_EMP_TEMP_SEX_OCU_NB(1.0),DEU,A,EMP_TEMP_NB,SEX_T,OCU_SKILL_L1,2005,2855.977,,NB,PS,3,LFS - EU Labour Force Survey,Repository: ILO-STATISTICS - Micro data processing,,,1,,
ILO:DF_EMP_TEMP_SEX_OCU_NB(1.0),DEU,A,EMP_TEMP_NB,SEX_T,OCU_SKILL_X,2005,738.372,,NB,PS,3,LFS - EU Labour Force Survey,Repository: ILO-STATISTICS - Micro data processing,,,1,,
ILO:DF_EMP_TEMP_SEX_OCU_NB(1.0),DEU,A,EMP_TEMP_NB,SEX_T,OCU_ISCO88_TOTAL,2005,36349.164,,NB,PS,3,LFS - EU Labour Force Survey,Repository: ILO-STATISTICS - Micro data processing,,,1,,
ILO:DF_EMP_TEMP_SEX_OCU_NB(1.0),DEU,A,EMP_TEMP_NB,SEX_T,OCU_ISCO88_1,2005,1969.321,,NB,PS,3,LFS - EU Labour Force Survey,Repository: ILO-STATISTICS - Micro data processing,,,1,,
ILO:DF_EMP_TEMP_SEX_OCU_NB(1.0),DEU,A,EMP_TEMP_NB,SEX_T,OCU_ISCO88_2,2005,5281.317,,NB,PS,3,LFS - EU Labour Force Survey,Repository: ILO-STATISTICS - Micro data processing,,,1,,
ILO:DF_EMP_TEMP_SEX_OCU_NB(1.0),DEU,A,EMP_TEMP_NB,SEX_T,OCU_ISCO88_3,2005,7839.478,,NB,PS,3,LFS - EU Labour Force Survey,Repository: ILO-STATISTICS - Micro data processing,,,1,,
ILO:DF_EMP_TEMP_SEX_OCU_NB(1.0),DEU,A,EMP_TEMP_NB,SEX_T,OCU_ISCO88_4,2005,4448.942,,NB,PS,3,LFS - EU Labour Force Survey,Repository: ILO-STATISTICS - Micro data processing,,,1,,
ILO:DF_EMP_TEMP_SEX_OCU_NB(1.0),DEU,A,EMP_TEMP_NB,SEX_T,OCU_ISCO88_5,2005,4373.01,,NB,PS,3,LFS - EU Labour Force Survey,Repository: ILO-STATISTICS - Micro data processing,,,1,,
ILO:DF_EMP_TEMP_SEX_OCU_NB(1.0),DEU,A,EMP_TEMP_NB,SEX_T,OCU_ISCO88_6,2005,670.315,,NB,PS,3,LFS - EU Labour Force Survey,Repository: ILO-STATISTICS - Micro data processing,,,1,,
ILO:DF_EMP_TEMP_SEX_OCU_NB(1.0),DEU,A,EMP_TEMP_NB,SEX_T,OCU_ISCO88_7,2005,5576.686,,NB,PS,3,LFS - EU Labour Force Survey,Repository: ILO-STATISTICS - Micro data processing,,,1,,
ILO:DF_EMP_TEMP_SEX_OCU_NB(1.0),DEU,A,EMP_TEMP_NB,SEX_T,OCU_ISCO88_8,2005,2595.747,,NB,PS,3,LFS - EU Labour Force Survey,Repository: ILO-STATISTICS - Micro data processing,,,1,,
ILO:DF_EMP_TEMP_SEX_OCU_NB(1.0),DEU,A,EMP_TEMP_NB,SEX_T,OCU_ISCO88_9,2005,2855.977,,NB,PS,3,LFS - EU Labour Force Survey,Repository: ILO-STATISTICS - Micro data processing,,,1,,
ILO:DF_EMP_TEMP_SEX_OCU_NB(1.0),DEU,A,EMP_TEMP_NB,SEX_T,OCU_ISCO88_0,2005,223.122,,NB,PS,3,LFS - EU Labour Force Survey,Repository: ILO-STATISTICS - Micro data processing,,,1,,
ILO:DF_EMP_TEMP_SEX_OCU_NB(1.0),DEU,A,EMP_TEMP_NB,SEX_T,OCU_ISCO88_X,2005,515.25,,NB,PS,3,LFS - EU Labour Force Survey,Repository: ILO-STATISTICS - Micro data processing,,,1,,
ILO:DF_EMP_TEMP_SEX_OCU_NB(1.0),DEU,A,EMP_TEMP_NB,SEX_T,OCU_SKILL_TOTAL,2006,37210.506,,NB,PS,3,LFS - EU Labour Force Survey,Repository: ILO-STATISTICS - Micro data processing,,,1,,
ILO:DF_EMP_TEMP_SEX_OCU_NB(1.0),DEU,A,EMP_TEMP_NB,SEX_T,OCU_SKILL_L3-4,2006,15516.951,,NB,PS,3,LFS - EU Labour Force Survey,Repository: ILO-STATISTICS - Micro data processing,,,1,,
ILO:DF_EMP_TEMP_SEX_OCU_NB(1.0),DEU,A,EMP_TEMP_NB,SEX_T,OCU_SKILL_L2,2006,18157.261,,NB,PS,3,LFS - EU Labour Force Survey,Repository: ILO-STATISTICS - Micro data processing,,,1,,
ILO:DF_EMP_TEMP_SEX_OCU_NB(1.0),DEU,A,EMP_TEMP_NB,SEX_T,OCU_SKILL_L1,2006,2908.546,,NB,PS,3,LFS - EU Labour Force Survey,Repository: ILO-STATISTICS - Micro data processing,,,1,,
ILO:DF_EMP_TEMP_SEX_OCU_NB(1.0),DEU,A,EMP_TEMP_NB,SEX_T,OCU_SKILL_X,2006,627.749,,NB,PS,3,LFS - EU Labour Force Survey,Repository: ILO-STATISTICS - Micro data processing,,,1,,
ILO:DF_EMP_TEMP_SEX_OCU_NB(1.0),DEU,A,EMP_TEMP_NB,SEX_T,OCU_ISCO88_TOTAL,2006,37210.506,,NB,PS,3,LFS - EU Labour Force Survey,Repository: ILO-STATISTICS - Micro data processing,,,1,,
ILO:DF_EMP_TEMP_SEX_OCU_NB(1.0),DEU,A,EMP_TEMP_NB,SEX_T,OCU_ISCO88_1,2006,1949.029,,NB,PS,3,LFS - EU Labour Force Survey,Repository: ILO-STATISTICS - Micro data processing,,,1,,
ILO:DF_EMP_TEMP_SEX_OCU_NB(1.0),DEU,A,EMP_TEMP_NB,SEX_T,OCU_ISCO88_2,2006,5458.513,,NB,PS,3,LFS - EU Labour Force Survey,Repository: ILO-STATISTICS - Micro data processing,,,1,,
ILO:DF_EMP_TEMP_SEX_OCU_NB(1.0),DEU,A,EMP_TEMP_NB,SEX_T,OCU_ISCO88_3,2006,8109.409,,NB,PS,3,LFS - EU Labour Force Survey,Repository: ILO-STATISTICS - Micro data processing,,,1,,
ILO:DF_EMP_TEMP_SEX_OCU_NB(1.0),DEU,A,EMP_TEMP_NB,SEX_T,OCU_ISCO88_4,2006,4605.061,,NB,PS,3,LFS - EU Labour Force Survey,Repository: ILO-STATISTICS - Micro data processing,,,1,,
ILO:DF_EMP_TEMP_SEX_OCU_NB(1.0),DEU,A,EMP_TEMP_NB,SEX_T,OCU_ISCO88_5,2006,4428.664,,NB,PS,3,LFS - EU Labour Force Survey,Repository: ILO-STATISTICS - Micro data processing,,,1,,
ILO:DF_EMP_TEMP_SEX_OCU_NB(1.0),DEU,A,EMP_TEMP_NB,SEX_T,OCU_ISCO88_6,2006,758.03,,NB,PS,3,LFS - EU Labour Force Survey,Repository: ILO-STATISTICS - Micro data processing,,,1,,
ILO:DF_EMP_TEMP_SEX_OCU_NB(1.0),DEU,A,EMP_TEMP_NB,SEX_T,OCU_ISCO88_7,2006,5691.309,,NB,PS,3,LFS - EU Labour Force Survey,Repository: ILO-STATISTICS - Micro data processing,,,1,,
ILO:DF_EMP_TEMP_SEX_OCU_NB(1.0),DEU,A,EMP_TEMP_NB,SEX_T,OCU_ISCO88_8,2006,2674.197,,NB,PS,3,LFS - EU Labour Force Survey,Repository: ILO-STATISTICS - Micro data processing,,,1,,
ILO:DF_EMP_TEMP_SEX_OCU_NB(1.0),DEU,A,EMP_TEMP_NB,SEX_T,OCU_ISCO88_9,2006,2908.546,,NB,PS,3,LFS - EU Labour Force Survey,Repository: ILO-STATISTICS - Micro data processing,,,1,,
ILO:DF_EMP_TEMP_SEX_OCU_NB(1.0),DEU,A,EMP_TEMP_NB,SEX_T,OCU_ISCO88_0,2006,90.15,,NB,PS,3,LFS - EU Labour Force Survey,Repository: ILO-STATISTICS - Micro data processing,,,1,,
ILO:DF_EMP_TEMP_SEX_OCU_NB(1.0),DEU,A,EMP_TEMP_NB,SEX_T,OCU_ISCO88_X,2006,537.6,,NB,PS,3,LFS - EU Labour Force Survey,Repository: ILO-STATISTICS - Micro data processing,,,1,,
ILO:DF_EMP_TEMP_SEX_OCU_NB(1.0),DEU,A,EMP_TEMP_NB,SEX_T,OCU_SKILL_TOTAL,2007,37965.491,,NB,PS,3,LFS - EU Labour Force Survey,Repository: ILO-STATISTICS - Micro data processing,,,1,,
ILO:DF_EMP_TEMP_SEX_OCU_NB(1.0),DEU,A,EMP_TEMP_NB,SEX_T,OCU_SKILL_L3-4,2007,15752.491,,NB,PS,3,LFS - EU Labour Force Survey,Repository: ILO-STATISTICS - Micro data processing,,,1,,
ILO:DF_EMP_TEMP_SEX_OCU_NB(1.0),DEU,A,EMP_TEMP_NB,SEX_T,OCU_SKILL_L2,2007,18512.585,,NB,PS,3,LFS - EU Labour Force Survey,Repository: ILO-STATISTICS - Micro data processing,,,1,,
ILO:DF_EMP_TEMP_SEX_OCU_NB(1.0),DEU,A,EMP_TEMP_NB,SEX_T,OCU_SKILL_L1,2007,3064.576,,NB,PS,3,LFS - EU Labour Force Survey,Repository: ILO-STATISTICS - Micro data processing,,,1,,
ILO:DF_EMP_TEMP_SEX_OCU_NB(1.0),DEU,A,EMP_TEMP_NB,SEX_T,OCU_SKILL_X,2007,635.839,,NB,PS,3,LFS - EU Labour Force Survey,Repository: ILO-STATISTICS - Micro data processing,,,1,,
ILO:DF_EMP_TEMP_SEX_OCU_NB(1.0),DEU,A,EMP_TEMP_NB,SEX_T,OCU_ISCO88_TOTAL,2007,37965.491,,NB,PS,3,LFS - EU Labour Force Survey,Repository: ILO-STATISTICS - Micro data processing,,,1,,
ILO:DF_EMP_TEMP_SEX_OCU_NB(1.0),DEU,A,EMP_TEMP_NB,SEX_T,OCU_ISCO88_1,2007,2078.323,,NB,PS,3,LFS - EU Labour Force Survey,Repository: ILO-STATISTICS - Micro data processing,,,1,,
ILO:DF_EMP_TEMP_SEX_OCU_NB(1.0),DEU,A,EMP_TEMP_NB,SEX_T,OCU_ISCO88_2,2007,5455.883,,NB,PS,3,LFS - EU Labour Force Survey,Repository: ILO-STATISTICS - Micro data processing,,,1,,
ILO:DF_EMP_TEMP_SEX_OCU_NB(1.0),DEU,A,EMP_TEMP_NB,SEX_T,OCU_ISCO88_3,2007,8218.285,,NB,PS,3,LFS - EU Labour Force Survey,Repository: ILO-STATISTICS - Micro data processing,,,1,,
ILO:DF_EMP_TEMP_SEX_OCU_NB(1.0),DEU,A,EMP_TEMP_NB,SEX_T,OCU_ISCO88_4,2007,4777.834,,NB,PS,3,LFS - EU Labour Force Survey,Repository: ILO-STATISTICS - Micro data processing,,,1,,
ILO:DF_EMP_TEMP_SEX_OCU_NB(1.0),DEU,A,EMP_TEMP_NB,SEX_T,OCU_ISCO88_5,2007,4604.687,,NB,PS,3,LFS - EU Labour Force Survey,Repository: ILO-STATISTICS - Micro data processing,,,1,,
ILO:DF_EMP_TEMP_SEX_OCU_NB(1.0),DEU,A,EMP_TEMP_NB,SEX_T,OCU_ISCO88_6,2007,699.649,,NB,PS,3,LFS - EU Labour Force Survey,Repository: ILO-STATISTICS - Micro data processing,,,1,,
ILO:DF_EMP_TEMP_SEX_OCU_NB(1.0),DEU,A,EMP_TEMP_NB,SEX_T,OCU_ISCO88_7,2007,5658.924,,NB,PS,3,LFS - EU Labour Force Survey,Repository: ILO-STATISTICS - Micro data processing,,,1,,
ILO:DF_EMP_TEMP_SEX_OCU_NB(1.0),DEU,A,EMP_TEMP_NB,SEX_T,OCU_ISCO88_8,2007,2771.492,,NB,PS,3,LFS - EU Labour Force Survey,Repository: ILO-STATISTICS - Micro data processing,,,1,,
ILO:DF_EMP_TEMP_SEX_OCU_NB(1.0),DEU,A,EMP_TEMP_NB,SEX_T,OCU_ISCO88_9,2007,3064.576,,NB,PS,3,LFS - EU Labour Force Survey,Repository: ILO-STATISTICS - Micro data processing,,,1,,
ILO:DF_EMP_TEMP_SEX_OCU_NB(1.0),DEU,A,EMP_TEMP_NB,SEX_T,OCU_ISCO88_0,2007,102.639,,NB,PS,3,LFS - EU Labour Force Survey,Repository: ILO-STATISTICS - Micro data processing,,,1,,
ILO:DF_EMP_TEMP_SEX_OCU_NB(1.0),DEU,A,EMP_TEMP_NB,SEX_T,OCU_ISCO88_X,2007,533.2,,NB,PS,3,LFS - EU Labour Force Survey,Repository: ILO-STATISTICS - Micro data processing,,,1,,
ILO:DF_EMP_TEMP_SEX_OCU_NB(1.0),DEU,A,EMP_TEMP_NB,SEX_T,OCU_SKILL_TOTAL,2008,38689.343,,NB,PS,3,LFS - EU Labour Force Survey,Repository: ILO-STATISTICS - Micro data processing,,,1,,
ILO:DF_EMP_TEMP_SEX_OCU_NB(1.0),DEU,A,EMP_TEMP_NB,SEX_T,OCU_SKILL_L3-4,2008,16159.484,,NB,PS,3,LFS - EU Labour Force Survey,Repository: ILO-STATISTICS - Micro data processing,,,1,,
ILO:DF_EMP_TEMP_SEX_OCU_NB(1.0),DEU,A,EMP_TEMP_NB,SEX_T,OCU_SKILL_L2,2008,18489.553,,NB,PS,3,LFS - EU Labour Force Survey,Repository: ILO-STATISTICS - Micro data processing,,,1,,
ILO:DF_EMP_TEMP_SEX_OCU_NB(1.0),DEU,A,EMP_TEMP_NB,SEX_T,OCU_SKILL_L1,2008,3377.354,,NB,PS,3,LFS - EU Labour Force Survey,Repository: ILO-STATISTICS - Micro data processing,,,1,,
ILO:DF_EMP_TEMP_SEX_OCU_NB(1.0),DEU,A,EMP_TEMP_NB,SEX_T,OCU_SKILL_X,2008,662.952,,NB,PS,3,LFS - EU Labour Force Survey,Repository: ILO-STATISTICS - Micro data processing,,,1,,
ILO:DF_EMP_TEMP_SEX_OCU_NB(1.0),DEU,A,EMP_TEMP_NB,SEX_T,OCU_ISCO88_TOTAL,2008,38689.343,,NB,PS,3,LFS - EU Labour Force Survey,Repository: ILO-STATISTICS - Micro data processing,,,1,,
ILO:DF_EMP_TEMP_SEX_OCU_NB(1.0),DEU,A,EMP_TEMP_NB,SEX_T,OCU_ISCO88_1,2008,2178.152,,NB,PS,3,LFS - EU Labour Force Survey,Repository: ILO-STATISTICS - Micro data processing,,,1,,
ILO:DF_EMP_TEMP_SEX_OCU_NB(1.0),DEU,A,EMP_TEMP_NB,SEX_T,OCU_ISCO88_2,2008,5751.604,,NB,PS,3,LFS - EU Labour Force Survey,Repository: ILO-STATISTICS - Micro data processing,,,1,,
ILO:DF_EMP_TEMP_SEX_OCU_NB(1.0),DEU,A,EMP_TEMP_NB,SEX_T,OCU_ISCO88_3,2008,8229.729,,NB,PS,3,LFS - EU Labour Force Survey,Repository: ILO-STATISTICS - Micro data processing,,,1,,
ILO:DF_EMP_TEMP_SEX_OCU_NB(1.0),DEU,A,EMP_TEMP_NB,SEX_T,OCU_ISCO88_4,2008,4652.627,,NB,PS,3,LFS - EU Labour Force Survey,Repository: ILO-STATISTICS - Micro data processing,,,1,,
ILO:DF_EMP_TEMP_SEX_OCU_NB(1.0),DEU,A,EMP_TEMP_NB,SEX_T,OCU_ISCO88_5,2008,4684.943,,NB,PS,3,LFS - EU Labour Force Survey,Repository: ILO-STATISTICS - Micro data processing,,,1,,
ILO:DF_EMP_TEMP_SEX_OCU_NB(1.0),DEU,A,EMP_TEMP_NB,SEX_T,OCU_ISCO88_6,2008,648.742,,NB,PS,3,LFS - EU Labour Force Survey,Repository: ILO-STATISTICS - Micro data processing,,,1,,
ILO:DF_EMP_TEMP_SEX_OCU_NB(1.0),DEU,A,EMP_TEMP_NB,SEX_T,OCU_ISCO88_7,2008,5866.028,,NB,PS,3,LFS - EU Labour Force Survey,Repository: ILO-STATISTICS - Micro data processing,,,1,,
ILO:DF_EMP_TEMP_SEX_OCU_NB(1.0),DEU,A,EMP_TEMP_NB,SEX_T,OCU_ISCO88_8,2008,2637.213,,NB,PS,3,LFS - EU Labour Force Survey,Repository: ILO-STATISTICS - Micro data processing,,,1,,
ILO:DF_EMP_TEMP_SEX_OCU_NB(1.0),DEU,A,EMP_TEMP_NB,SEX_T,OCU_ISCO88_9,2008,3377.354,,NB,PS,3,LFS - EU Labour Force Survey,Repository: ILO-STATISTICS - Micro data processing,,,1,,
ILO:DF_EMP_TEMP_SEX_OCU_NB(1.0),DEU,A,EMP_TEMP_NB,SEX_T,OCU_ISCO88_0,2008,160.279,,NB,PS,3,LFS - EU Labour Force Survey,Repository: ILO-STATISTICS - Micro data processing,,,1,,
ILO:DF_EMP_TEMP_SEX_OCU_NB(1.0),DEU,A,EMP_TEMP_NB,SEX_T,OCU_ISCO88_X,2008,502.674,,NB,PS,3,LFS - EU Labour Force Survey,Repository: ILO-STATISTICS - Micro data processing,,,1,,
ILO:DF_EMP_TEMP_SEX_OCU_NB(1.0),DEU,A,EMP_TEMP_NB,SEX_T,OCU_SKILL_TOTAL,2009,38523.112,,NB,PS,3,LFS - EU Labour Force Survey,Repository: ILO-STATISTICS - Micro data processing,,,1,,
ILO:DF_EMP_TEMP_SEX_OCU_NB(1.0),DEU,A,EMP_TEMP_NB,SEX_T,OCU_SKILL_L3-4,2009,16337.381,,NB,PS,3,LFS - EU Labour Force Survey,Repository: ILO-STATISTICS - Micro data processing,,,1,,
ILO:DF_EMP_TEMP_SEX_OCU_NB(1.0),DEU,A,EMP_TEMP_NB,SEX_T,OCU_SKILL_L2,2009,18412.034,,NB,PS,3,LFS - EU Labour Force Survey,Repository: ILO-STATISTICS - Micro data processing,,,1,,
ILO:DF_EMP_TEMP_SEX_OCU_NB(1.0),DEU,A,EMP_TEMP_NB,SEX_T,OCU_SKILL_L1,2009,3101.646,,NB,PS,3,LFS - EU Labour Force Survey,Repository: ILO-STATISTICS - Micro data processing,,,1,,
ILO:DF_EMP_TEMP_SEX_OCU_NB(1.0),DEU,A,EMP_TEMP_NB,SEX_T,OCU_SKILL_X,2009,672.052,,NB,PS,3,LFS - EU Labour Force Survey,Repository: ILO-STATISTICS - Micro data processing,,,1,,
ILO:DF_EMP_TEMP_SEX_OCU_NB(1.0),DEU,A,EMP_TEMP_NB,SEX_T,OCU_ISCO88_TOTAL,2009,38523.112,,NB,PS,3,LFS - EU Labour Force Survey,Repository: ILO-STATISTICS - Micro data processing,,,1,,
ILO:DF_EMP_TEMP_SEX_OCU_NB(1.0),DEU,A,EMP_TEMP_NB,SEX_T,OCU_ISCO88_1,2009,2238.549,,NB,PS,3,LFS - EU Labour Force Survey,Repository: ILO-STATISTICS - Micro data processing,,,1,,
ILO:DF_EMP_TEMP_SEX_OCU_NB(1.0),DEU,A,EMP_TEMP_NB,SEX_T,OCU_ISCO88_2,2009,5749.411,,NB,PS,3,LFS - EU Labour Force Survey,Repository: ILO-STATISTICS - Micro data processing,,,1,,
ILO:DF_EMP_TEMP_SEX_OCU_NB(1.0),DEU,A,EMP_TEMP_NB,SEX_T,OCU_ISCO88_3,2009,8349.421,,NB,PS,3,LFS - EU Labour Force Survey,Repository: ILO-STATISTICS - Micro data processing,,,1,,
ILO:DF_EMP_TEMP_SEX_OCU_NB(1.0),DEU,A,EMP_TEMP_NB,SEX_T,OCU_ISCO88_4,2009,4747.16,,NB,PS,3,LFS - EU Labour Force Survey,Repository: ILO-STATISTICS - Micro data processing,,,1,,
ILO:DF_EMP_TEMP_SEX_OCU_NB(1.0),DEU,A,EMP_TEMP_NB,SEX_T,OCU_ISCO88_5,2009,4812.876,,NB,PS,3,LFS - EU Labour Force Survey,Repository: ILO-STATISTICS - Micro data processing,,,1,,
ILO:DF_EMP_TEMP_SEX_OCU_NB(1.0),DEU,A,EMP_TEMP_NB,SEX_T,OCU_ISCO88_6,2009,700.389,,NB,PS,3,LFS - EU Labour Force Survey,Repository: ILO-STATISTICS - Micro data processing,,,1,,
ILO:DF_EMP_TEMP_SEX_OCU_NB(1.0),DEU,A,EMP_TEMP_NB,SEX_T,OCU_ISCO88_7,2009,5549.105,,NB,PS,3,LFS - EU Labour Force Survey,Repository: ILO-STATISTICS - Micro data processing,,,1,,
ILO:DF_EMP_TEMP_SEX_OCU_NB(1.0),DEU,A,EMP_TEMP_NB,SEX_T,OCU_ISCO88_8,2009,2602.504,,NB,PS,3,LFS - EU Labour Force Survey,Repository: ILO-STATISTICS - Micro data processing,,,1,,
ILO:DF_EMP_TEMP_SEX_OCU_NB(1.0),DEU,A,EMP_TEMP_NB,SEX_T,OCU_ISCO88_9,2009,3101.646,,NB,PS,3,LFS - EU Labour Force Survey,Repository: ILO-STATISTICS - Micro data processing,,,1,,
ILO:DF_EMP_TEMP_SEX_OCU_NB(1.0),DEU,A,EMP_TEMP_NB,SEX_T,OCU_ISCO88_0,2009,173.442,,NB,PS,3,LFS - EU Labour Force Survey,Repository: ILO-STATISTICS - Micro data processing,,,1,,
ILO:DF_EMP_TEMP_SEX_OCU_NB(1.0),DEU,A,EMP_TEMP_NB,SEX_T,OCU_ISCO88_X,2009,498.61,,NB,PS,3,LFS - EU Labour Force Survey,Repository: ILO-STATISTICS - Micro data processing,,,1,,
ILO:DF_EMP_TEMP_SEX_OCU_NB(1.0),DEU,A,EMP_TEMP_NB,SEX_T,OCU_SKILL_TOTAL,2010,37757.211,,NB,PS,3,LFS - EU Labour Force Survey,Repository: ILO-STATISTICS - Micro data processing,,,1,,
ILO:DF_EMP_TEMP_SEX_OCU_NB(1.0),DEU,A,EMP_TEMP_NB,SEX_T,OCU_SKILL_L3-4,2010,16102.989,,NB,PS,3,LFS - EU Labour Force Survey,Repository: ILO-STATISTICS - Micro data processing,,,1,,
ILO:DF_EMP_TEMP_SEX_OCU_NB(1.0),DEU,A,EMP_TEMP_NB,SEX_T,OCU_SKILL_L2,2010,17962.542,,NB,PS,3,LFS - EU Labour Force Survey,Repository: ILO-STATISTICS - Micro data processing,,,1,,
ILO:DF_EMP_TEMP_SEX_OCU_NB(1.0),DEU,A,EMP_TEMP_NB,SEX_T,OCU_SKILL_L1,2010,3025.371,,NB,PS,3,LFS - EU Labour Force Survey,Repository: ILO-STATISTICS - Micro data processing,,,1,,
ILO:DF_EMP_TEMP_SEX_OCU_NB(1.0),DEU,A,EMP_TEMP_NB,SEX_T,OCU_SKILL_X,2010,666.311,,NB,PS,3,LFS - EU Labour Force Survey,Repository: ILO-STATISTICS - Micro data processing,,,1,,
ILO:DF_EMP_TEMP_SEX_OCU_NB(1.0),DEU,A,EMP_TEMP_NB,SEX_T,OCU_ISCO88_TOTAL,2010,37757.211,,NB,PS,3,LFS - EU Labour Force Survey,Repository: ILO-STATISTICS - Micro data processing,,,1,,
ILO:DF_EMP_TEMP_SEX_OCU_NB(1.0),DEU,A,EMP_TEMP_NB,SEX_T,OCU_ISCO88_1,2010,2168.543,,NB,PS,3,LFS - EU Labour Force Survey,Repository: ILO-STATISTICS - Micro data processing,,,1,,
ILO:DF_EMP_TEMP_SEX_OCU_NB(1.0),DEU,A,EMP_TEMP_NB,SEX_T,OCU_ISCO88_2,2010,5892.291,,NB,PS,3,LFS - EU Labour Force Survey,Repository: ILO-STATISTICS - Micro data processing,,,1,,
ILO:DF_EMP_TEMP_SEX_OCU_NB(1.0),DEU,A,EMP_TEMP_NB,SEX_T,OCU_ISCO88_3,2010,8042.154,,NB,PS,3,LFS - EU Labour Force Survey,Repository: ILO-STATISTICS - Micro data processing,,,1,,
ILO:DF_EMP_TEMP_SEX_OCU_NB(1.0),DEU,A,EMP_TEMP_NB,SEX_T,OCU_ISCO88_4,2010,4467.071,,NB,PS,3,LFS - EU Labour Force Survey,Repository: ILO-STATISTICS - Micro data processing,,,1,,
ILO:DF_EMP_TEMP_SEX_OCU_NB(1.0),DEU,A,EMP_TEMP_NB,SEX_T,OCU_ISCO88_5,2010,4715.778,,NB,PS,3,LFS - EU Labour Force Survey,Repository: ILO-STATISTICS - Micro data processing,,,1,,
ILO:DF_EMP_TEMP_SEX_OCU_NB(1.0),DEU,A,EMP_TEMP_NB,SEX_T,OCU_ISCO88_6,2010,690.613,,NB,PS,3,LFS - EU Labour Force Survey,Repository: ILO-STATISTICS - Micro data processing,,,1,,
ILO:DF_EMP_TEMP_SEX_OCU_NB(1.0),DEU,A,EMP_TEMP_NB,SEX_T,OCU_ISCO88_7,2010,5469.527,,NB,PS,3,LFS - EU Labour Force Survey,Repository: ILO-STATISTICS - Micro data processing,,,1,,
ILO:DF_EMP_TEMP_SEX_OCU_NB(1.0),DEU,A,EMP_TEMP_NB,SEX_T,OCU_ISCO88_8,2010,2619.553,,NB,PS,3,LFS - EU Labour Force Survey,Repository: ILO-STATISTICS - Micro data processing,,,1,,
ILO:DF_EMP_TEMP_SEX_OCU_NB(1.0),DEU,A,EMP_TEMP_NB,SEX_T,OCU_ISCO88_9,2010,3025.371,,NB,PS,3,LFS - EU Labour Force Survey,Repository: ILO-STATISTICS - Micro data processing,,,1,,
ILO:DF_EMP_TEMP_SEX_OCU_NB(1.0),DEU,A,EMP_TEMP_NB,SEX_T,OCU_ISCO88_0,2010,181.204,,NB,PS,3,LFS - EU Labour Force Survey,Repository: ILO-STATISTICS - Micro data processing,,,1,,
ILO:DF_EMP_TEMP_SEX_OCU_NB(1.0),DEU,A,EMP_TEMP_NB,SEX_T,OCU_ISCO88_X,2010,485.107,,NB,PS,3,LFS - EU Labour Force Survey,Repository: ILO-STATISTICS - Micro data processing,,,1,,
ILO:DF_EMP_TEMP_SEX_OCU_NB(1.0),DEU,A,EMP_TEMP_NB,SEX_T,OCU_SKILL_TOTAL,2011,38723.448,,NB,PS,3,LFS - EU Labour Force Survey,Repository: ILO-STATISTICS - Micro data processing,,,1,,
ILO:DF_EMP_TEMP_SEX_OCU_NB(1.0),DEU,A,EMP_TEMP_NB,SEX_T,OCU_SKILL_L3-4,2011,16679.595,,NB,PS,3,LFS - EU Labour Force Survey,Repository: ILO-STATISTICS - Micro data processing,,,1,,
ILO:DF_EMP_TEMP_SEX_OCU_NB(1.0),DEU,A,EMP_TEMP_NB,SEX_T,OCU_SKILL_L2,2011,18210.835,,NB,PS,3,LFS - EU Labour Force Survey,Repository: ILO-STATISTICS - Micro data processing,,,1,,
ILO:DF_EMP_TEMP_SEX_OCU_NB(1.0),DEU,A,EMP_TEMP_NB,SEX_T,OCU_SKILL_L1,2011,3290.28,,NB,PS,3,LFS - EU Labour Force Survey,Repository: ILO-STATISTICS - Micro data processing,,,1,,
ILO:DF_EMP_TEMP_SEX_OCU_NB(1.0),DEU,A,EMP_TEMP_NB,SEX_T,OCU_SKILL_X,2011,542.738,,NB,PS,3,LFS - EU Labour Force Survey,Repository: ILO-STATISTICS - Micro data processing,,,1,,
ILO:DF_EMP_TEMP_SEX_OCU_NB(1.0),DEU,A,EMP_TEMP_NB,SEX_T,OCU_ISCO08_TOTAL,2011,38723.448,,NB,PS,3,LFS - EU Labour Force Survey,Repository: ILO-STATISTICS - Micro data processing,,,1,,
ILO:DF_EMP_TEMP_SEX_OCU_NB(1.0),DEU,A,EMP_TEMP_NB,SEX_T,OCU_ISCO08_1,2011,1878.503,,NB,PS,3,LFS - EU Labour Force Survey,Repository: ILO-STATISTICS - Micro data processing,,,1,,
ILO:DF_EMP_TEMP_SEX_OCU_NB(1.0),DEU,A,EMP_TEMP_NB,SEX_T,OCU_ISCO08_2,2011,6975.687,,NB,PS,3,LFS - EU Labour Force Survey,Repository: ILO-STATISTICS - Micro data processing,,,1,,
ILO:DF_EMP_TEMP_SEX_OCU_NB(1.0),DEU,A,EMP_TEMP_NB,SEX_T,OCU_ISCO08_3,2011,7825.406,,NB,PS,3,LFS - EU Labour Force Survey,Repository: ILO-STATISTICS - Micro data processing,,,1,,
ILO:DF_EMP_TEMP_SEX_OCU_NB(1.0),DEU,A,EMP_TEMP_NB,SEX_T,OCU_ISCO08_4,2011,4617.399,,NB,PS,3,LFS - EU Labour Force Survey,Repository: ILO-STATISTICS - Micro data processing,,,1,,
ILO:DF_EMP_TEMP_SEX_OCU_NB(1.0),DEU,A,EMP_TEMP_NB,SEX_T,OCU_ISCO08_5,2011,5774.091,,NB,PS,3,LFS - EU Labour Force Survey,Repository: ILO-STATISTICS - Micro data processing,,,1,,
ILO:DF_EMP_TEMP_SEX_OCU_NB(1.0),DEU,A,EMP_TEMP_NB,SEX_T,OCU_ISCO08_6,2011,591.968,,NB,PS,3,LFS - EU Labour Force Survey,Repository: ILO-STATISTICS - Micro data processing,,,1,,
ILO:DF_EMP_TEMP_SEX_OCU_NB(1.0),DEU,A,EMP_TEMP_NB,SEX_T,OCU_ISCO08_7,2011,4835.702,,NB,PS,3,LFS - EU Labour Force Survey,Repository: ILO-STATISTICS - Micro data processing,,,1,,
ILO:DF_EMP_TEMP_SEX_OCU_NB(1.0),DEU,A,EMP_TEMP_NB,SEX_T,OCU_ISCO08_8,2011,2391.675,,NB,PS,3,LFS - EU Labour Force Survey,Repository: ILO-STATISTICS - Micro data processing,,,1,,
ILO:DF_EMP_TEMP_SEX_OCU_NB(1.0),DEU,A,EMP_TEMP_NB,SEX_T,OCU_ISCO08_9,2011,3290.28,,NB,PS,3,LFS - EU Labour Force Survey,Repository: ILO-STATISTICS - Micro data processing,,,1,,
ILO:DF_EMP_TEMP_SEX_OCU_NB(1.0),DEU,A,EMP_TEMP_NB,SEX_T,OCU_ISCO08_0,2011,189.02,,NB,PS,3,LFS - EU Labour Force Survey,Repository: ILO-STATISTICS - Micro data processing,,,1,,
ILO:DF_EMP_TEMP_SEX_OCU_NB(1.0),DEU,A,EMP_TEMP_NB,SEX_T,OCU_ISCO08_X,2011,353.718,,NB,PS,3,LFS - EU Labour Force Survey,Repository: ILO-STATISTICS - Micro data processing,,,1,,
ILO:DF_EMP_TEMP_SEX_OCU_NB(1.0),DEU,A,EMP_TEMP_NB,SEX_T,OCU_SKILL_TOTAL,2012,39123.436,,NB,PS,3,LFS - EU Labour Force Survey,Repository: ILO-STATISTICS - Micro data processing,,,1,,
ILO:DF_EMP_TEMP_SEX_OCU_NB(1.0),DEU,A,EMP_TEMP_NB,SEX_T,OCU_SKILL_L3-4,2012,16795.566,,NB,PS,3,LFS - EU Labour Force Survey,Repository: ILO-STATISTICS - Micro data processing,,,1,,
ILO:DF_EMP_TEMP_SEX_OCU_NB(1.0),DEU,A,EMP_TEMP_NB,SEX_T,OCU_SKILL_L2,2012,18941.507,,NB,PS,3,LFS - EU Labour Force Survey,Repository: ILO-STATISTICS - Micro data processing,,,1,,
ILO:DF_EMP_TEMP_SEX_OCU_NB(1.0),DEU,A,EMP_TEMP_NB,SEX_T,OCU_SKILL_L1,2012,3188.745,,NB,PS,3,LFS - EU Labour Force Survey,Repository: ILO-STATISTICS - Micro data processing,,,1,,
ILO:DF_EMP_TEMP_SEX_OCU_NB(1.0),DEU,A,EMP_TEMP_NB,SEX_T,OCU_SKILL_X,2012,197.619,,NB,PS,3,LFS - EU Labour Force Survey,Repository: ILO-STATISTICS - Micro data processing,,,1,,
ILO:DF_EMP_TEMP_SEX_OCU_NB(1.0),DEU,A,EMP_TEMP_NB,SEX_T,OCU_ISCO08_TOTAL,2012,39123.436,,NB,PS,3,LFS - EU Labour Force Survey,Repository: ILO-STATISTICS - Micro data processing,,,1,,
ILO:DF_EMP_TEMP_SEX_OCU_NB(1.0),DEU,A,EMP_TEMP_NB,SEX_T,OCU_ISCO08_1,2012,1746.497,,NB,PS,3,LFS - EU Labour Force Survey,Repository: ILO-STATISTICS - Micro data processing,,,1,,
ILO:DF_EMP_TEMP_SEX_OCU_NB(1.0),DEU,A,EMP_TEMP_NB,SEX_T,OCU_ISCO08_2,2012,6551.953,,NB,PS,3,LFS - EU Labour Force Survey,Repository: ILO-STATISTICS - Micro data processing,,,1,,
ILO:DF_EMP_TEMP_SEX_OCU_NB(1.0),DEU,A,EMP_TEMP_NB,SEX_T,OCU_ISCO08_3,2012,8497.116,,NB,PS,3,LFS - EU Labour Force Survey,Repository: ILO-STATISTICS - Micro data processing,,,1,,
ILO:DF_EMP_TEMP_SEX_OCU_NB(1.0),DEU,A,EMP_TEMP_NB,SEX_T,OCU_ISCO08_4,2012,5219.868,,NB,PS,3,LFS - EU Labour Force Survey,Repository: ILO-STATISTICS - Micro data processing,,,1,,
ILO:DF_EMP_TEMP_SEX_OCU_NB(1.0),DEU,A,EMP_TEMP_NB,SEX_T,OCU_ISCO08_5,2012,5577.976,,NB,PS,3,LFS - EU Labour Force Survey,Repository: ILO-STATISTICS - Micro data processing,,,1,,
ILO:DF_EMP_TEMP_SEX_OCU_NB(1.0),DEU,A,EMP_TEMP_NB,SEX_T,OCU_ISCO08_6,2012,577.193,,NB,PS,3,LFS - EU Labour Force Survey,Repository: ILO-STATISTICS - Micro data processing,,,1,,
ILO:DF_EMP_TEMP_SEX_OCU_NB(1.0),DEU,A,EMP_TEMP_NB,SEX_T,OCU_ISCO08_7,2012,5165.54,,NB,PS,3,LFS - EU Labour Force Survey,Repository: ILO-STATISTICS - Micro data processing,,,1,,
ILO:DF_EMP_TEMP_SEX_OCU_NB(1.0),DEU,A,EMP_TEMP_NB,SEX_T,OCU_ISCO08_8,2012,2400.93,,NB,PS,3,LFS - EU Labour Force Survey,Repository: ILO-STATISTICS - Micro data processing,,,1,,
ILO:DF_EMP_TEMP_SEX_OCU_NB(1.0),DEU,A,EMP_TEMP_NB,SEX_T,OCU_ISCO08_9,2012,3188.745,,NB,PS,3,LFS - EU Labour Force Survey,Repository: ILO-STATISTICS - Micro data processing,,,1,,
ILO:DF_EMP_TEMP_SEX_OCU_NB(1.0),DEU,A,EMP_TEMP_NB,SEX_T,OCU_ISCO08_0,2012,197.619,,NB,PS,3,LFS - EU Labour Force Survey,Repository: ILO-STATISTICS - Micro data processing,,,1,,
ILO:DF_EMP_TEMP_SEX_OCU_NB(1.0),DEU,A,EMP_TEMP_NB,SEX_T,OCU_SKILL_TOTAL,2013,39482.744,,NB,PS,3,LFS - EU Labour Force Survey,Repository: ILO-STATISTICS - Micro data processing,,,1,,
ILO:DF_EMP_TEMP_SEX_OCU_NB(1.0),DEU,A,EMP_TEMP_NB,SEX_T,OCU_SKILL_L3-4,2013,17016.678,,NB,PS,3,LFS - EU Labour Force Survey,Repository: ILO-STATISTICS - Micro data processing,,,1,,
ILO:DF_EMP_TEMP_SEX_OCU_NB(1.0),DEU,A,EMP_TEMP_NB,SEX_T,OCU_SKILL_L2,2013,19012.952,,NB,PS,3,LFS - EU Labour Force Survey,Repository: ILO-STATISTICS - Micro data processing,,,1,,
ILO:DF_EMP_TEMP_SEX_OCU_NB(1.0),DEU,A,EMP_TEMP_NB,SEX_T,OCU_SKILL_L1,2013,3219.143,,NB,PS,3,LFS - EU Labour Force Survey,Repository: ILO-STATISTICS - Micro data processing,,,1,,
ILO:DF_EMP_TEMP_SEX_OCU_NB(1.0),DEU,A,EMP_TEMP_NB,SEX_T,OCU_SKILL_X,2013,233.971,,NB,PS,3,LFS - EU Labour Force Survey,Repository: ILO-STATISTICS - Micro data processing,,,1,,
ILO:DF_EMP_TEMP_SEX_OCU_NB(1.0),DEU,A,EMP_TEMP_NB,SEX_T,OCU_ISCO08_TOTAL,2013,39482.744,,NB,PS,3,LFS - EU Labour Force Survey,Repository: ILO-STATISTICS - Micro data processing,,,1,,
ILO:DF_EMP_TEMP_SEX_OCU_NB(1.0),DEU,A,EMP_TEMP_NB,SEX_T,OCU_ISCO08_1,2013,1713.633,,NB,PS,3,LFS - EU Labour Force Survey,Repository: ILO-STATISTICS - Micro data processing,,,1,,
ILO:DF_EMP_TEMP_SEX_OCU_NB(1.0),DEU,A,EMP_TEMP_NB,SEX_T,OCU_ISCO08_2,2013,6605.044,,NB,PS,3,LFS - EU Labour Force Survey,Repository: ILO-STATISTICS - Micro data processing,,,1,,
ILO:DF_EMP_TEMP_SEX_OCU_NB(1.0),DEU,A,EMP_TEMP_NB,SEX_T,OCU_ISCO08_3,2013,8698.002,,NB,PS,3,LFS - EU Labour Force Survey,Repository: ILO-STATISTICS - Micro data processing,,,1,,
ILO:DF_EMP_TEMP_SEX_OCU_NB(1.0),DEU,A,EMP_TEMP_NB,SEX_T,OCU_ISCO08_4,2013,5251.303,,NB,PS,3,LFS - EU Labour Force Survey,Repository: ILO-STATISTICS - Micro data processing,,,1,,
ILO:DF_EMP_TEMP_SEX_OCU_NB(1.0),DEU,A,EMP_TEMP_NB,SEX_T,OCU_ISCO08_5,2013,5674.779,,NB,PS,3,LFS - EU Labour Force Survey,Repository: ILO-STATISTICS - Micro data processing,,,1,,
ILO:DF_EMP_TEMP_SEX_OCU_NB(1.0),DEU,A,EMP_TEMP_NB,SEX_T,OCU_ISCO08_6,2013,583.488,,NB,PS,3,LFS - EU Labour Force Survey,Repository: ILO-STATISTICS - Micro data processing,,,1,,
ILO:DF_EMP_TEMP_SEX_OCU_NB(1.0),DEU,A,EMP_TEMP_NB,SEX_T,OCU_ISCO08_7,2013,5136.803,,NB,PS,3,LFS - EU Labour Force Survey,Repository: ILO-STATISTICS - Micro data processing,,,1,,
ILO:DF_EMP_TEMP_SEX_OCU_NB(1.0),DEU,A,EMP_TEMP_NB,SEX_T,OCU_ISCO08_8,2013,2366.58,,NB,PS,3,LFS - EU Labour Force Survey,Repository: ILO-STATISTICS - Micro data processing,,,1,,
ILO:DF_EMP_TEMP_SEX_OCU_NB(1.0),DEU,A,EMP_TEMP_NB,SEX_T,OCU_ISCO08_9,2013,3219.143,,NB,PS,3,LFS - EU Labour Force Survey,Repository: ILO-STATISTICS - Micro data processing,,,1,,
ILO:DF_EMP_TEMP_SEX_OCU_NB(1.0),DEU,A,EMP_TEMP_NB,SEX_T,OCU_ISCO08_0,2013,192.329,,NB,PS,3,LFS - EU Labour Force Survey,Repository: ILO-STATISTICS - Micro data processing,,,1,,
ILO:DF_EMP_TEMP_SEX_OCU_NB(1.0),DEU,A,EMP_TEMP_NB,SEX_T,OCU_ISCO08_X,2013,41.642,,NB,PS,3,LFS - EU Labour Force Survey,Repository: ILO-STATISTICS - Micro data processing,,,1,,
ILO:DF_EMP_TEMP_SEX_OCU_NB(1.0),DEU,A,EMP_TEMP_NB,SEX_T,OCU_SKILL_TOTAL,2014,39903.946,,NB,PS,3,LFS - EU Labour Force Survey,Repository: ILO-STATISTICS - Micro data processing,,,1,,
ILO:DF_EMP_TEMP_SEX_OCU_NB(1.0),DEU,A,EMP_TEMP_NB,SEX_T,OCU_SKILL_L3-4,2014,17380.937,,NB,PS,3,LFS - EU Labour Force Survey,Repository: ILO-STATISTICS - Micro data processing,,,1,,
ILO:DF_EMP_TEMP_SEX_OCU_NB(1.0),DEU,A,EMP_TEMP_NB,SEX_T,OCU_SKILL_L2,2014,19088.873,,NB,PS,3,LFS - EU Labour Force Survey,Repository: ILO-STATISTICS - Micro data processing,,,1,,
ILO:DF_EMP_TEMP_SEX_OCU_NB(1.0),DEU,A,EMP_TEMP_NB,SEX_T,OCU_SKILL_L1,2014,3202.1,,NB,PS,3,LFS - EU Labour Force Survey,Repository: ILO-STATISTICS - Micro data processing,,,1,,
ILO:DF_EMP_TEMP_SEX_OCU_NB(1.0),DEU,A,EMP_TEMP_NB,SEX_T,OCU_SKILL_X,2014,232.036,,NB,PS,3,LFS - EU Labour Force Survey,Repository: ILO-STATISTICS - Micro data processing,,,1,,
ILO:DF_EMP_TEMP_SEX_OCU_NB(1.0),DEU,A,EMP_TEMP_NB,SEX_T,OCU_ISCO08_TOTAL,2014,39903.946,,NB,PS,3,LFS - EU Labour Force Survey,Repository: ILO-STATISTICS - Micro data processing,,,1,,
ILO:DF_EMP_TEMP_SEX_OCU_NB(1.0),DEU,A,EMP_TEMP_NB,SEX_T,OCU_ISCO08_1,2014,1771.723,,NB,PS,3,LFS - EU Labour Force Survey,Repository: ILO-STATISTICS - Micro data processing,,,1,,
ILO:DF_EMP_TEMP_SEX_OCU_NB(1.0),DEU,A,EMP_TEMP_NB,SEX_T,OCU_ISCO08_2,2014,6766.404,,NB,PS,3,LFS - EU Labour Force Survey,Repository: ILO-STATISTICS - Micro data processing,,,1,,
ILO:DF_EMP_TEMP_SEX_OCU_NB(1.0),DEU,A,EMP_TEMP_NB,SEX_T,OCU_ISCO08_3,2014,8842.81,,NB,PS,3,LFS - EU Labour Force Survey,Repository: ILO-STATISTICS - Micro data processing,,,1,,
ILO:DF_EMP_TEMP_SEX_OCU_NB(1.0),DEU,A,EMP_TEMP_NB,SEX_T,OCU_ISCO08_4,2014,5241.475,,NB,PS,3,LFS - EU Labour Force Survey,Repository: ILO-STATISTICS - Micro data processing,,,1,,
ILO:DF_EMP_TEMP_SEX_OCU_NB(1.0),DEU,A,EMP_TEMP_NB,SEX_T,OCU_ISCO08_5,2014,5685.592,,NB,PS,3,LFS - EU Labour Force Survey,Repository: ILO-STATISTICS - Micro data processing,,,1,,
ILO:DF_EMP_TEMP_SEX_OCU_NB(1.0),DEU,A,EMP_TEMP_NB,SEX_T,OCU_ISCO08_6,2014,577.976,,NB,PS,3,LFS - EU Labour Force Survey,Repository: ILO-STATISTICS - Micro data processing,,,1,,
ILO:DF_EMP_TEMP_SEX_OCU_NB(1.0),DEU,A,EMP_TEMP_NB,SEX_T,OCU_ISCO08_7,2014,5143.128,,NB,PS,3,LFS - EU Labour Force Survey,Repository: ILO-STATISTICS - Micro data processing,,,1,,
ILO:DF_EMP_TEMP_SEX_OCU_NB(1.0),DEU,A,EMP_TEMP_NB,SEX_T,OCU_ISCO08_8,2014,2440.702,,NB,PS,3,LFS - EU Labour Force Survey,Repository: ILO-STATISTICS - Micro data processing,,,1,,
ILO:DF_EMP_TEMP_SEX_OCU_NB(1.0),DEU,A,EMP_TEMP_NB,SEX_T,OCU_ISCO08_9,2014,3202.1,,NB,PS,3,LFS - EU Labour Force Survey,Repository: ILO-STATISTICS - Micro data processing,,,1,,
ILO:DF_EMP_TEMP_SEX_OCU_NB(1.0),DEU,A,EMP_TEMP_NB,SEX_T,OCU_ISCO08_0,2014,189.23,,NB,PS,3,LFS - EU Labour Force Survey,Repository: ILO-STATISTICS - Micro data processing,,,1,,
ILO:DF_EMP_TEMP_SEX_OCU_NB(1.0),DEU,A,EMP_TEMP_NB,SEX_T,OCU_ISCO08_X,2014,42.806,,NB,PS,3,LFS - EU Labour Force Survey,Repository: ILO-STATISTICS - Micro data processing,,,1,,
ILO:DF_EMP_TEMP_SEX_OCU_NB(1.0),DEU,A,EMP_TEMP_NB,SEX_T,OCU_SKILL_TOTAL,2015,40243.239,,NB,PS,3,LFS - EU Labour Force Survey,Repository: ILO-STATISTICS - Micro data processing,,,1,,
ILO:DF_EMP_TEMP_SEX_OCU_NB(1.0),DEU,A,EMP_TEMP_NB,SEX_T,OCU_SKILL_L3-4,2015,17750.314,,NB,PS,3,LFS - EU Labour Force Survey,Repository: ILO-STATISTICS - Micro data processing,,,1,,
ILO:DF_EMP_TEMP_SEX_OCU_NB(1.0),DEU,A,EMP_TEMP_NB,SEX_T,OCU_SKILL_L2,2015,18998.271,,NB,PS,3,LFS - EU Labour Force Survey,Repository: ILO-STATISTICS - Micro data processing,,,1,,
ILO:DF_EMP_TEMP_SEX_OCU_NB(1.0),DEU,A,EMP_TEMP_NB,SEX_T,OCU_SKILL_L1,2015,3281.772,,NB,PS,3,LFS - EU Labour Force Survey,Repository: ILO-STATISTICS - Micro data processing,,,1,,
ILO:DF_EMP_TEMP_SEX_OCU_NB(1.0),DEU,A,EMP_TEMP_NB,SEX_T,OCU_SKILL_X,2015,212.882,,NB,PS,3,LFS - EU Labour Force Survey,Repository: ILO-STATISTICS - Micro data processing,,,1,,
ILO:DF_EMP_TEMP_SEX_OCU_NB(1.0),DEU,A,EMP_TEMP_NB,SEX_T,OCU_ISCO08_TOTAL,2015,40243.239,,NB,PS,3,LFS - EU Labour Force Survey,Repository: ILO-STATISTICS - Micro data processing,,,1,,
ILO:DF_EMP_TEMP_SEX_OCU_NB(1.0),DEU,A,EMP_TEMP_NB,SEX_T,OCU_ISCO08_1,2015,1818.109,,NB,PS,3,LFS - EU Labour Force Survey,Repository: ILO-STATISTICS - Micro data processing,,,1,,
ILO:DF_EMP_TEMP_SEX_OCU_NB(1.0),DEU,A,EMP_TEMP_NB,SEX_T,OCU_ISCO08_2,2015,6934.119,,NB,PS,3,LFS - EU Labour Force Survey,Repository: ILO-STATISTICS - Micro data processing,,,1,,
ILO:DF_EMP_TEMP_SEX_OCU_NB(1.0),DEU,A,EMP_TEMP_NB,SEX_T,OCU_ISCO08_3,2015,8998.085,,NB,PS,3,LFS - EU Labour Force Survey,Repository: ILO-STATISTICS - Micro data processing,,,1,,
ILO:DF_EMP_TEMP_SEX_OCU_NB(1.0),DEU,A,EMP_TEMP_NB,SEX_T,OCU_ISCO08_4,2015,5070.815,,NB,PS,3,LFS - EU Labour Force Survey,Repository: ILO-STATISTICS - Micro data processing,,,1,,
ILO:DF_EMP_TEMP_SEX_OCU_NB(1.0),DEU,A,EMP_TEMP_NB,SEX_T,OCU_ISCO08_5,2015,5799.99,,NB,PS,3,LFS - EU Labour Force Survey,Repository: ILO-STATISTICS - Micro data processing,,,1,,
ILO:DF_EMP_TEMP_SEX_OCU_NB(1.0),DEU,A,EMP_TEMP_NB,SEX_T,OCU_ISCO08_6,2015,577.075,,NB,PS,3,LFS - EU Labour Force Survey,Repository: ILO-STATISTICS - Micro data processing,,,1,,
ILO:DF_EMP_TEMP_SEX_OCU_NB(1.0),DEU,A,EMP_TEMP_NB,SEX_T,OCU_ISCO08_7,2015,5080.83,,NB,PS,3,LFS - EU Labour Force Survey,Repository: ILO-STATISTICS - Micro data processing,,,1,,
ILO:DF_EMP_TEMP_SEX_OCU_NB(1.0),DEU,A,EMP_TEMP_NB,SEX_T,OCU_ISCO08_8,2015,2469.561,,NB,PS,3,LFS - EU Labour Force Survey,Repository: ILO-STATISTICS - Micro data processing,,,1,,
ILO:DF_EMP_TEMP_SEX_OCU_NB(1.0),DEU,A,EMP_TEMP_NB,SEX_T,OCU_ISCO08_9,2015,3281.772,,NB,PS,3,LFS - EU Labour Force Survey,Repository: ILO-STATISTICS - Micro data processing,,,1,,
ILO:DF_EMP_TEMP_SEX_OCU_NB(1.0),DEU,A,EMP_TEMP_NB,SEX_T,OCU_ISCO08_0,2015,178.972,,NB,PS,3,LFS - EU Labour Force Survey,Repository: ILO-STATISTICS - Micro data processing,,,1,,
ILO:DF_EMP_TEMP_SEX_OCU_NB(1.0),DEU,A,EMP_TEMP_NB,SEX_T,OCU_ISCO08_X,2015,33.909,,NB,PS,3,LFS - EU Labour Force Survey,Repository: ILO-STATISTICS - Micro data processing,,,1,,
ILO:DF_EMP_TEMP_SEX_OCU_NB(1.0),DEU,A,EMP_TEMP_NB,SEX_T,OCU_SKILL_TOTAL,2016,41302.509,,NB,PS,3,LFS - EU Labour Force Survey,Repository: ILO-STATISTICS - Micro data processing,,,1,,
ILO:DF_EMP_TEMP_SEX_OCU_NB(1.0),DEU,A,EMP_TEMP_NB,SEX_T,OCU_SKILL_L3-4,2016,18397.66,,NB,PS,3,LFS - EU Labour Force Survey,Repository: ILO-STATISTICS - Micro data processing,,,1,,
ILO:DF_EMP_TEMP_SEX_OCU_NB(1.0),DEU,A,EMP_TEMP_NB,SEX_T,OCU_SKILL_L2,2016,19421.217,,NB,PS,3,LFS - EU Labour Force Survey,Repository: ILO-STATISTICS - Micro data processing,,,1,,
ILO:DF_EMP_TEMP_SEX_OCU_NB(1.0),DEU,A,EMP_TEMP_NB,SEX_T,OCU_SKILL_L1,2016,3242.195,,NB,PS,3,LFS - EU Labour Force Survey,Repository: ILO-STATISTICS - Micro data processing,,,1,,
ILO:DF_EMP_TEMP_SEX_OCU_NB(1.0),DEU,A,EMP_TEMP_NB,SEX_T,OCU_SKILL_X,2016,241.437,,NB,PS,3,LFS - EU Labour Force Survey,Repository: ILO-STATISTICS - Micro data processing,,,1,,
ILO:DF_EMP_TEMP_SEX_OCU_NB(1.0),DEU,A,EMP_TEMP_NB,SEX_T,OCU_ISCO08_TOTAL,2016,41302.509,,NB,PS,3,LFS - EU Labour Force Survey,Repository: ILO-STATISTICS - Micro data processing,,,1,,
ILO:DF_EMP_TEMP_SEX_OCU_NB(1.0),DEU,A,EMP_TEMP_NB,SEX_T,OCU_ISCO08_1,2016,1890.306,,NB,PS,3,LFS - EU Labour Force Survey,Repository: ILO-STATISTICS - Micro data processing,,,1,,
ILO:DF_EMP_TEMP_SEX_OCU_NB(1.0),DEU,A,EMP_TEMP_NB,SEX_T,OCU_ISCO08_2,2016,7284.362,,NB,PS,3,LFS - EU Labour Force Survey,Repository: ILO-STATISTICS - Micro data processing,,,1,,
ILO:DF_EMP_TEMP_SEX_OCU_NB(1.0),DEU,A,EMP_TEMP_NB,SEX_T,OCU_ISCO08_3,2016,9222.992,,NB,PS,3,LFS - EU Labour Force Survey,Repository: ILO-STATISTICS - Micro data processing,,,1,,
ILO:DF_EMP_TEMP_SEX_OCU_NB(1.0),DEU,A,EMP_TEMP_NB,SEX_T,OCU_ISCO08_4,2016,5407.352,,NB,PS,3,LFS - EU Labour Force Survey,Repository: ILO-STATISTICS - Micro data processing,,,1,,
ILO:DF_EMP_TEMP_SEX_OCU_NB(1.0),DEU,A,EMP_TEMP_NB,SEX_T,OCU_ISCO08_5,2016,5877.542,,NB,PS,3,LFS - EU Labour Force Survey,Repository: ILO-STATISTICS - Micro data processing,,,1,,
ILO:DF_EMP_TEMP_SEX_OCU_NB(1.0),DEU,A,EMP_TEMP_NB,SEX_T,OCU_ISCO08_6,2016,542.854,,NB,PS,3,LFS - EU Labour Force Survey,Repository: ILO-STATISTICS - Micro data processing,,,1,,
ILO:DF_EMP_TEMP_SEX_OCU_NB(1.0),DEU,A,EMP_TEMP_NB,SEX_T,OCU_ISCO08_7,2016,5151.623,,NB,PS,3,LFS - EU Labour Force Survey,Repository: ILO-STATISTICS - Micro data processing,,,1,,
ILO:DF_EMP_TEMP_SEX_OCU_NB(1.0),DEU,A,EMP_TEMP_NB,SEX_T,OCU_ISCO08_8,2016,2441.846,,NB,PS,3,LFS - EU Labour Force Survey,Repository: ILO-STATISTICS - Micro data processing,,,1,,
ILO:DF_EMP_TEMP_SEX_OCU_NB(1.0),DEU,A,EMP_TEMP_NB,SEX_T,OCU_ISCO08_9,2016,3242.195,,NB,PS,3,LFS - EU Labour Force Survey,Repository: ILO-STATISTICS - Micro data processing,,,1,,
ILO:DF_EMP_TEMP_SEX_OCU_NB(1.0),DEU,A,EMP_TEMP_NB,SEX_T,OCU_ISCO08_0,2016,185.886,,NB,PS,3,LFS - EU Labour Force Survey,Repository: ILO-STATISTICS - Micro data processing,,,1,,
ILO:DF_EMP_TEMP_SEX_OCU_NB(1.0),DEU,A,EMP_TEMP_NB,SEX_T,OCU_ISCO08_X,2016,55.551,,NB,PS,3,LFS - EU Labour Force Survey,Repository: ILO-STATISTICS - Micro data processing,,,1,,
ILO:DF_EMP_TEMP_SEX_OCU_NB(1.0),DEU,A,EMP_TEMP_NB,SEX_T,OCU_SKILL_TOTAL,2017,41665.166,,NB,PS,3,LFS - EU Labour Force Survey,Repository: ILO-STATISTICS - Micro data processing,,,1,,
ILO:DF_EMP_TEMP_SEX_OCU_NB(1.0),DEU,A,EMP_TEMP_NB,SEX_T,OCU_SKILL_L3-4,2017,18663.447,,NB,PS,3,LFS - EU Labour Force Survey,Repository: ILO-STATISTICS - Micro data processing,,,1,,
ILO:DF_EMP_TEMP_SEX_OCU_NB(1.0),DEU,A,EMP_TEMP_NB,SEX_T,OCU_SKILL_L2,2017,19501.985,,NB,PS,3,LFS - EU Labour Force Survey,Repository: ILO-STATISTICS - Micro data processing,,,1,,
ILO:DF_EMP_TEMP_SEX_OCU_NB(1.0),DEU,A,EMP_TEMP_NB,SEX_T,OCU_SKILL_L1,2017,3269.458,,NB,PS,3,LFS - EU Labour Force Survey,Repository: ILO-STATISTICS - Micro data processing,,,1,,
ILO:DF_EMP_TEMP_SEX_OCU_NB(1.0),DEU,A,EMP_TEMP_NB,SEX_T,OCU_SKILL_X,2017,230.275,,NB,PS,3,LFS - EU Labour Force Survey,Repository: ILO-STATISTICS - Micro data processing,,,1,,
ILO:DF_EMP_TEMP_SEX_OCU_NB(1.0),DEU,A,EMP_TEMP_NB,SEX_T,OCU_ISCO08_TOTAL,2017,41665.166,,NB,PS,3,LFS - EU Labour Force Survey,Repository: ILO-STATISTICS - Micro data processing,,,1,,
ILO:DF_EMP_TEMP_SEX_OCU_NB(1.0),DEU,A,EMP_TEMP_NB,SEX_T,OCU_ISCO08_1,2017,1927.496,,NB,PS,3,LFS - EU Labour Force Survey,Repository: ILO-STATISTICS - Micro data processing,,,1,,
ILO:DF_EMP_TEMP_SEX_OCU_NB(1.0),DEU,A,EMP_TEMP_NB,SEX_T,OCU_ISCO08_2,2017,7450.292,,NB,PS,3,LFS - EU Labour Force Survey,Repository: ILO-STATISTICS - Micro data processing,,,1,,
ILO:DF_EMP_TEMP_SEX_OCU_NB(1.0),DEU,A,EMP_TEMP_NB,SEX_T,OCU_ISCO08_3,2017,9285.66,,NB,PS,3,LFS - EU Labour Force Survey,Repository: ILO-STATISTICS - Micro data processing,,,1,,
ILO:DF_EMP_TEMP_SEX_OCU_NB(1.0),DEU,A,EMP_TEMP_NB,SEX_T,OCU_ISCO08_4,2017,5398.871,,NB,PS,3,LFS - EU Labour Force Survey,Repository: ILO-STATISTICS - Micro data processing,,,1,,
ILO:DF_EMP_TEMP_SEX_OCU_NB(1.0),DEU,A,EMP_TEMP_NB,SEX_T,OCU_ISCO08_5,2017,5873.332,,NB,PS,3,LFS - EU Labour Force Survey,Repository: ILO-STATISTICS - Micro data processing,,,1,,
ILO:DF_EMP_TEMP_SEX_OCU_NB(1.0),DEU,A,EMP_TEMP_NB,SEX_T,OCU_ISCO08_6,2017,532.307,,NB,PS,3,LFS - EU Labour Force Survey,Repository: ILO-STATISTICS - Micro data processing,,,1,,
ILO:DF_EMP_TEMP_SEX_OCU_NB(1.0),DEU,A,EMP_TEMP_NB,SEX_T,OCU_ISCO08_7,2017,5146.342,,NB,PS,3,LFS - EU Labour Force Survey,Repository: ILO-STATISTICS - Micro data processing,,,1,,
ILO:DF_EMP_TEMP_SEX_OCU_NB(1.0),DEU,A,EMP_TEMP_NB,SEX_T,OCU_ISCO08_8,2017,2551.134,,NB,PS,3,LFS - EU Labour Force Survey,Repository: ILO-STATISTICS - Micro data processing,,,1,,
ILO:DF_EMP_TEMP_SEX_OCU_NB(1.0),DEU,A,EMP_TEMP_NB,SEX_T,OCU_ISCO08_9,2017,3269.458,,NB,PS,3,LFS - EU Labour Force Survey,Repository: ILO-STATISTICS - Micro data processing,,,1,,
ILO:DF_EMP_TEMP_SEX_OCU_NB(1.0),DEU,A,EMP_TEMP_NB,SEX_T,OCU_ISCO08_0,2017,175.279,,NB,PS,3,LFS - EU Labour Force Survey,Repository: ILO-STATISTICS - Micro data processing,,,1,,
ILO:DF_EMP_TEMP_SEX_OCU_NB(1.0),DEU,A,EMP_TEMP_NB,SEX_T,OCU_ISCO08_X,2017,54.996,,NB,PS,3,LFS - EU Labour Force Survey,Repository: ILO-STATISTICS - Micro data processing,,,1,,
ILO:DF_EMP_TEMP_SEX_OCU_NB(1.0),DEU,A,EMP_TEMP_NB,SEX_T,OCU_SKILL_TOTAL,2018,41908.604,,NB,PS,3,LFS - EU Labour Force Survey,Repository: ILO-STATISTICS - Micro data processing,,,1,,
ILO:DF_EMP_TEMP_SEX_OCU_NB(1.0),DEU,A,EMP_TEMP_NB,SEX_T,OCU_SKILL_L3-4,2018,18935.346,,NB,PS,3,LFS - EU Labour Force Survey,Repository: ILO-STATISTICS - Micro data processing,,,1,,
ILO:DF_EMP_TEMP_SEX_OCU_NB(1.0),DEU,A,EMP_TEMP_NB,SEX_T,OCU_SKILL_L2,2018,19465.92,,NB,PS,3,LFS - EU Labour Force Survey,Repository: ILO-STATISTICS - Micro data processing,,,1,,
ILO:DF_EMP_TEMP_SEX_OCU_NB(1.0),DEU,A,EMP_TEMP_NB,SEX_T,OCU_SKILL_L1,2018,3282.283,,NB,PS,3,LFS - EU Labour Force Survey,Repository: ILO-STATISTICS - Micro data processing,,,1,,
ILO:DF_EMP_TEMP_SEX_OCU_NB(1.0),DEU,A,EMP_TEMP_NB,SEX_T,OCU_SKILL_X,2018,225.056,,NB,PS,3,LFS - EU Labour Force Survey,Repository: ILO-STATISTICS - Micro data processing,,,1,,
ILO:DF_EMP_TEMP_SEX_OCU_NB(1.0),DEU,A,EMP_TEMP_NB,SEX_T,OCU_ISCO08_TOTAL,2018,41908.604,,NB,PS,3,LFS - EU Labour Force Survey,Repository: ILO-STATISTICS - Micro data processing,,,1,,
ILO:DF_EMP_TEMP_SEX_OCU_NB(1.0),DEU,A,EMP_TEMP_NB,SEX_T,OCU_ISCO08_1,2018,1996.042,,NB,PS,3,LFS - EU Labour Force Survey,Repository: ILO-STATISTICS - Micro data processing,,,1,,
ILO:DF_EMP_TEMP_SEX_OCU_NB(1.0),DEU,A,EMP_TEMP_NB,SEX_T,OCU_ISCO08_2,2018,7488.031,,NB,PS,3,LFS - EU Labour Force Survey,Repository: ILO-STATISTICS - Micro data processing,,,1,,
ILO:DF_EMP_TEMP_SEX_OCU_NB(1.0),DEU,A,EMP_TEMP_NB,SEX_T,OCU_ISCO08_3,2018,9451.273,,NB,PS,3,LFS - EU Labour Force Survey,Repository: ILO-STATISTICS - Micro data processing,,,1,,
ILO:DF_EMP_TEMP_SEX_OCU_NB(1.0),DEU,A,EMP_TEMP_NB,SEX_T,OCU_ISCO08_4,2018,5377.86,,NB,PS,3,LFS - EU Labour Force Survey,Repository: ILO-STATISTICS - Micro data processing,,,1,,
ILO:DF_EMP_TEMP_SEX_OCU_NB(1.0),DEU,A,EMP_TEMP_NB,SEX_T,OCU_ISCO08_5,2018,5855.871,,NB,PS,3,LFS - EU Labour Force Survey,Repository: ILO-STATISTICS - Micro data processing,,,1,,
ILO:DF_EMP_TEMP_SEX_OCU_NB(1.0),DEU,A,EMP_TEMP_NB,SEX_T,OCU_ISCO08_6,2018,539.843,,NB,PS,3,LFS - EU Labour Force Survey,Repository: ILO-STATISTICS - Micro data processing,,,1,,
ILO:DF_EMP_TEMP_SEX_OCU_NB(1.0),DEU,A,EMP_TEMP_NB,SEX_T,OCU_ISCO08_7,2018,5134.108,,NB,PS,3,LFS - EU Labour Force Survey,Repository: ILO-STATISTICS - Micro data processing,,,1,,
ILO:DF_EMP_TEMP_SEX_OCU_NB(1.0),DEU,A,EMP_TEMP_NB,SEX_T,OCU_ISCO08_8,2018,2558.237,,NB,PS,3,LFS - EU Labour Force Survey,Repository: ILO-STATISTICS - Micro data processing,,,1,,
ILO:DF_EMP_TEMP_SEX_OCU_NB(1.0),DEU,A,EMP_TEMP_NB,SEX_T,OCU_ISCO08_9,2018,3282.283,,NB,PS,3,LFS - EU Labour Force Survey,Repository: ILO-STATISTICS - Micro data processing,,,1,,
ILO:DF_EMP_TEMP_SEX_OCU_NB(1.0),DEU,A,EMP_TEMP_NB,SEX_T,OCU_ISCO08_0,2018,185.08,,NB,PS,3,LFS - EU Labour Force Survey,Repository: ILO-STATISTICS - Micro data processing,,,1,,
ILO:DF_EMP_TEMP_SEX_OCU_NB(1.0),DEU,A,EMP_TEMP_NB,SEX_T,OCU_ISCO08_X,2018,39.975,,NB,PS,3,LFS - EU Labour Force Survey,Repository: ILO-STATISTICS - Micro data processing,,,1,,
ILO:DF_EMP_TEMP_SEX_OCU_NB(1.0),DEU,A,EMP_TEMP_NB,SEX_T,OCU_SKILL_TOTAL,2019,42392.082,,NB,PS,3,LFS - EU Labour Force Survey,Repository: ILO-STATISTICS - Micro data processing,,,1,,
ILO:DF_EMP_TEMP_SEX_OCU_NB(1.0),DEU,A,EMP_TEMP_NB,SEX_T,OCU_SKILL_L3-4,2019,19523.984,,NB,PS,3,LFS - EU Labour Force Survey,Repository: ILO-STATISTICS - Micro data processing,,,1,,
ILO:DF_EMP_TEMP_SEX_OCU_NB(1.0),DEU,A,EMP_TEMP_NB,SEX_T,OCU_SKILL_L2,2019,19328.201,,NB,PS,3,LFS - EU Labour Force Survey,Repository: ILO-STATISTICS - Micro data processing,,,1,,
ILO:DF_EMP_TEMP_SEX_OCU_NB(1.0),DEU,A,EMP_TEMP_NB,SEX_T,OCU_SKILL_L1,2019,3301.014,,NB,PS,3,LFS - EU Labour Force Survey,Repository: ILO-STATISTICS - Micro data processing,,,1,,
ILO:DF_EMP_TEMP_SEX_OCU_NB(1.0),DEU,A,EMP_TEMP_NB,SEX_T,OCU_SKILL_X,2019,238.883,,NB,PS,3,LFS - EU Labour Force Survey,Repository: ILO-STATISTICS - Micro data processing,,,1,,
ILO:DF_EMP_TEMP_SEX_OCU_NB(1.0),DEU,A,EMP_TEMP_NB,SEX_T,OCU_ISCO08_TOTAL,2019,42392.082,,NB,PS,3,LFS - EU Labour Force Survey,Repository: ILO-STATISTICS - Micro data processing,,,1,,
ILO:DF_EMP_TEMP_SEX_OCU_NB(1.0),DEU,A,EMP_TEMP_NB,SEX_T,OCU_ISCO08_1,2019,2084.847,,NB,PS,3,LFS - EU Labour Force Survey,Repository: ILO-STATISTICS - Micro data processing,,,1,,
ILO:DF_EMP_TEMP_SEX_OCU_NB(1.0),DEU,A,EMP_TEMP_NB,SEX_T,OCU_ISCO08_2,2019,7655.751,,NB,PS,3,LFS - EU Labour Force Survey,Repository: ILO-STATISTICS - Micro data processing,,,1,,
ILO:DF_EMP_TEMP_SEX_OCU_NB(1.0),DEU,A,EMP_TEMP_NB,SEX_T,OCU_ISCO08_3,2019,9783.387,,NB,PS,3,LFS - EU Labour Force Survey,Repository: ILO-STATISTICS - Micro data processing,,,1,,
ILO:DF_EMP_TEMP_SEX_OCU_NB(1.0),DEU,A,EMP_TEMP_NB,SEX_T,OCU_ISCO08_4,2019,5248.305,,NB,PS,3,LFS - EU Labour Force Survey,Repository: ILO-STATISTICS - Micro data processing,,,1,,
ILO:DF_EMP_TEMP_SEX_OCU_NB(1.0),DEU,A,EMP_TEMP_NB,SEX_T,OCU_ISCO08_5,2019,5911.724,,NB,PS,3,LFS - EU Labour Force Survey,Repository: ILO-STATISTICS - Micro data processing,,,1,,
ILO:DF_EMP_TEMP_SEX_OCU_NB(1.0),DEU,A,EMP_TEMP_NB,SEX_T,OCU_ISCO08_6,2019,537.701,,NB,PS,3,LFS - EU Labour Force Survey,Repository: ILO-STATISTICS - Micro data processing,,,1,,
ILO:DF_EMP_TEMP_SEX_OCU_NB(1.0),DEU,A,EMP_TEMP_NB,SEX_T,OCU_ISCO08_7,2019,5081.009,,NB,PS,3,LFS - EU Labour Force Survey,Repository: ILO-STATISTICS - Micro data processing,,,1,,
ILO:DF_EMP_TEMP_SEX_OCU_NB(1.0),DEU,A,EMP_TEMP_NB,SEX_T,OCU_ISCO08_8,2019,2549.462,,NB,PS,3,LFS - EU Labour Force Survey,Repository: ILO-STATISTICS - Micro data processing,,,1,,
ILO:DF_EMP_TEMP_SEX_OCU_NB(1.0),DEU,A,EMP_TEMP_NB,SEX_T,OCU_ISCO08_9,2019,3301.014,,NB,PS,3,LFS - EU Labour Force Survey,Repository: ILO-STATISTICS - Micro data processing,,,1,,
ILO:DF_EMP_TEMP_SEX_OCU_NB(1.0),DEU,A,EMP_TEMP_NB,SEX_T,OCU_ISCO08_0,2019,187.525,,NB,PS,3,LFS - EU Labour Force Survey,Repository: ILO-STATISTICS - Micro data processing,,,1,,
ILO:DF_EMP_TEMP_SEX_OCU_NB(1.0),DEU,A,EMP_TEMP_NB,SEX_T,OCU_ISCO08_X,2019,51.357,,NB,PS,3,LFS - EU Labour Force Survey,Repository: ILO-STATISTICS - Micro data processing,,,1,,
ILO:DF_EMP_TEMP_SEX_OCU_NB(1.0),DEU,A,EMP_TEMP_NB,SEX_T,OCU_SKILL_TOTAL,2020,41555.71,,NB,PS,3,LFS - EU Labour Force Survey,Repository: ILO-STATISTICS - Micro data processing,,,1,,
ILO:DF_EMP_TEMP_SEX_OCU_NB(1.0),DEU,A,EMP_TEMP_NB,SEX_T,OCU_SKILL_L3-4,2020,18509.357,,NB,PS,3,LFS - EU Labour Force Survey,Repository: ILO-STATISTICS - Micro data processing,,,1,,
ILO:DF_EMP_TEMP_SEX_OCU_NB(1.0),DEU,A,EMP_TEMP_NB,SEX_T,OCU_SKILL_L2,2020,18306.182,,NB,PS,3,LFS - EU Labour Force Survey,Repository: ILO-STATISTICS - Micro data processing,,,1,,
ILO:DF_EMP_TEMP_SEX_OCU_NB(1.0),DEU,A,EMP_TEMP_NB,SEX_T,OCU_SKILL_L1,2020,2908.069,,NB,PS,3,LFS - EU Labour Force Survey,Repository: ILO-STATISTICS - Micro data processing,,,1,,
ILO:DF_EMP_TEMP_SEX_OCU_NB(1.0),DEU,A,EMP_TEMP_NB,SEX_T,OCU_SKILL_X,2020,1832.102,,NB,PS,3,LFS - EU Labour Force Survey,Repository: ILO-STATISTICS - Micro data processing,,,1,,
ILO:DF_EMP_TEMP_SEX_OCU_NB(1.0),DEU,A,EMP_TEMP_NB,SEX_T,OCU_ISCO08_TOTAL,2020,41555.71,,NB,PS,3,LFS - EU Labour Force Survey,Repository: ILO-STATISTICS - Micro data processing,,,1,,
ILO:DF_EMP_TEMP_SEX_OCU_NB(1.0),DEU,A,EMP_TEMP_NB,SEX_T,OCU_ISCO08_1,2020,1694.377,,NB,PS,3,LFS - EU Labour Force Survey,Repository: ILO-STATISTICS - Micro data processing,,,1,,
ILO:DF_EMP_TEMP_SEX_OCU_NB(1.0),DEU,A,EMP_TEMP_NB,SEX_T,OCU_ISCO08_2,2020,8451.694,,NB,PS,3,LFS - EU Labour Force Survey,Repository: ILO-STATISTICS - Micro data processing,,,1,,
ILO:DF_EMP_TEMP_SEX_OCU_NB(1.0),DEU,A,EMP_TEMP_NB,SEX_T,OCU_ISCO08_3,2020,8363.285,,NB,PS,3,LFS - EU Labour Force Survey,Repository: ILO-STATISTICS - Micro data processing,,,1,,
ILO:DF_EMP_TEMP_SEX_OCU_NB(1.0),DEU,A,EMP_TEMP_NB,SEX_T,OCU_ISCO08_4,2020,5482.639,,NB,PS,3,LFS - EU Labour Force Survey,Repository: ILO-STATISTICS - Micro data processing,,,1,,
ILO:DF_EMP_TEMP_SEX_OCU_NB(1.0),DEU,A,EMP_TEMP_NB,SEX_T,OCU_ISCO08_5,2020,5387.389,,NB,PS,3,LFS - EU Labour Force Survey,Repository: ILO-STATISTICS - Micro data processing,,,1,,
ILO:DF_EMP_TEMP_SEX_OCU_NB(1.0),DEU,A,EMP_TEMP_NB,SEX_T,OCU_ISCO08_6,2020,525.444,,NB,PS,3,LFS - EU Labour Force Survey,Repository: ILO-STATISTICS - Micro data processing,,,1,,
ILO:DF_EMP_TEMP_SEX_OCU_NB(1.0),DEU,A,EMP_TEMP_NB,SEX_T,OCU_ISCO08_7,2020,4546.268,,NB,PS,3,LFS - EU Labour Force Survey,Repository: ILO-STATISTICS - Micro data processing,,,1,,
ILO:DF_EMP_TEMP_SEX_OCU_NB(1.0),DEU,A,EMP_TEMP_NB,SEX_T,OCU_ISCO08_8,2020,2364.444,,NB,PS,3,LFS - EU Labour Force Survey,Repository: ILO-STATISTICS - Micro data processing,,,1,,
ILO:DF_EMP_TEMP_SEX_OCU_NB(1.0),DEU,A,EMP_TEMP_NB,SEX_T,OCU_ISCO08_9,2020,2908.069,,NB,PS,3,LFS - EU Labour Force Survey,Repository: ILO-STATISTICS - Micro data processing,,,1,,
ILO:DF_EMP_TEMP_SEX_OCU_NB(1.0),DEU,A,EMP_TEMP_NB,SEX_T,OCU_ISCO08_0,2020,159.634,,NB,PS,3,LFS - EU Labour Force Survey,Repository: ILO-STATISTICS - Micro data processing,,,1,,
ILO:DF_EMP_TEMP_SEX_OCU_NB(1.0),DEU,A,EMP_TEMP_NB,SEX_T,OCU_ISCO08_X,2020,1672.468,,NB,PS,3,LFS - EU Labour Force Survey,Repository: ILO-STATISTICS - Micro data processing,,,1,,
ILO:DF_EMP_TEMP_SEX_OCU_NB(1.0),DEU,A,EMP_TEMP_NB,SEX_T,OCU_SKILL_TOTAL,2021,40968.056,,NB,PS,3,LFS - EU Labour Force Survey,Repository: ILO-STATISTICS - Micro data processing,,,1,,
ILO:DF_EMP_TEMP_SEX_OCU_NB(1.0),DEU,A,EMP_TEMP_NB,SEX_T,OCU_SKILL_L3-4,2021,19019.403,,NB,PS,3,LFS - EU Labour Force Survey,Repository: ILO-STATISTICS - Micro data processing,,,1,,
ILO:DF_EMP_TEMP_SEX_OCU_NB(1.0),DEU,A,EMP_TEMP_NB,SEX_T,OCU_SKILL_L2,2021,18464.96,,NB,PS,3,LFS - EU Labour Force Survey,Repository: ILO-STATISTICS - Micro data processing,,,1,,
ILO:DF_EMP_TEMP_SEX_OCU_NB(1.0),DEU,A,EMP_TEMP_NB,SEX_T,OCU_SKILL_L1,2021,3022.879,,NB,PS,3,LFS - EU Labour Force Survey,Repository: ILO-STATISTICS - Micro data processing,,,1,,
ILO:DF_EMP_TEMP_SEX_OCU_NB(1.0),DEU,A,EMP_TEMP_NB,SEX_T,OCU_SKILL_X,2021,460.813,,NB,PS,3,LFS - EU Labour Force Survey,Repository: ILO-STATISTICS - Micro data processing,,,1,,
ILO:DF_EMP_TEMP_SEX_OCU_NB(1.0),DEU,A,EMP_TEMP_NB,SEX_T,OCU_ISCO08_TOTAL,2021,40968.056,,NB,PS,3,LFS - EU Labour Force Survey,Repository: ILO-STATISTICS - Micro data processing,,,1,,
ILO:DF_EMP_TEMP_SEX_OCU_NB(1.0),DEU,A,EMP_TEMP_NB,SEX_T,OCU_ISCO08_1,2021,1706.54,,NB,PS,3,LFS - EU Labour Force Survey,Repository: ILO-STATISTICS - Micro data processing,,,1,,
ILO:DF_EMP_TEMP_SEX_OCU_NB(1.0),DEU,A,EMP_TEMP_NB,SEX_T,OCU_ISCO08_2,2021,9082.633,,NB,PS,3,LFS - EU Labour Force Survey,Repository: ILO-STATISTICS - Micro data processing,,,1,,
ILO:DF_EMP_TEMP_SEX_OCU_NB(1.0),DEU,A,EMP_TEMP_NB,SEX_T,OCU_ISCO08_3,2021,8230.23,,NB,PS,3,LFS - EU Labour Force Survey,Repository: ILO-STATISTICS - Micro data processing,,,1,,
ILO:DF_EMP_TEMP_SEX_OCU_NB(1.0),DEU,A,EMP_TEMP_NB,SEX_T,OCU_ISCO08_4,2021,5393.589,,NB,PS,3,LFS - EU Labour Force Survey,Repository: ILO-STATISTICS - Micro data processing,,,1,,
ILO:DF_EMP_TEMP_SEX_OCU_NB(1.0),DEU,A,EMP_TEMP_NB,SEX_T,OCU_ISCO08_5,2021,5450.856,,NB,PS,3,LFS - EU Labour Force Survey,Repository: ILO-STATISTICS - Micro data processing,,,1,,
ILO:DF_EMP_TEMP_SEX_OCU_NB(1.0),DEU,A,EMP_TEMP_NB,SEX_T,OCU_ISCO08_6,2021,552.578,,NB,PS,3,LFS - EU Labour Force Survey,Repository: ILO-STATISTICS - Micro data processing,,,1,,
ILO:DF_EMP_TEMP_SEX_OCU_NB(1.0),DEU,A,EMP_TEMP_NB,SEX_T,OCU_ISCO08_7,2021,4660.28,,NB,PS,3,LFS - EU Labour Force Survey,Repository: ILO-STATISTICS - Micro data processing,,,1,,
ILO:DF_EMP_TEMP_SEX_OCU_NB(1.0),DEU,A,EMP_TEMP_NB,SEX_T,OCU_ISCO08_8,2021,2407.657,,NB,PS,3,LFS - EU Labour Force Survey,Repository: ILO-STATISTICS - Micro data processing,,,1,,
ILO:DF_EMP_TEMP_SEX_OCU_NB(1.0),DEU,A,EMP_TEMP_NB,SEX_T,OCU_ISCO08_9,2021,3022.879,,NB,PS,3,LFS - EU Labour Force Survey,Repository: ILO-STATISTICS - Micro data processing,,,1,,
ILO:DF_EMP_TEMP_SEX_OCU_NB(1.0),DEU,A,EMP_TEMP_NB,SEX_T,OCU_ISCO08_0,2021,176.205,,NB,PS,3,LFS - EU Labour Force Survey,Repository: ILO-STATISTICS - Micro data processing,,,1,,
ILO:DF_EMP_TEMP_SEX_OCU_NB(1.0),DEU,A,EMP_TEMP_NB,SEX_T,OCU_ISCO08_X,2021,284.608,,NB,PS,3,LFS - EU Labour Force Survey,Repository: ILO-STATISTICS - Micro data processing,,,1,,
ILO:DF_EMP_TEMP_SEX_OCU_NB(1.0),DEU,A,EMP_TEMP_NB,SEX_T,OCU_SKILL_TOTAL,2022,41762.199,,NB,PS,3,LFS - EU Labour Force Survey,Repository: ILO-STATISTICS - Micro data processing,,,1,,
ILO:DF_EMP_TEMP_SEX_OCU_NB(1.0),DEU,A,EMP_TEMP_NB,SEX_T,OCU_SKILL_L3-4,2022,19298.65,,NB,PS,3,LFS - EU Labour Force Survey,Repository: ILO-STATISTICS - Micro data processing,,,1,,
ILO:DF_EMP_TEMP_SEX_OCU_NB(1.0),DEU,A,EMP_TEMP_NB,SEX_T,OCU_SKILL_L2,2022,18866.132,,NB,PS,3,LFS - EU Labour Force Survey,Repository: ILO-STATISTICS - Micro data processing,,,1,,
ILO:DF_EMP_TEMP_SEX_OCU_NB(1.0),DEU,A,EMP_TEMP_NB,SEX_T,OCU_SKILL_L1,2022,3108.457,,NB,PS,3,LFS - EU Labour Force Survey,Repository: ILO-STATISTICS - Micro data processing,,,1,,
ILO:DF_EMP_TEMP_SEX_OCU_NB(1.0),DEU,A,EMP_TEMP_NB,SEX_T,OCU_SKILL_X,2022,488.96,,NB,PS,3,LFS - EU Labour Force Survey,Repository: ILO-STATISTICS - Micro data processing,,,1,,
ILO:DF_EMP_TEMP_SEX_OCU_NB(1.0),DEU,A,EMP_TEMP_NB,SEX_T,OCU_ISCO08_TOTAL,2022,41762.199,,NB,PS,3,LFS - EU Labour Force Survey,Repository: ILO-STATISTICS - Micro data processing,,,1,,
ILO:DF_EMP_TEMP_SEX_OCU_NB(1.0),DEU,A,EMP_TEMP_NB,SEX_T,OCU_ISCO08_1,2022,1733.613,,NB,PS,3,LFS - EU Labour Force Survey,Repository: ILO-STATISTICS - Micro data processing,,,1,,
ILO:DF_EMP_TEMP_SEX_OCU_NB(1.0),DEU,A,EMP_TEMP_NB,SEX_T,OCU_ISCO08_2,2022,9303.147,,NB,PS,3,LFS - EU Labour Force Survey,Repository: ILO-STATISTICS - Micro data processing,,,1,,
ILO:DF_EMP_TEMP_SEX_OCU_NB(1.0),DEU,A,EMP_TEMP_NB,SEX_T,OCU_ISCO08_3,2022,8261.89,,NB,PS,3,LFS - EU Labour Force Survey,Repository: ILO-STATISTICS - Micro data processing,,,1,,
ILO:DF_EMP_TEMP_SEX_OCU_NB(1.0),DEU,A,EMP_TEMP_NB,SEX_T,OCU_ISCO08_4,2022,5464.038,,NB,PS,3,LFS - EU Labour Force Survey,Repository: ILO-STATISTICS - Micro data processing,,,1,,
ILO:DF_EMP_TEMP_SEX_OCU_NB(1.0),DEU,A,EMP_TEMP_NB,SEX_T,OCU_ISCO08_5,2022,5656.014,,NB,PS,3,LFS - EU Labour Force Survey,Repository: ILO-STATISTICS - Micro data processing,,,1,,
ILO:DF_EMP_TEMP_SEX_OCU_NB(1.0),DEU,A,EMP_TEMP_NB,SEX_T,OCU_ISCO08_6,2022,580.516,,NB,PS,3,LFS - EU Labour Force Survey,Repository: ILO-STATISTICS - Micro data processing,,,1,,
ILO:DF_EMP_TEMP_SEX_OCU_NB(1.0),DEU,A,EMP_TEMP_NB,SEX_T,OCU_ISCO08_7,2022,4587.426,,NB,PS,3,LFS - EU Labour Force Survey,Repository: ILO-STATISTICS - Micro data processing,,,1,,
ILO:DF_EMP_TEMP_SEX_OCU_NB(1.0),DEU,A,EMP_TEMP_NB,SEX_T,OCU_ISCO08_8,2022,2578.139,,NB,PS,3,LFS - EU Labour Force Survey,Repository: ILO-STATISTICS - Micro data processing,,,1,,
ILO:DF_EMP_TEMP_SEX_OCU_NB(1.0),DEU,A,EMP_TEMP_NB,SEX_T,OCU_ISCO08_9,2022,3108.457,,NB,PS,3,LFS - EU Labour Force Survey,Repository: ILO-STATISTICS - Micro data processing,,,1,,
ILO:DF_EMP_TEMP_SEX_OCU_NB(1.0),DEU,A,EMP_TEMP_NB,SEX_T,OCU_ISCO08_0,2022,180.879,,NB,PS,3,LFS - EU Labour Force Survey,Repository: ILO-STATISTICS - Micro data processing,,,1,,
ILO:DF_EMP_TEMP_SEX_OCU_NB(1.0),DEU,A,EMP_TEMP_NB,SEX_T,OCU_ISCO08_X,2022,308.081,,NB,PS,3,LFS - EU Labour Force Survey,Repository: ILO-STATISTICS - Micro data processing,,,1,,
ILO:DF_EMP_TEMP_SEX_OCU_NB(1.0),DEU,A,EMP_TEMP_NB,SEX_T,OCU_SKILL_TOTAL,2023,42613.231,,NB,PS,3,LFS - EU Labour Force Survey,Repository: ILO-STATISTICS - Micro data processing,,,1,,
ILO:DF_EMP_TEMP_SEX_OCU_NB(1.0),DEU,A,EMP_TEMP_NB,SEX_T,OCU_SKILL_L3-4,2023,19827.213,,NB,PS,3,LFS - EU Labour Force Survey,Repository: ILO-STATISTICS - Micro data processing,,,1,,
ILO:DF_EMP_TEMP_SEX_OCU_NB(1.0),DEU,A,EMP_TEMP_NB,SEX_T,OCU_SKILL_L2,2023,19051.246,,NB,PS,3,LFS - EU Labour Force Survey,Repository: ILO-STATISTICS - Micro data processing,,,1,,
ILO:DF_EMP_TEMP_SEX_OCU_NB(1.0),DEU,A,EMP_TEMP_NB,SEX_T,OCU_SKILL_L1,2023,3158.08,,NB,PS,3,LFS - EU Labour Force Survey,Repository: ILO-STATISTICS - Micro data processing,,,1,,
ILO:DF_EMP_TEMP_SEX_OCU_NB(1.0),DEU,A,EMP_TEMP_NB,SEX_T,OCU_SKILL_X,2023,576.693,,NB,PS,3,LFS - EU Labour Force Survey,Repository: ILO-STATISTICS - Micro data processing,,,1,,
ILO:DF_EMP_TEMP_SEX_OCU_NB(1.0),DEU,A,EMP_TEMP_NB,SEX_T,OCU_ISCO08_TOTAL,2023,42613.231,,NB,PS,3,LFS - EU Labour Force Survey,Repository: ILO-STATISTICS - Micro data processing,,,1,,
ILO:DF_EMP_TEMP_SEX_OCU_NB(1.0),DEU,A,EMP_TEMP_NB,SEX_T,OCU_ISCO08_1,2023,1850,,NB,PS,3,LFS - EU Labour Force Survey,Repository: ILO-STATISTICS - Micro data processing,,,1,,
ILO:DF_EMP_TEMP_SEX_OCU_NB(1.0),DEU,A,EMP_TEMP_NB,SEX_T,OCU_ISCO08_2,2023,9577.632,,NB,PS,3,LFS - EU Labour Force Survey,Repository: ILO-STATISTICS - Micro data processing,,,1,,
ILO:DF_EMP_TEMP_SEX_OCU_NB(1.0),DEU,A,EMP_TEMP_NB,SEX_T,OCU_ISCO08_3,2023,8399.581,,NB,PS,3,LFS - EU Labour Force Survey,Repository: ILO-STATISTICS - Micro data processing,,,1,,
ILO:DF_EMP_TEMP_SEX_OCU_NB(1.0),DEU,A,EMP_TEMP_NB,SEX_T,OCU_ISCO08_4,2023,5567.261,,NB,PS,3,LFS - EU Labour Force Survey,Repository: ILO-STATISTICS - Micro data processing,,,1,,
ILO:DF_EMP_TEMP_SEX_OCU_NB(1.0),DEU,A,EMP_TEMP_NB,SEX_T,OCU_ISCO08_5,2023,5822.915,,NB,PS,3,LFS - EU Labour Force Survey,Repository: ILO-STATISTICS - Micro data processing,,,1,,
ILO:DF_EMP_TEMP_SEX_OCU_NB(1.0),DEU,A,EMP_TEMP_NB,SEX_T,OCU_ISCO08_6,2023,548.513,,NB,PS,3,LFS - EU Labour Force Survey,Repository: ILO-STATISTICS - Micro data processing,,,1,,
ILO:DF_EMP_TEMP_SEX_OCU_NB(1.0),DEU,A,EMP_TEMP_NB,SEX_T,OCU_ISCO08_7,2023,4500.025,,NB,PS,3,LFS - EU Labour Force Survey,Repository: ILO-STATISTICS - Micro data processing,,,1,,
ILO:DF_EMP_TEMP_SEX_OCU_NB(1.0),DEU,A,EMP_TEMP_NB,SEX_T,OCU_ISCO08_8,2023,2612.533,,NB,PS,3,LFS - EU Labour Force Survey,Repository: ILO-STATISTICS - Micro data processing,,,1,,
ILO:DF_EMP_TEMP_SEX_OCU_NB(1.0),DEU,A,EMP_TEMP_NB,SEX_T,OCU_ISCO08_9,2023,3158.08,,NB,PS,3,LFS - EU Labour Force Survey,Repository: ILO-STATISTICS - Micro data processing,,,1,,
ILO:DF_EMP_TEMP_SEX_OCU_NB(1.0),DEU,A,EMP_TEMP_NB,SEX_T,OCU_ISCO08_0,2023,168.624,,NB,PS,3,LFS - EU Labour Force Survey,Repository: ILO-STATISTICS - Micro data processing,,,1,,
ILO:DF_EMP_TEMP_SEX_OCU_NB(1.0),DEU,A,EMP_TEMP_NB,SEX_T,OCU_ISCO08_X,2023,408.068,,NB,PS,3,LFS - EU Labour Force Survey,Repository: ILO-STATISTICS - Micro data processing,,,1,,
ILO:DF_EMP_TEMP_SEX_OCU_NB(1.0),DEU,A,EMP_TEMP_NB,SEX_T,OCU_SKILL_TOTAL,2024,42824.198,,NB,PS,3,LFS - EU Labour Force Survey,Repository: ILO-STATISTICS - Micro data processing,,,1,,
ILO:DF_EMP_TEMP_SEX_OCU_NB(1.0),DEU,A,EMP_TEMP_NB,SEX_T,OCU_SKILL_L3-4,2024,20360.199,,NB,PS,3,LFS - EU Labour Force Survey,Repository: ILO-STATISTICS - Micro data processing,,,1,,
ILO:DF_EMP_TEMP_SEX_OCU_NB(1.0),DEU,A,EMP_TEMP_NB,SEX_T,OCU_SKILL_L2,2024,18868.422,,NB,PS,3,LFS - EU Labour Force Survey,Repository: ILO-STATISTICS - Micro data processing,,,1,,
ILO:DF_EMP_TEMP_SEX_OCU_NB(1.0),DEU,A,EMP_TEMP_NB,SEX_T,OCU_SKILL_L1,2024,3037.306,,NB,PS,3,LFS - EU Labour Force Survey,Repository: ILO-STATISTICS - Micro data processing,,,1,,
ILO:DF_EMP_TEMP_SEX_OCU_NB(1.0),DEU,A,EMP_TEMP_NB,SEX_T,OCU_SKILL_X,2024,558.272,,NB,PS,3,LFS - EU Labour Force Survey,Repository: ILO-STATISTICS - Micro data processing,,,1,,
ILO:DF_EMP_TEMP_SEX_OCU_NB(1.0),DEU,A,EMP_TEMP_NB,SEX_T,OCU_ISCO08_TOTAL,2024,42824.198,,NB,PS,3,LFS - EU Labour Force Survey,Repository: ILO-STATISTICS - Micro data processing,,,1,,
ILO:DF_EMP_TEMP_SEX_OCU_NB(1.0),DEU,A,EMP_TEMP_NB,SEX_T,OCU_ISCO08_1,2024,1896.716,,NB,PS,3,LFS - EU Labour Force Survey,Repository: ILO-STATISTICS - Micro data processing,,,1,,
ILO:DF_EMP_TEMP_SEX_OCU_NB(1.0),DEU,A,EMP_TEMP_NB,SEX_T,OCU_ISCO08_2,2024,9975.01,,NB,PS,3,LFS - EU Labour Force Survey,Repository: ILO-STATISTICS - Micro data processing,,,1,,
ILO:DF_EMP_TEMP_SEX_OCU_NB(1.0),DEU,A,EMP_TEMP_NB,SEX_T,OCU_ISCO08_3,2024,8488.473,,NB,PS,3,LFS - EU Labour Force Survey,Repository: ILO-STATISTICS - Micro data processing,,,1,,
ILO:DF_EMP_TEMP_SEX_OCU_NB(1.0),DEU,A,EMP_TEMP_NB,SEX_T,OCU_ISCO08_4,2024,5395.499,,NB,PS,3,LFS - EU Labour Force Survey,Repository: ILO-STATISTICS - Micro data processing,,,1,,
ILO:DF_EMP_TEMP_SEX_OCU_NB(1.0),DEU,A,EMP_TEMP_NB,SEX_T,OCU_ISCO08_5,2024,5860.891,,NB,PS,3,LFS - EU Labour Force Survey,Repository: ILO-STATISTICS - Micro data processing,,,1,,
ILO:DF_EMP_TEMP_SEX_OCU_NB(1.0),DEU,A,EMP_TEMP_NB,SEX_T,OCU_ISCO08_6,2024,555.696,,NB,PS,3,LFS - EU Labour Force Survey,Repository: ILO-STATISTICS - Micro data processing,,,1,,
ILO:DF_EMP_TEMP_SEX_OCU_NB(1.0),DEU,A,EMP_TEMP_NB,SEX_T,OCU_ISCO08_7,2024,4426.687,,NB,PS,3,LFS - EU Labour Force Survey,Repository: ILO-STATISTICS - Micro data processing,,,1,,
ILO:DF_EMP_TEMP_SEX_OCU_NB(1.0),DEU,A,EMP_TEMP_NB,SEX_T,OCU_ISCO08_8,2024,2629.649,,NB,PS,3,LFS - EU Labour Force Survey,Repository: ILO-STATISTICS - Micro data processing,,,1,,
ILO:DF_EMP_TEMP_SEX_OCU_NB(1.0),DEU,A,EMP_TEMP_NB,SEX_T,OCU_ISCO08_9,2024,3037.306,,NB,PS,3,LFS - EU Labour Force Survey,Repository: ILO-STATISTICS - Micro data processing,,,1,,
ILO:DF_EMP_TEMP_SEX_OCU_NB(1.0),DEU,A,EMP_TEMP_NB,SEX_T,OCU_ISCO08_0,2024,166.091,,NB,PS,3,LFS - EU Labour Force Survey,Repository: ILO-STATISTICS - Micro data processing,,,1,,
ILO:DF_EMP_TEMP_SEX_OCU_NB(1.0),DEU,A,EMP_TEMP_NB,SEX_T,OCU_ISCO08_X,2024,392.181,,NB,PS,3,LFS - EU Labour Force Survey,Repository: ILO-STATISTICS - Micro data processing,,,1,,
ILO:DF_EMP_TEMP_SEX_OCU_NB(1.0),DEU,A,EMP_TEMP_NB,SEX_T,OCU_SKILL_TOTAL,2025,42553.38,,NB,PS,3,LFS - EU Labour Force Survey,Repository: Eurostat special tabulation,,,1,,
ILO:DF_EMP_TEMP_SEX_OCU_NB(1.0),DEU,A,EMP_TEMP_NB,SEX_T,OCU_SKILL_L3-4,2025,20403.462,,NB,PS,3,LFS - EU Labour Force Survey,Repository: Eurostat special tabulation,,,1,,
ILO:DF_EMP_TEMP_SEX_OCU_NB(1.0),DEU,A,EMP_TEMP_NB,SEX_T,OCU_SKILL_L2,2025,18651.921,,NB,PS,3,LFS - EU Labour Force Survey,Repository: Eurostat special tabulation,,,1,,
ILO:DF_EMP_TEMP_SEX_OCU_NB(1.0),DEU,A,EMP_TEMP_NB,SEX_T,OCU_SKILL_L1,2025,3122.653,,NB,PS,3,LFS - EU Labour Force Survey,Repository: Eurostat special tabulation,,,1,,
ILO:DF_EMP_TEMP_SEX_OCU_NB(1.0),DEU,A,EMP_TEMP_NB,SEX_T,OCU_SKILL_X,2025,375.345,,NB,PS,3,LFS - EU Labour Force Survey,Repository: Eurostat special tabulation,,,1,,
ILO:DF_EMP_TEMP_SEX_OCU_NB(1.0),DEU,A,EMP_TEMP_NB,SEX_T,OCU_ISCO08_TOTAL,2025,42553.38,,NB,PS,3,LFS - EU Labour Force Survey,Repository: Eurostat special tabulation,,,1,,
ILO:DF_EMP_TEMP_SEX_OCU_NB(1.0),DEU,A,EMP_TEMP_NB,SEX_T,OCU_ISCO08_1,2025,1879.272,,NB,PS,3,LFS - EU Labour Force Survey,Repository: Eurostat special tabulation,,,1,,
ILO:DF_EMP_TEMP_SEX_OCU_NB(1.0),DEU,A,EMP_TEMP_NB,SEX_T,OCU_ISCO08_2,2025,10042.855,,NB,PS,3,LFS - EU Labour Force Survey,Repository: Eurostat special tabulation,,,1,,
ILO:DF_EMP_TEMP_SEX_OCU_NB(1.0),DEU,A,EMP_TEMP_NB,SEX_T,OCU_ISCO08_3,2025,8481.335,,NB,PS,3,LFS - EU Labour Force Survey,Repository: Eurostat special tabulation,,,1,,
ILO:DF_EMP_TEMP_SEX_OCU_NB(1.0),DEU,A,EMP_TEMP_NB,SEX_T,OCU_ISCO08_4,2025,5246.187,,NB,PS,3,LFS - EU Labour Force Survey,Repository: Eurostat special tabulation,,,1,,
ILO:DF_EMP_TEMP_SEX_OCU_NB(1.0),DEU,A,EMP_TEMP_NB,SEX_T,OCU_ISCO08_5,2025,5949.536,,NB,PS,3,LFS - EU Labour Force Survey,Repository: Eurostat special tabulation,,,1,,
ILO:DF_EMP_TEMP_SEX_OCU_NB(1.0),DEU,A,EMP_TEMP_NB,SEX_T,OCU_ISCO08_6,2025,508.204,,NB,PS,3,LFS - EU Labour Force Survey,Repository: Eurostat special tabulation,,,1,,
ILO:DF_EMP_TEMP_SEX_OCU_NB(1.0),DEU,A,EMP_TEMP_NB,SEX_T,OCU_ISCO08_7,2025,4602.43,,NB,PS,3,LFS - EU Labour Force Survey,Repository: Eurostat special tabulation,,,1,,
ILO:DF_EMP_TEMP_SEX_OCU_NB(1.0),DEU,A,EMP_TEMP_NB,SEX_T,OCU_ISCO08_8,2025,2345.564,,NB,PS,3,LFS - EU Labour Force Survey,Repository: Eurostat special tabulation,,,1,,
ILO:DF_EMP_TEMP_SEX_OCU_NB(1.0),DEU,A,EMP_TEMP_NB,SEX_T,OCU_ISCO08_9,2025,3122.653,,NB,PS,3,LFS - EU Labour Force Survey,Repository: Eurostat special tabulation,,,1,,
ILO:DF_EMP_TEMP_SEX_OCU_NB(1.0),DEU,A,EMP_TEMP_NB,SEX_T,OCU_ISCO08_0,2025,160.125,,NB,PS,3,LFS - EU Labour Force Survey,Repository: Eurostat special tabulation,,,1,,
ILO:DF_EMP_TEMP_SEX_OCU_NB(1.0),DEU,A,EMP_TEMP_NB,SEX_T,OCU_ISCO08_X,2025,215.22,,NB,PS,3,LFS - EU Labour Force Survey,Repository: Eurostat special tabulation,,,1,,
