DATAFLOW,REF_AREA,FREQ,MEASURE,SEX,OCU,TIME_PERIOD,OBS_VALUE,OBS_STATUS,UNIT_MEASURE_TYPE,UNIT_MEASURE,UNIT_MULT,SOURCE,NOTE_SOURCE,NOTE_INDICATOR,NOTE_CLASSIF,DECIMALS,UPPER_BOUND,LOWER_BOUND
ILO:DF_EMP_TEMP_SEX_OCU_NB(1.0),FRA,A,EMP_TEMP_NB,SEX_T,OCU_SKILL_TOTAL,1992,21947.495,,NB,PS,3,LFS - Enquête sur l'emploi,Repository: ILO-STATISTICS - Micro data processing,,,1,,
ILO:DF_EMP_TEMP_SEX_OCU_NB(1.0),FRA,A,EMP_TEMP_NB,SEX_T,OCU_SKILL_L3-4,1992,9120.227,,NB,PS,3,LFS - Enquête sur l'emploi,Repository: ILO-STATISTICS - Micro data processing,,,1,,
ILO:DF_EMP_TEMP_SEX_OCU_NB(1.0),FRA,A,EMP_TEMP_NB,SEX_T,OCU_SKILL_L2,1992,10942.23,,NB,PS,3,LFS - Enquête sur l'emploi,Repository: ILO-STATISTICS - Micro data processing,,,1,,
ILO:DF_EMP_TEMP_SEX_OCU_NB(1.0),FRA,A,EMP_TEMP_NB,SEX_T,OCU_SKILL_L1,1992,1617.606,,NB,PS,3,LFS - Enquête sur l'emploi,Repository: ILO-STATISTICS - Micro data processing,,,1,,
ILO:DF_EMP_TEMP_SEX_OCU_NB(1.0),FRA,A,EMP_TEMP_NB,SEX_T,OCU_SKILL_X,1992,267.432,,NB,PS,3,LFS - Enquête sur l'emploi,Repository: ILO-STATISTICS - Micro data processing,,,1,,
ILO:DF_EMP_TEMP_SEX_OCU_NB(1.0),FRA,A,EMP_TEMP_NB,SEX_T,OCU_ISCO88_TOTAL,1992,21947.495,,NB,PS,3,LFS - Enquête sur l'emploi,Repository: ILO-STATISTICS - Micro data processing,,,1,,
ILO:DF_EMP_TEMP_SEX_OCU_NB(1.0),FRA,A,EMP_TEMP_NB,SEX_T,OCU_ISCO88_1,1992,2663.25,,NB,PS,3,LFS - Enquête sur l'emploi,Repository: ILO-STATISTICS - Micro data processing,,,1,,
ILO:DF_EMP_TEMP_SEX_OCU_NB(1.0),FRA,A,EMP_TEMP_NB,SEX_T,OCU_ISCO88_2,1992,2941.369,,NB,PS,3,LFS - Enquête sur l'emploi,Repository: ILO-STATISTICS - Micro data processing,,,1,,
ILO:DF_EMP_TEMP_SEX_OCU_NB(1.0),FRA,A,EMP_TEMP_NB,SEX_T,OCU_ISCO88_3,1992,3515.608,,NB,PS,3,LFS - Enquête sur l'emploi,Repository: ILO-STATISTICS - Micro data processing,,,1,,
ILO:DF_EMP_TEMP_SEX_OCU_NB(1.0),FRA,A,EMP_TEMP_NB,SEX_T,OCU_ISCO88_4,1992,3176.228,,NB,PS,3,LFS - Enquête sur l'emploi,Repository: ILO-STATISTICS - Micro data processing,,,1,,
ILO:DF_EMP_TEMP_SEX_OCU_NB(1.0),FRA,A,EMP_TEMP_NB,SEX_T,OCU_ISCO88_5,1992,2292.846,,NB,PS,3,LFS - Enquête sur l'emploi,Repository: ILO-STATISTICS - Micro data processing,,,1,,
ILO:DF_EMP_TEMP_SEX_OCU_NB(1.0),FRA,A,EMP_TEMP_NB,SEX_T,OCU_ISCO88_6,1992,292.411,,NB,PS,3,LFS - Enquête sur l'emploi,Repository: ILO-STATISTICS - Micro data processing,,,1,,
ILO:DF_EMP_TEMP_SEX_OCU_NB(1.0),FRA,A,EMP_TEMP_NB,SEX_T,OCU_ISCO88_7,1992,2589.279,,NB,PS,3,LFS - Enquête sur l'emploi,Repository: ILO-STATISTICS - Micro data processing,,,1,,
ILO:DF_EMP_TEMP_SEX_OCU_NB(1.0),FRA,A,EMP_TEMP_NB,SEX_T,OCU_ISCO88_8,1992,2591.466,,NB,PS,3,LFS - Enquête sur l'emploi,Repository: ILO-STATISTICS - Micro data processing,,,1,,
ILO:DF_EMP_TEMP_SEX_OCU_NB(1.0),FRA,A,EMP_TEMP_NB,SEX_T,OCU_ISCO88_9,1992,1617.606,,NB,PS,3,LFS - Enquête sur l'emploi,Repository: ILO-STATISTICS - Micro data processing,,,1,,
ILO:DF_EMP_TEMP_SEX_OCU_NB(1.0),FRA,A,EMP_TEMP_NB,SEX_T,OCU_ISCO88_0,1992,267.432,,NB,PS,3,LFS - Enquête sur l'emploi,Repository: ILO-STATISTICS - Micro data processing,,,1,,
ILO:DF_EMP_TEMP_SEX_OCU_NB(1.0),FRA,A,EMP_TEMP_NB,SEX_T,OCU_SKILL_TOTAL,1993,21821.97,,NB,PS,3,LFS - Enquête sur l'emploi,Repository: ILO-STATISTICS - Micro data processing,,,1,,
ILO:DF_EMP_TEMP_SEX_OCU_NB(1.0),FRA,A,EMP_TEMP_NB,SEX_T,OCU_SKILL_L3-4,1993,6950.719,,NB,PS,3,LFS - Enquête sur l'emploi,Repository: ILO-STATISTICS - Micro data processing,,,1,,
ILO:DF_EMP_TEMP_SEX_OCU_NB(1.0),FRA,A,EMP_TEMP_NB,SEX_T,OCU_SKILL_L2,1993,12830.378,,NB,PS,3,LFS - Enquête sur l'emploi,Repository: ILO-STATISTICS - Micro data processing,,,1,,
ILO:DF_EMP_TEMP_SEX_OCU_NB(1.0),FRA,A,EMP_TEMP_NB,SEX_T,OCU_SKILL_L1,1993,1666.354,,NB,PS,3,LFS - Enquête sur l'emploi,Repository: ILO-STATISTICS - Micro data processing,,,1,,
ILO:DF_EMP_TEMP_SEX_OCU_NB(1.0),FRA,A,EMP_TEMP_NB,SEX_T,OCU_SKILL_X,1993,374.519,,NB,PS,3,LFS - Enquête sur l'emploi,Repository: ILO-STATISTICS - Micro data processing,,,1,,
ILO:DF_EMP_TEMP_SEX_OCU_NB(1.0),FRA,A,EMP_TEMP_NB,SEX_T,OCU_ISCO88_TOTAL,1993,21821.97,,NB,PS,3,LFS - Enquête sur l'emploi,Repository: ILO-STATISTICS - Micro data processing,,,1,,
ILO:DF_EMP_TEMP_SEX_OCU_NB(1.0),FRA,A,EMP_TEMP_NB,SEX_T,OCU_ISCO88_1,1993,436.675,,NB,PS,3,LFS - Enquête sur l'emploi,Repository: ILO-STATISTICS - Micro data processing,,,1,,
ILO:DF_EMP_TEMP_SEX_OCU_NB(1.0),FRA,A,EMP_TEMP_NB,SEX_T,OCU_ISCO88_2,1993,2954.52,,NB,PS,3,LFS - Enquête sur l'emploi,Repository: ILO-STATISTICS - Micro data processing,,,1,,
ILO:DF_EMP_TEMP_SEX_OCU_NB(1.0),FRA,A,EMP_TEMP_NB,SEX_T,OCU_ISCO88_3,1993,3559.524,,NB,PS,3,LFS - Enquête sur l'emploi,Repository: ILO-STATISTICS - Micro data processing,,,1,,
ILO:DF_EMP_TEMP_SEX_OCU_NB(1.0),FRA,A,EMP_TEMP_NB,SEX_T,OCU_ISCO88_4,1993,3107.854,,NB,PS,3,LFS - Enquête sur l'emploi,Repository: ILO-STATISTICS - Micro data processing,,,1,,
ILO:DF_EMP_TEMP_SEX_OCU_NB(1.0),FRA,A,EMP_TEMP_NB,SEX_T,OCU_ISCO88_5,1993,2951.384,,NB,PS,3,LFS - Enquête sur l'emploi,Repository: ILO-STATISTICS - Micro data processing,,,1,,
ILO:DF_EMP_TEMP_SEX_OCU_NB(1.0),FRA,A,EMP_TEMP_NB,SEX_T,OCU_ISCO88_6,1993,1232.409,,NB,PS,3,LFS - Enquête sur l'emploi,Repository: ILO-STATISTICS - Micro data processing,,,1,,
ILO:DF_EMP_TEMP_SEX_OCU_NB(1.0),FRA,A,EMP_TEMP_NB,SEX_T,OCU_ISCO88_7,1993,3047.91,,NB,PS,3,LFS - Enquête sur l'emploi,Repository: ILO-STATISTICS - Micro data processing,,,1,,
ILO:DF_EMP_TEMP_SEX_OCU_NB(1.0),FRA,A,EMP_TEMP_NB,SEX_T,OCU_ISCO88_8,1993,2490.821,,NB,PS,3,LFS - Enquête sur l'emploi,Repository: ILO-STATISTICS - Micro data processing,,,1,,
ILO:DF_EMP_TEMP_SEX_OCU_NB(1.0),FRA,A,EMP_TEMP_NB,SEX_T,OCU_ISCO88_9,1993,1666.354,,NB,PS,3,LFS - Enquête sur l'emploi,Repository: ILO-STATISTICS - Micro data processing,,,1,,
ILO:DF_EMP_TEMP_SEX_OCU_NB(1.0),FRA,A,EMP_TEMP_NB,SEX_T,OCU_ISCO88_0,1993,308.566,,NB,PS,3,LFS - Enquête sur l'emploi,Repository: ILO-STATISTICS - Micro data processing,,,1,,
ILO:DF_EMP_TEMP_SEX_OCU_NB(1.0),FRA,A,EMP_TEMP_NB,SEX_T,OCU_ISCO88_X,1993,65.953,,NB,PS,3,LFS - Enquête sur l'emploi,Repository: ILO-STATISTICS - Micro data processing,,,1,,
ILO:DF_EMP_TEMP_SEX_OCU_NB(1.0),FRA,A,EMP_TEMP_NB,SEX_T,OCU_SKILL_TOTAL,1994,21580.407,,NB,PS,3,LFS - Enquête sur l'emploi,Repository: ILO-STATISTICS - Micro data processing,,,1,,
ILO:DF_EMP_TEMP_SEX_OCU_NB(1.0),FRA,A,EMP_TEMP_NB,SEX_T,OCU_SKILL_L3-4,1994,6998.516,,NB,PS,3,LFS - Enquête sur l'emploi,Repository: ILO-STATISTICS - Micro data processing,,,1,,
ILO:DF_EMP_TEMP_SEX_OCU_NB(1.0),FRA,A,EMP_TEMP_NB,SEX_T,OCU_SKILL_L2,1994,12622.877,,NB,PS,3,LFS - Enquête sur l'emploi,Repository: ILO-STATISTICS - Micro data processing,,,1,,
ILO:DF_EMP_TEMP_SEX_OCU_NB(1.0),FRA,A,EMP_TEMP_NB,SEX_T,OCU_SKILL_L1,1994,1599.111,,NB,PS,3,LFS - Enquête sur l'emploi,Repository: ILO-STATISTICS - Micro data processing,,,1,,
ILO:DF_EMP_TEMP_SEX_OCU_NB(1.0),FRA,A,EMP_TEMP_NB,SEX_T,OCU_SKILL_X,1994,359.903,,NB,PS,3,LFS - Enquête sur l'emploi,Repository: ILO-STATISTICS - Micro data processing,,,1,,
ILO:DF_EMP_TEMP_SEX_OCU_NB(1.0),FRA,A,EMP_TEMP_NB,SEX_T,OCU_ISCO88_TOTAL,1994,21580.407,,NB,PS,3,LFS - Enquête sur l'emploi,Repository: ILO-STATISTICS - Micro data processing,,,1,,
ILO:DF_EMP_TEMP_SEX_OCU_NB(1.0),FRA,A,EMP_TEMP_NB,SEX_T,OCU_ISCO88_1,1994,499.306,,NB,PS,3,LFS - Enquête sur l'emploi,Repository: ILO-STATISTICS - Micro data processing,,,1,,
ILO:DF_EMP_TEMP_SEX_OCU_NB(1.0),FRA,A,EMP_TEMP_NB,SEX_T,OCU_ISCO88_2,1994,3008.434,,NB,PS,3,LFS - Enquête sur l'emploi,Repository: ILO-STATISTICS - Micro data processing,,,1,,
ILO:DF_EMP_TEMP_SEX_OCU_NB(1.0),FRA,A,EMP_TEMP_NB,SEX_T,OCU_ISCO88_3,1994,3490.776,,NB,PS,3,LFS - Enquête sur l'emploi,Repository: ILO-STATISTICS - Micro data processing,,,1,,
ILO:DF_EMP_TEMP_SEX_OCU_NB(1.0),FRA,A,EMP_TEMP_NB,SEX_T,OCU_ISCO88_4,1994,3104.147,,NB,PS,3,LFS - Enquête sur l'emploi,Repository: ILO-STATISTICS - Micro data processing,,,1,,
ILO:DF_EMP_TEMP_SEX_OCU_NB(1.0),FRA,A,EMP_TEMP_NB,SEX_T,OCU_ISCO88_5,1994,2941.605,,NB,PS,3,LFS - Enquête sur l'emploi,Repository: ILO-STATISTICS - Micro data processing,,,1,,
ILO:DF_EMP_TEMP_SEX_OCU_NB(1.0),FRA,A,EMP_TEMP_NB,SEX_T,OCU_ISCO88_6,1994,1158.725,,NB,PS,3,LFS - Enquête sur l'emploi,Repository: ILO-STATISTICS - Micro data processing,,,1,,
ILO:DF_EMP_TEMP_SEX_OCU_NB(1.0),FRA,A,EMP_TEMP_NB,SEX_T,OCU_ISCO88_7,1994,2996.567,,NB,PS,3,LFS - Enquête sur l'emploi,Repository: ILO-STATISTICS - Micro data processing,,,1,,
ILO:DF_EMP_TEMP_SEX_OCU_NB(1.0),FRA,A,EMP_TEMP_NB,SEX_T,OCU_ISCO88_8,1994,2421.833,,NB,PS,3,LFS - Enquête sur l'emploi,Repository: ILO-STATISTICS - Micro data processing,,,1,,
ILO:DF_EMP_TEMP_SEX_OCU_NB(1.0),FRA,A,EMP_TEMP_NB,SEX_T,OCU_ISCO88_9,1994,1599.111,,NB,PS,3,LFS - Enquête sur l'emploi,Repository: ILO-STATISTICS - Micro data processing,,,1,,
ILO:DF_EMP_TEMP_SEX_OCU_NB(1.0),FRA,A,EMP_TEMP_NB,SEX_T,OCU_ISCO88_0,1994,298.342,,NB,PS,3,LFS - Enquête sur l'emploi,Repository: ILO-STATISTICS - Micro data processing,,,1,,
ILO:DF_EMP_TEMP_SEX_OCU_NB(1.0),FRA,A,EMP_TEMP_NB,SEX_T,OCU_ISCO88_X,1994,61.561,,NB,PS,3,LFS - Enquête sur l'emploi,Repository: ILO-STATISTICS - Micro data processing,,,1,,
ILO:DF_EMP_TEMP_SEX_OCU_NB(1.0),FRA,A,EMP_TEMP_NB,SEX_T,OCU_SKILL_TOTAL,1995,21906.706,,NB,PS,3,LFS - Enquête sur l'emploi,Repository: ILO-STATISTICS - Micro data processing,,,1,,
ILO:DF_EMP_TEMP_SEX_OCU_NB(1.0),FRA,A,EMP_TEMP_NB,SEX_T,OCU_SKILL_L3-4,1995,7668.99,,NB,PS,3,LFS - Enquête sur l'emploi,Repository: ILO-STATISTICS - Micro data processing,,,1,,
ILO:DF_EMP_TEMP_SEX_OCU_NB(1.0),FRA,A,EMP_TEMP_NB,SEX_T,OCU_SKILL_L2,1995,12279.087,,NB,PS,3,LFS - Enquête sur l'emploi,Repository: ILO-STATISTICS - Micro data processing,,,1,,
ILO:DF_EMP_TEMP_SEX_OCU_NB(1.0),FRA,A,EMP_TEMP_NB,SEX_T,OCU_SKILL_L1,1995,1638.153,,NB,PS,3,LFS - Enquête sur l'emploi,Repository: ILO-STATISTICS - Micro data processing,,,1,,
ILO:DF_EMP_TEMP_SEX_OCU_NB(1.0),FRA,A,EMP_TEMP_NB,SEX_T,OCU_SKILL_X,1995,320.476,,NB,PS,3,LFS - Enquête sur l'emploi,Repository: ILO-STATISTICS - Micro data processing,,,1,,
ILO:DF_EMP_TEMP_SEX_OCU_NB(1.0),FRA,A,EMP_TEMP_NB,SEX_T,OCU_ISCO88_TOTAL,1995,21906.706,,NB,PS,3,LFS - Enquête sur l'emploi,Repository: ILO-STATISTICS - Micro data processing,,,1,,
ILO:DF_EMP_TEMP_SEX_OCU_NB(1.0),FRA,A,EMP_TEMP_NB,SEX_T,OCU_ISCO88_1,1995,1720.503,,NB,PS,3,LFS - Enquête sur l'emploi,Repository: ILO-STATISTICS - Micro data processing,,,1,,
ILO:DF_EMP_TEMP_SEX_OCU_NB(1.0),FRA,A,EMP_TEMP_NB,SEX_T,OCU_ISCO88_2,1995,2270.614,,NB,PS,3,LFS - Enquête sur l'emploi,Repository: ILO-STATISTICS - Micro data processing,,,1,,
ILO:DF_EMP_TEMP_SEX_OCU_NB(1.0),FRA,A,EMP_TEMP_NB,SEX_T,OCU_ISCO88_3,1995,3677.873,,NB,PS,3,LFS - Enquête sur l'emploi,Repository: ILO-STATISTICS - Micro data processing,,,1,,
ILO:DF_EMP_TEMP_SEX_OCU_NB(1.0),FRA,A,EMP_TEMP_NB,SEX_T,OCU_ISCO88_4,1995,3148.13,,NB,PS,3,LFS - Enquête sur l'emploi,Repository: ILO-STATISTICS - Micro data processing,,,1,,
ILO:DF_EMP_TEMP_SEX_OCU_NB(1.0),FRA,A,EMP_TEMP_NB,SEX_T,OCU_ISCO88_5,1995,2613.141,,NB,PS,3,LFS - Enquête sur l'emploi,Repository: ILO-STATISTICS - Micro data processing,,,1,,
ILO:DF_EMP_TEMP_SEX_OCU_NB(1.0),FRA,A,EMP_TEMP_NB,SEX_T,OCU_ISCO88_6,1995,1103.117,,NB,PS,3,LFS - Enquête sur l'emploi,Repository: ILO-STATISTICS - Micro data processing,,,1,,
ILO:DF_EMP_TEMP_SEX_OCU_NB(1.0),FRA,A,EMP_TEMP_NB,SEX_T,OCU_ISCO88_7,1995,3045.108,,NB,PS,3,LFS - Enquête sur l'emploi,Repository: ILO-STATISTICS - Micro data processing,,,1,,
ILO:DF_EMP_TEMP_SEX_OCU_NB(1.0),FRA,A,EMP_TEMP_NB,SEX_T,OCU_ISCO88_8,1995,2369.591,,NB,PS,3,LFS - Enquête sur l'emploi,Repository: ILO-STATISTICS - Micro data processing,,,1,,
ILO:DF_EMP_TEMP_SEX_OCU_NB(1.0),FRA,A,EMP_TEMP_NB,SEX_T,OCU_ISCO88_9,1995,1638.153,,NB,PS,3,LFS - Enquête sur l'emploi,Repository: ILO-STATISTICS - Micro data processing,,,1,,
ILO:DF_EMP_TEMP_SEX_OCU_NB(1.0),FRA,A,EMP_TEMP_NB,SEX_T,OCU_ISCO88_0,1995,294.299,,NB,PS,3,LFS - Enquête sur l'emploi,Repository: ILO-STATISTICS - Micro data processing,,,1,,
ILO:DF_EMP_TEMP_SEX_OCU_NB(1.0),FRA,A,EMP_TEMP_NB,SEX_T,OCU_ISCO88_X,1995,26.177,,NB,PS,3,LFS - Enquête sur l'emploi,Repository: ILO-STATISTICS - Micro data processing,,,1,,
ILO:DF_EMP_TEMP_SEX_OCU_NB(1.0),FRA,A,EMP_TEMP_NB,SEX_T,OCU_SKILL_TOTAL,1996,22022.138,,NB,PS,3,LFS - Enquête sur l'emploi,Repository: ILO-STATISTICS - Micro data processing,,,1,,
ILO:DF_EMP_TEMP_SEX_OCU_NB(1.0),FRA,A,EMP_TEMP_NB,SEX_T,OCU_SKILL_L3-4,1996,7678.319,,NB,PS,3,LFS - Enquête sur l'emploi,Repository: ILO-STATISTICS - Micro data processing,,,1,,
ILO:DF_EMP_TEMP_SEX_OCU_NB(1.0),FRA,A,EMP_TEMP_NB,SEX_T,OCU_SKILL_L2,1996,12329.469,,NB,PS,3,LFS - Enquête sur l'emploi,Repository: ILO-STATISTICS - Micro data processing,,,1,,
ILO:DF_EMP_TEMP_SEX_OCU_NB(1.0),FRA,A,EMP_TEMP_NB,SEX_T,OCU_SKILL_L1,1996,1698.208,,NB,PS,3,LFS - Enquête sur l'emploi,Repository: ILO-STATISTICS - Micro data processing,,,1,,
ILO:DF_EMP_TEMP_SEX_OCU_NB(1.0),FRA,A,EMP_TEMP_NB,SEX_T,OCU_SKILL_X,1996,316.142,,NB,PS,3,LFS - Enquête sur l'emploi,Repository: ILO-STATISTICS - Micro data processing,,,1,,
ILO:DF_EMP_TEMP_SEX_OCU_NB(1.0),FRA,A,EMP_TEMP_NB,SEX_T,OCU_ISCO88_TOTAL,1996,22022.138,,NB,PS,3,LFS - Enquête sur l'emploi,Repository: ILO-STATISTICS - Micro data processing,,,1,,
ILO:DF_EMP_TEMP_SEX_OCU_NB(1.0),FRA,A,EMP_TEMP_NB,SEX_T,OCU_ISCO88_1,1996,1683.509,,NB,PS,3,LFS - Enquête sur l'emploi,Repository: ILO-STATISTICS - Micro data processing,,,1,,
ILO:DF_EMP_TEMP_SEX_OCU_NB(1.0),FRA,A,EMP_TEMP_NB,SEX_T,OCU_ISCO88_2,1996,2280.889,,NB,PS,3,LFS - Enquête sur l'emploi,Repository: ILO-STATISTICS - Micro data processing,,,1,,
ILO:DF_EMP_TEMP_SEX_OCU_NB(1.0),FRA,A,EMP_TEMP_NB,SEX_T,OCU_ISCO88_3,1996,3713.921,,NB,PS,3,LFS - Enquête sur l'emploi,Repository: ILO-STATISTICS - Micro data processing,,,1,,
ILO:DF_EMP_TEMP_SEX_OCU_NB(1.0),FRA,A,EMP_TEMP_NB,SEX_T,OCU_ISCO88_4,1996,3198.693,,NB,PS,3,LFS - Enquête sur l'emploi,Repository: ILO-STATISTICS - Micro data processing,,,1,,
ILO:DF_EMP_TEMP_SEX_OCU_NB(1.0),FRA,A,EMP_TEMP_NB,SEX_T,OCU_ISCO88_5,1996,2625.184,,NB,PS,3,LFS - Enquête sur l'emploi,Repository: ILO-STATISTICS - Micro data processing,,,1,,
ILO:DF_EMP_TEMP_SEX_OCU_NB(1.0),FRA,A,EMP_TEMP_NB,SEX_T,OCU_ISCO88_6,1996,1092.062,,NB,PS,3,LFS - Enquête sur l'emploi,Repository: ILO-STATISTICS - Micro data processing,,,1,,
ILO:DF_EMP_TEMP_SEX_OCU_NB(1.0),FRA,A,EMP_TEMP_NB,SEX_T,OCU_ISCO88_7,1996,3059.421,,NB,PS,3,LFS - Enquête sur l'emploi,Repository: ILO-STATISTICS - Micro data processing,,,1,,
ILO:DF_EMP_TEMP_SEX_OCU_NB(1.0),FRA,A,EMP_TEMP_NB,SEX_T,OCU_ISCO88_8,1996,2354.109,,NB,PS,3,LFS - Enquête sur l'emploi,Repository: ILO-STATISTICS - Micro data processing,,,1,,
ILO:DF_EMP_TEMP_SEX_OCU_NB(1.0),FRA,A,EMP_TEMP_NB,SEX_T,OCU_ISCO88_9,1996,1698.208,,NB,PS,3,LFS - Enquête sur l'emploi,Repository: ILO-STATISTICS - Micro data processing,,,1,,
ILO:DF_EMP_TEMP_SEX_OCU_NB(1.0),FRA,A,EMP_TEMP_NB,SEX_T,OCU_ISCO88_0,1996,291.029,,NB,PS,3,LFS - Enquête sur l'emploi,Repository: ILO-STATISTICS - Micro data processing,,,1,,
ILO:DF_EMP_TEMP_SEX_OCU_NB(1.0),FRA,A,EMP_TEMP_NB,SEX_T,OCU_ISCO88_X,1996,25.113,,NB,PS,3,LFS - Enquête sur l'emploi,Repository: ILO-STATISTICS - Micro data processing,,,1,,
ILO:DF_EMP_TEMP_SEX_OCU_NB(1.0),FRA,A,EMP_TEMP_NB,SEX_T,OCU_SKILL_TOTAL,1997,21957.605,,NB,PS,3,LFS - Enquête sur l'emploi,Repository: ILO-STATISTICS - Micro data processing,,,1,,
ILO:DF_EMP_TEMP_SEX_OCU_NB(1.0),FRA,A,EMP_TEMP_NB,SEX_T,OCU_SKILL_L3-4,1997,7748.476,,NB,PS,3,LFS - Enquête sur l'emploi,Repository: ILO-STATISTICS - Micro data processing,,,1,,
ILO:DF_EMP_TEMP_SEX_OCU_NB(1.0),FRA,A,EMP_TEMP_NB,SEX_T,OCU_SKILL_L2,1997,12169.315,,NB,PS,3,LFS - Enquête sur l'emploi,Repository: ILO-STATISTICS - Micro data processing,,,1,,
ILO:DF_EMP_TEMP_SEX_OCU_NB(1.0),FRA,A,EMP_TEMP_NB,SEX_T,OCU_SKILL_L1,1997,1731.867,,NB,PS,3,LFS - Enquête sur l'emploi,Repository: ILO-STATISTICS - Micro data processing,,,1,,
ILO:DF_EMP_TEMP_SEX_OCU_NB(1.0),FRA,A,EMP_TEMP_NB,SEX_T,OCU_SKILL_X,1997,307.947,,NB,PS,3,LFS - Enquête sur l'emploi,Repository: ILO-STATISTICS - Micro data processing,,,1,,
ILO:DF_EMP_TEMP_SEX_OCU_NB(1.0),FRA,A,EMP_TEMP_NB,SEX_T,OCU_ISCO88_TOTAL,1997,21957.605,,NB,PS,3,LFS - Enquête sur l'emploi,Repository: ILO-STATISTICS - Micro data processing,,,1,,
ILO:DF_EMP_TEMP_SEX_OCU_NB(1.0),FRA,A,EMP_TEMP_NB,SEX_T,OCU_ISCO88_1,1997,1666.708,,NB,PS,3,LFS - Enquête sur l'emploi,Repository: ILO-STATISTICS - Micro data processing,,,1,,
ILO:DF_EMP_TEMP_SEX_OCU_NB(1.0),FRA,A,EMP_TEMP_NB,SEX_T,OCU_ISCO88_2,1997,2305.76,,NB,PS,3,LFS - Enquête sur l'emploi,Repository: ILO-STATISTICS - Micro data processing,,,1,,
ILO:DF_EMP_TEMP_SEX_OCU_NB(1.0),FRA,A,EMP_TEMP_NB,SEX_T,OCU_ISCO88_3,1997,3776.008,,NB,PS,3,LFS - Enquête sur l'emploi,Repository: ILO-STATISTICS - Micro data processing,,,1,,
ILO:DF_EMP_TEMP_SEX_OCU_NB(1.0),FRA,A,EMP_TEMP_NB,SEX_T,OCU_ISCO88_4,1997,3130.204,,NB,PS,3,LFS - Enquête sur l'emploi,Repository: ILO-STATISTICS - Micro data processing,,,1,,
ILO:DF_EMP_TEMP_SEX_OCU_NB(1.0),FRA,A,EMP_TEMP_NB,SEX_T,OCU_ISCO88_5,1997,2655.43,,NB,PS,3,LFS - Enquête sur l'emploi,Repository: ILO-STATISTICS - Micro data processing,,,1,,
ILO:DF_EMP_TEMP_SEX_OCU_NB(1.0),FRA,A,EMP_TEMP_NB,SEX_T,OCU_ISCO88_6,1997,1051.661,,NB,PS,3,LFS - Enquête sur l'emploi,Repository: ILO-STATISTICS - Micro data processing,,,1,,
ILO:DF_EMP_TEMP_SEX_OCU_NB(1.0),FRA,A,EMP_TEMP_NB,SEX_T,OCU_ISCO88_7,1997,2969.561,,NB,PS,3,LFS - Enquête sur l'emploi,Repository: ILO-STATISTICS - Micro data processing,,,1,,
ILO:DF_EMP_TEMP_SEX_OCU_NB(1.0),FRA,A,EMP_TEMP_NB,SEX_T,OCU_ISCO88_8,1997,2362.459,,NB,PS,3,LFS - Enquête sur l'emploi,Repository: ILO-STATISTICS - Micro data processing,,,1,,
ILO:DF_EMP_TEMP_SEX_OCU_NB(1.0),FRA,A,EMP_TEMP_NB,SEX_T,OCU_ISCO88_9,1997,1731.867,,NB,PS,3,LFS - Enquête sur l'emploi,Repository: ILO-STATISTICS - Micro data processing,,,1,,
ILO:DF_EMP_TEMP_SEX_OCU_NB(1.0),FRA,A,EMP_TEMP_NB,SEX_T,OCU_ISCO88_0,1997,276.924,,NB,PS,3,LFS - Enquête sur l'emploi,Repository: ILO-STATISTICS - Micro data processing,,,1,,
ILO:DF_EMP_TEMP_SEX_OCU_NB(1.0),FRA,A,EMP_TEMP_NB,SEX_T,OCU_ISCO88_X,1997,31.023,,NB,PS,3,LFS - Enquête sur l'emploi,Repository: ILO-STATISTICS - Micro data processing,,,1,,
ILO:DF_EMP_TEMP_SEX_OCU_NB(1.0),FRA,A,EMP_TEMP_NB,SEX_T,OCU_SKILL_TOTAL,1998,22247.768,,NB,PS,3,LFS - Enquête sur l'emploi,Repository: ILO-STATISTICS - Micro data processing,,,1,,
ILO:DF_EMP_TEMP_SEX_OCU_NB(1.0),FRA,A,EMP_TEMP_NB,SEX_T,OCU_SKILL_L3-4,1998,7855.71,,NB,PS,3,LFS - Enquête sur l'emploi,Repository: ILO-STATISTICS - Micro data processing,,,1,,
ILO:DF_EMP_TEMP_SEX_OCU_NB(1.0),FRA,A,EMP_TEMP_NB,SEX_T,OCU_SKILL_L2,1998,12306.085,,NB,PS,3,LFS - Enquête sur l'emploi,Repository: ILO-STATISTICS - Micro data processing,,,1,,
ILO:DF_EMP_TEMP_SEX_OCU_NB(1.0),FRA,A,EMP_TEMP_NB,SEX_T,OCU_SKILL_L1,1998,1734.868,,NB,PS,3,LFS - Enquête sur l'emploi,Repository: ILO-STATISTICS - Micro data processing,,,1,,
ILO:DF_EMP_TEMP_SEX_OCU_NB(1.0),FRA,A,EMP_TEMP_NB,SEX_T,OCU_SKILL_X,1998,351.105,,NB,PS,3,LFS - Enquête sur l'emploi,Repository: ILO-STATISTICS - Micro data processing,,,1,,
ILO:DF_EMP_TEMP_SEX_OCU_NB(1.0),FRA,A,EMP_TEMP_NB,SEX_T,OCU_ISCO88_TOTAL,1998,22247.768,,NB,PS,3,LFS - Enquête sur l'emploi,Repository: ILO-STATISTICS - Micro data processing,,,1,,
ILO:DF_EMP_TEMP_SEX_OCU_NB(1.0),FRA,A,EMP_TEMP_NB,SEX_T,OCU_ISCO88_1,1998,1725.095,,NB,PS,3,LFS - Enquête sur l'emploi,Repository: ILO-STATISTICS - Micro data processing,,,1,,
ILO:DF_EMP_TEMP_SEX_OCU_NB(1.0),FRA,A,EMP_TEMP_NB,SEX_T,OCU_ISCO88_2,1998,2316.852,,NB,PS,3,LFS - Enquête sur l'emploi,Repository: ILO-STATISTICS - Micro data processing,,,1,,
ILO:DF_EMP_TEMP_SEX_OCU_NB(1.0),FRA,A,EMP_TEMP_NB,SEX_T,OCU_ISCO88_3,1998,3813.763,,NB,PS,3,LFS - Enquête sur l'emploi,Repository: ILO-STATISTICS - Micro data processing,,,1,,
ILO:DF_EMP_TEMP_SEX_OCU_NB(1.0),FRA,A,EMP_TEMP_NB,SEX_T,OCU_ISCO88_4,1998,3158.724,,NB,PS,3,LFS - Enquête sur l'emploi,Repository: ILO-STATISTICS - Micro data processing,,,1,,
ILO:DF_EMP_TEMP_SEX_OCU_NB(1.0),FRA,A,EMP_TEMP_NB,SEX_T,OCU_ISCO88_5,1998,2737.825,,NB,PS,3,LFS - Enquête sur l'emploi,Repository: ILO-STATISTICS - Micro data processing,,,1,,
ILO:DF_EMP_TEMP_SEX_OCU_NB(1.0),FRA,A,EMP_TEMP_NB,SEX_T,OCU_ISCO88_6,1998,1003.809,,NB,PS,3,LFS - Enquête sur l'emploi,Repository: ILO-STATISTICS - Micro data processing,,,1,,
ILO:DF_EMP_TEMP_SEX_OCU_NB(1.0),FRA,A,EMP_TEMP_NB,SEX_T,OCU_ISCO88_7,1998,2987.087,,NB,PS,3,LFS - Enquête sur l'emploi,Repository: ILO-STATISTICS - Micro data processing,,,1,,
ILO:DF_EMP_TEMP_SEX_OCU_NB(1.0),FRA,A,EMP_TEMP_NB,SEX_T,OCU_ISCO88_8,1998,2418.64,,NB,PS,3,LFS - Enquête sur l'emploi,Repository: ILO-STATISTICS - Micro data processing,,,1,,
ILO:DF_EMP_TEMP_SEX_OCU_NB(1.0),FRA,A,EMP_TEMP_NB,SEX_T,OCU_ISCO88_9,1998,1734.868,,NB,PS,3,LFS - Enquête sur l'emploi,Repository: ILO-STATISTICS - Micro data processing,,,1,,
ILO:DF_EMP_TEMP_SEX_OCU_NB(1.0),FRA,A,EMP_TEMP_NB,SEX_T,OCU_ISCO88_0,1998,317.526,,NB,PS,3,LFS - Enquête sur l'emploi,Repository: ILO-STATISTICS - Micro data processing,,,1,,
ILO:DF_EMP_TEMP_SEX_OCU_NB(1.0),FRA,A,EMP_TEMP_NB,SEX_T,OCU_ISCO88_X,1998,33.579,,NB,PS,3,LFS - Enquête sur l'emploi,Repository: ILO-STATISTICS - Micro data processing,,,1,,
ILO:DF_EMP_TEMP_SEX_OCU_NB(1.0),FRA,A,EMP_TEMP_NB,SEX_T,OCU_SKILL_TOTAL,1999,22506.707,,NB,PS,3,LFS - Enquête sur l'emploi,Repository: ILO-STATISTICS - Micro data processing,,,1,,
ILO:DF_EMP_TEMP_SEX_OCU_NB(1.0),FRA,A,EMP_TEMP_NB,SEX_T,OCU_SKILL_L3-4,1999,8013.669,,NB,PS,3,LFS - Enquête sur l'emploi,Repository: ILO-STATISTICS - Micro data processing,,,1,,
ILO:DF_EMP_TEMP_SEX_OCU_NB(1.0),FRA,A,EMP_TEMP_NB,SEX_T,OCU_SKILL_L2,1999,12388.581,,NB,PS,3,LFS - Enquête sur l'emploi,Repository: ILO-STATISTICS - Micro data processing,,,1,,
ILO:DF_EMP_TEMP_SEX_OCU_NB(1.0),FRA,A,EMP_TEMP_NB,SEX_T,OCU_SKILL_L1,1999,1784.961,,NB,PS,3,LFS - Enquête sur l'emploi,Repository: ILO-STATISTICS - Micro data processing,,,1,,
ILO:DF_EMP_TEMP_SEX_OCU_NB(1.0),FRA,A,EMP_TEMP_NB,SEX_T,OCU_SKILL_X,1999,319.496,,NB,PS,3,LFS - Enquête sur l'emploi,Repository: ILO-STATISTICS - Micro data processing,,,1,,
ILO:DF_EMP_TEMP_SEX_OCU_NB(1.0),FRA,A,EMP_TEMP_NB,SEX_T,OCU_ISCO88_TOTAL,1999,22506.707,,NB,PS,3,LFS - Enquête sur l'emploi,Repository: ILO-STATISTICS - Micro data processing,,,1,,
ILO:DF_EMP_TEMP_SEX_OCU_NB(1.0),FRA,A,EMP_TEMP_NB,SEX_T,OCU_ISCO88_1,1999,1695.069,,NB,PS,3,LFS - Enquête sur l'emploi,Repository: ILO-STATISTICS - Micro data processing,,,1,,
ILO:DF_EMP_TEMP_SEX_OCU_NB(1.0),FRA,A,EMP_TEMP_NB,SEX_T,OCU_ISCO88_2,1999,2403.807,,NB,PS,3,LFS - Enquête sur l'emploi,Repository: ILO-STATISTICS - Micro data processing,,,1,,
ILO:DF_EMP_TEMP_SEX_OCU_NB(1.0),FRA,A,EMP_TEMP_NB,SEX_T,OCU_ISCO88_3,1999,3914.793,,NB,PS,3,LFS - Enquête sur l'emploi,Repository: ILO-STATISTICS - Micro data processing,,,1,,
ILO:DF_EMP_TEMP_SEX_OCU_NB(1.0),FRA,A,EMP_TEMP_NB,SEX_T,OCU_ISCO88_4,1999,3147.106,,NB,PS,3,LFS - Enquête sur l'emploi,Repository: ILO-STATISTICS - Micro data processing,,,1,,
ILO:DF_EMP_TEMP_SEX_OCU_NB(1.0),FRA,A,EMP_TEMP_NB,SEX_T,OCU_ISCO88_5,1999,2842.561,,NB,PS,3,LFS - Enquête sur l'emploi,Repository: ILO-STATISTICS - Micro data processing,,,1,,
ILO:DF_EMP_TEMP_SEX_OCU_NB(1.0),FRA,A,EMP_TEMP_NB,SEX_T,OCU_ISCO88_6,1999,986.213,,NB,PS,3,LFS - Enquête sur l'emploi,Repository: ILO-STATISTICS - Micro data processing,,,1,,
ILO:DF_EMP_TEMP_SEX_OCU_NB(1.0),FRA,A,EMP_TEMP_NB,SEX_T,OCU_ISCO88_7,1999,3031.396,,NB,PS,3,LFS - Enquête sur l'emploi,Repository: ILO-STATISTICS - Micro data processing,,,1,,
ILO:DF_EMP_TEMP_SEX_OCU_NB(1.0),FRA,A,EMP_TEMP_NB,SEX_T,OCU_ISCO88_8,1999,2381.305,,NB,PS,3,LFS - Enquête sur l'emploi,Repository: ILO-STATISTICS - Micro data processing,,,1,,
ILO:DF_EMP_TEMP_SEX_OCU_NB(1.0),FRA,A,EMP_TEMP_NB,SEX_T,OCU_ISCO88_9,1999,1784.961,,NB,PS,3,LFS - Enquête sur l'emploi,Repository: ILO-STATISTICS - Micro data processing,,,1,,
ILO:DF_EMP_TEMP_SEX_OCU_NB(1.0),FRA,A,EMP_TEMP_NB,SEX_T,OCU_ISCO88_0,1999,275.764,,NB,PS,3,LFS - Enquête sur l'emploi,Repository: ILO-STATISTICS - Micro data processing,,,1,,
ILO:DF_EMP_TEMP_SEX_OCU_NB(1.0),FRA,A,EMP_TEMP_NB,SEX_T,OCU_ISCO88_X,1999,43.732,,NB,PS,3,LFS - Enquête sur l'emploi,Repository: ILO-STATISTICS - Micro data processing,,,1,,
ILO:DF_EMP_TEMP_SEX_OCU_NB(1.0),FRA,A,EMP_TEMP_NB,SEX_T,OCU_SKILL_TOTAL,2000,23122.283,,NB,PS,3,LFS - Enquête sur l'emploi,Repository: ILO-STATISTICS - Micro data processing,,,1,,
ILO:DF_EMP_TEMP_SEX_OCU_NB(1.0),FRA,A,EMP_TEMP_NB,SEX_T,OCU_SKILL_L3-4,2000,8205.438,,NB,PS,3,LFS - Enquête sur l'emploi,Repository: ILO-STATISTICS - Micro data processing,,,1,,
ILO:DF_EMP_TEMP_SEX_OCU_NB(1.0),FRA,A,EMP_TEMP_NB,SEX_T,OCU_SKILL_L2,2000,12765.953,,NB,PS,3,LFS - Enquête sur l'emploi,Repository: ILO-STATISTICS - Micro data processing,,,1,,
ILO:DF_EMP_TEMP_SEX_OCU_NB(1.0),FRA,A,EMP_TEMP_NB,SEX_T,OCU_SKILL_L1,2000,1830.625,,NB,PS,3,LFS - Enquête sur l'emploi,Repository: ILO-STATISTICS - Micro data processing,,,1,,
ILO:DF_EMP_TEMP_SEX_OCU_NB(1.0),FRA,A,EMP_TEMP_NB,SEX_T,OCU_SKILL_X,2000,320.267,,NB,PS,3,LFS - Enquête sur l'emploi,Repository: ILO-STATISTICS - Micro data processing,,,1,,
ILO:DF_EMP_TEMP_SEX_OCU_NB(1.0),FRA,A,EMP_TEMP_NB,SEX_T,OCU_ISCO88_TOTAL,2000,23122.283,,NB,PS,3,LFS - Enquête sur l'emploi,Repository: ILO-STATISTICS - Micro data processing,,,1,,
ILO:DF_EMP_TEMP_SEX_OCU_NB(1.0),FRA,A,EMP_TEMP_NB,SEX_T,OCU_ISCO88_1,2000,1729.563,,NB,PS,3,LFS - Enquête sur l'emploi,Repository: ILO-STATISTICS - Micro data processing,,,1,,
ILO:DF_EMP_TEMP_SEX_OCU_NB(1.0),FRA,A,EMP_TEMP_NB,SEX_T,OCU_ISCO88_2,2000,2434.595,,NB,PS,3,LFS - Enquête sur l'emploi,Repository: ILO-STATISTICS - Micro data processing,,,1,,
ILO:DF_EMP_TEMP_SEX_OCU_NB(1.0),FRA,A,EMP_TEMP_NB,SEX_T,OCU_ISCO88_3,2000,4041.28,,NB,PS,3,LFS - Enquête sur l'emploi,Repository: ILO-STATISTICS - Micro data processing,,,1,,
ILO:DF_EMP_TEMP_SEX_OCU_NB(1.0),FRA,A,EMP_TEMP_NB,SEX_T,OCU_ISCO88_4,2000,3273.687,,NB,PS,3,LFS - Enquête sur l'emploi,Repository: ILO-STATISTICS - Micro data processing,,,1,,
ILO:DF_EMP_TEMP_SEX_OCU_NB(1.0),FRA,A,EMP_TEMP_NB,SEX_T,OCU_ISCO88_5,2000,2915.92,,NB,PS,3,LFS - Enquête sur l'emploi,Repository: ILO-STATISTICS - Micro data processing,,,1,,
ILO:DF_EMP_TEMP_SEX_OCU_NB(1.0),FRA,A,EMP_TEMP_NB,SEX_T,OCU_ISCO88_6,2000,977.194,,NB,PS,3,LFS - Enquête sur l'emploi,Repository: ILO-STATISTICS - Micro data processing,,,1,,
ILO:DF_EMP_TEMP_SEX_OCU_NB(1.0),FRA,A,EMP_TEMP_NB,SEX_T,OCU_ISCO88_7,2000,3089.541,,NB,PS,3,LFS - Enquête sur l'emploi,Repository: ILO-STATISTICS - Micro data processing,,,1,,
ILO:DF_EMP_TEMP_SEX_OCU_NB(1.0),FRA,A,EMP_TEMP_NB,SEX_T,OCU_ISCO88_8,2000,2509.611,,NB,PS,3,LFS - Enquête sur l'emploi,Repository: ILO-STATISTICS - Micro data processing,,,1,,
ILO:DF_EMP_TEMP_SEX_OCU_NB(1.0),FRA,A,EMP_TEMP_NB,SEX_T,OCU_ISCO88_9,2000,1830.625,,NB,PS,3,LFS - Enquête sur l'emploi,Repository: ILO-STATISTICS - Micro data processing,,,1,,
ILO:DF_EMP_TEMP_SEX_OCU_NB(1.0),FRA,A,EMP_TEMP_NB,SEX_T,OCU_ISCO88_0,2000,276.444,,NB,PS,3,LFS - Enquête sur l'emploi,Repository: ILO-STATISTICS - Micro data processing,,,1,,
ILO:DF_EMP_TEMP_SEX_OCU_NB(1.0),FRA,A,EMP_TEMP_NB,SEX_T,OCU_ISCO88_X,2000,43.823,,NB,PS,3,LFS - Enquête sur l'emploi,Repository: ILO-STATISTICS - Micro data processing,,,1,,
ILO:DF_EMP_TEMP_SEX_OCU_NB(1.0),FRA,A,EMP_TEMP_NB,SEX_T,OCU_SKILL_TOTAL,2001,23677.814,,NB,PS,3,LFS - Enquête sur l'emploi,Repository: ILO-STATISTICS - Micro data processing,,,1,,
ILO:DF_EMP_TEMP_SEX_OCU_NB(1.0),FRA,A,EMP_TEMP_NB,SEX_T,OCU_SKILL_L3-4,2001,8523.959,,NB,PS,3,LFS - Enquête sur l'emploi,Repository: ILO-STATISTICS - Micro data processing,,,1,,
ILO:DF_EMP_TEMP_SEX_OCU_NB(1.0),FRA,A,EMP_TEMP_NB,SEX_T,OCU_SKILL_L2,2001,12896.105,,NB,PS,3,LFS - Enquête sur l'emploi,Repository: ILO-STATISTICS - Micro data processing,,,1,,
ILO:DF_EMP_TEMP_SEX_OCU_NB(1.0),FRA,A,EMP_TEMP_NB,SEX_T,OCU_SKILL_L1,2001,1907.695,,NB,PS,3,LFS - Enquête sur l'emploi,Repository: ILO-STATISTICS - Micro data processing,,,1,,
ILO:DF_EMP_TEMP_SEX_OCU_NB(1.0),FRA,A,EMP_TEMP_NB,SEX_T,OCU_SKILL_X,2001,350.055,,NB,PS,3,LFS - Enquête sur l'emploi,Repository: ILO-STATISTICS - Micro data processing,,,1,,
ILO:DF_EMP_TEMP_SEX_OCU_NB(1.0),FRA,A,EMP_TEMP_NB,SEX_T,OCU_ISCO88_TOTAL,2001,23677.814,,NB,PS,3,LFS - Enquête sur l'emploi,Repository: ILO-STATISTICS - Micro data processing,,,1,,
ILO:DF_EMP_TEMP_SEX_OCU_NB(1.0),FRA,A,EMP_TEMP_NB,SEX_T,OCU_ISCO88_1,2001,1753.623,,NB,PS,3,LFS - Enquête sur l'emploi,Repository: ILO-STATISTICS - Micro data processing,,,1,,
ILO:DF_EMP_TEMP_SEX_OCU_NB(1.0),FRA,A,EMP_TEMP_NB,SEX_T,OCU_ISCO88_2,2001,2601.085,,NB,PS,3,LFS - Enquête sur l'emploi,Repository: ILO-STATISTICS - Micro data processing,,,1,,
ILO:DF_EMP_TEMP_SEX_OCU_NB(1.0),FRA,A,EMP_TEMP_NB,SEX_T,OCU_ISCO88_3,2001,4169.251,,NB,PS,3,LFS - Enquête sur l'emploi,Repository: ILO-STATISTICS - Micro data processing,,,1,,
ILO:DF_EMP_TEMP_SEX_OCU_NB(1.0),FRA,A,EMP_TEMP_NB,SEX_T,OCU_ISCO88_4,2001,3297.328,,NB,PS,3,LFS - Enquête sur l'emploi,Repository: ILO-STATISTICS - Micro data processing,,,1,,
ILO:DF_EMP_TEMP_SEX_OCU_NB(1.0),FRA,A,EMP_TEMP_NB,SEX_T,OCU_ISCO88_5,2001,2950.398,,NB,PS,3,LFS - Enquête sur l'emploi,Repository: ILO-STATISTICS - Micro data processing,,,1,,
ILO:DF_EMP_TEMP_SEX_OCU_NB(1.0),FRA,A,EMP_TEMP_NB,SEX_T,OCU_ISCO88_6,2001,973.97,,NB,PS,3,LFS - Enquête sur l'emploi,Repository: ILO-STATISTICS - Micro data processing,,,1,,
ILO:DF_EMP_TEMP_SEX_OCU_NB(1.0),FRA,A,EMP_TEMP_NB,SEX_T,OCU_ISCO88_7,2001,3111.31,,NB,PS,3,LFS - Enquête sur l'emploi,Repository: ILO-STATISTICS - Micro data processing,,,1,,
ILO:DF_EMP_TEMP_SEX_OCU_NB(1.0),FRA,A,EMP_TEMP_NB,SEX_T,OCU_ISCO88_8,2001,2563.099,,NB,PS,3,LFS - Enquête sur l'emploi,Repository: ILO-STATISTICS - Micro data processing,,,1,,
ILO:DF_EMP_TEMP_SEX_OCU_NB(1.0),FRA,A,EMP_TEMP_NB,SEX_T,OCU_ISCO88_9,2001,1907.695,,NB,PS,3,LFS - Enquête sur l'emploi,Repository: ILO-STATISTICS - Micro data processing,,,1,,
ILO:DF_EMP_TEMP_SEX_OCU_NB(1.0),FRA,A,EMP_TEMP_NB,SEX_T,OCU_ISCO88_0,2001,309.27,,NB,PS,3,LFS - Enquête sur l'emploi,Repository: ILO-STATISTICS - Micro data processing,,,1,,
ILO:DF_EMP_TEMP_SEX_OCU_NB(1.0),FRA,A,EMP_TEMP_NB,SEX_T,OCU_ISCO88_X,2001,40.785,,NB,PS,3,LFS - Enquête sur l'emploi,Repository: ILO-STATISTICS - Micro data processing,,,1,,
ILO:DF_EMP_TEMP_SEX_OCU_NB(1.0),FRA,A,EMP_TEMP_NB,SEX_T,OCU_SKILL_TOTAL,2002,23884.591,,NB,PS,3,LFS - Enquête sur l'emploi,Repository: ILO-STATISTICS - Micro data processing,,,1,,
ILO:DF_EMP_TEMP_SEX_OCU_NB(1.0),FRA,A,EMP_TEMP_NB,SEX_T,OCU_SKILL_L3-4,2002,8714.424,,NB,PS,3,LFS - Enquête sur l'emploi,Repository: ILO-STATISTICS - Micro data processing,,,1,,
ILO:DF_EMP_TEMP_SEX_OCU_NB(1.0),FRA,A,EMP_TEMP_NB,SEX_T,OCU_SKILL_L2,2002,12983.272,,NB,PS,3,LFS - Enquête sur l'emploi,Repository: ILO-STATISTICS - Micro data processing,,,1,,
ILO:DF_EMP_TEMP_SEX_OCU_NB(1.0),FRA,A,EMP_TEMP_NB,SEX_T,OCU_SKILL_L1,2002,1853.533,,NB,PS,3,LFS - Enquête sur l'emploi,Repository: ILO-STATISTICS - Micro data processing,,,1,,
ILO:DF_EMP_TEMP_SEX_OCU_NB(1.0),FRA,A,EMP_TEMP_NB,SEX_T,OCU_SKILL_X,2002,333.362,,NB,PS,3,LFS - Enquête sur l'emploi,Repository: ILO-STATISTICS - Micro data processing,,,1,,
ILO:DF_EMP_TEMP_SEX_OCU_NB(1.0),FRA,A,EMP_TEMP_NB,SEX_T,OCU_ISCO88_TOTAL,2002,23884.591,,NB,PS,3,LFS - Enquête sur l'emploi,Repository: ILO-STATISTICS - Micro data processing,,,1,,
ILO:DF_EMP_TEMP_SEX_OCU_NB(1.0),FRA,A,EMP_TEMP_NB,SEX_T,OCU_ISCO88_1,2002,1800.032,,NB,PS,3,LFS - Enquête sur l'emploi,Repository: ILO-STATISTICS - Micro data processing,,,1,,
ILO:DF_EMP_TEMP_SEX_OCU_NB(1.0),FRA,A,EMP_TEMP_NB,SEX_T,OCU_ISCO88_2,2002,2658.355,,NB,PS,3,LFS - Enquête sur l'emploi,Repository: ILO-STATISTICS - Micro data processing,,,1,,
ILO:DF_EMP_TEMP_SEX_OCU_NB(1.0),FRA,A,EMP_TEMP_NB,SEX_T,OCU_ISCO88_3,2002,4256.037,,NB,PS,3,LFS - Enquête sur l'emploi,Repository: ILO-STATISTICS - Micro data processing,,,1,,
ILO:DF_EMP_TEMP_SEX_OCU_NB(1.0),FRA,A,EMP_TEMP_NB,SEX_T,OCU_ISCO88_4,2002,3382.565,,NB,PS,3,LFS - Enquête sur l'emploi,Repository: ILO-STATISTICS - Micro data processing,,,1,,
ILO:DF_EMP_TEMP_SEX_OCU_NB(1.0),FRA,A,EMP_TEMP_NB,SEX_T,OCU_ISCO88_5,2002,3022.118,,NB,PS,3,LFS - Enquête sur l'emploi,Repository: ILO-STATISTICS - Micro data processing,,,1,,
ILO:DF_EMP_TEMP_SEX_OCU_NB(1.0),FRA,A,EMP_TEMP_NB,SEX_T,OCU_ISCO88_6,2002,984.782,,NB,PS,3,LFS - Enquête sur l'emploi,Repository: ILO-STATISTICS - Micro data processing,,,1,,
ILO:DF_EMP_TEMP_SEX_OCU_NB(1.0),FRA,A,EMP_TEMP_NB,SEX_T,OCU_ISCO88_7,2002,3101.065,,NB,PS,3,LFS - Enquête sur l'emploi,Repository: ILO-STATISTICS - Micro data processing,,,1,,
ILO:DF_EMP_TEMP_SEX_OCU_NB(1.0),FRA,A,EMP_TEMP_NB,SEX_T,OCU_ISCO88_8,2002,2492.742,,NB,PS,3,LFS - Enquête sur l'emploi,Repository: ILO-STATISTICS - Micro data processing,,,1,,
ILO:DF_EMP_TEMP_SEX_OCU_NB(1.0),FRA,A,EMP_TEMP_NB,SEX_T,OCU_ISCO88_9,2002,1853.533,,NB,PS,3,LFS - Enquête sur l'emploi,Repository: ILO-STATISTICS - Micro data processing,,,1,,
ILO:DF_EMP_TEMP_SEX_OCU_NB(1.0),FRA,A,EMP_TEMP_NB,SEX_T,OCU_ISCO88_0,2002,295.239,,NB,PS,3,LFS - Enquête sur l'emploi,Repository: ILO-STATISTICS - Micro data processing,,,1,,
ILO:DF_EMP_TEMP_SEX_OCU_NB(1.0),FRA,A,EMP_TEMP_NB,SEX_T,OCU_ISCO88_X,2002,38.123,,NB,PS,3,LFS - Enquête sur l'emploi,Repository: ILO-STATISTICS - Micro data processing,,,1,,
ILO:DF_EMP_TEMP_SEX_OCU_NB(1.0),FRA,A,EMP_TEMP_NB,SEX_T,OCU_SKILL_TOTAL,2003,24611.868,,NB,PS,3,LFS - Enquête sur l'emploi,Repository: ILO-STATISTICS - Micro data processing,,,1,,
ILO:DF_EMP_TEMP_SEX_OCU_NB(1.0),FRA,A,EMP_TEMP_NB,SEX_T,OCU_SKILL_L3-4,2003,9407.165,,NB,PS,3,LFS - Enquête sur l'emploi,Repository: ILO-STATISTICS - Micro data processing,,,1,,
ILO:DF_EMP_TEMP_SEX_OCU_NB(1.0),FRA,A,EMP_TEMP_NB,SEX_T,OCU_SKILL_L2,2003,12635.689,,NB,PS,3,LFS - Enquête sur l'emploi,Repository: ILO-STATISTICS - Micro data processing,,,1,,
ILO:DF_EMP_TEMP_SEX_OCU_NB(1.0),FRA,A,EMP_TEMP_NB,SEX_T,OCU_SKILL_L1,2003,2230.295,,NB,PS,3,LFS - Enquête sur l'emploi,Repository: ILO-STATISTICS - Micro data processing,,,1,,
ILO:DF_EMP_TEMP_SEX_OCU_NB(1.0),FRA,A,EMP_TEMP_NB,SEX_T,OCU_SKILL_X,2003,338.719,,NB,PS,3,LFS - Enquête sur l'emploi,Repository: ILO-STATISTICS - Micro data processing,,,1,,
ILO:DF_EMP_TEMP_SEX_OCU_NB(1.0),FRA,A,EMP_TEMP_NB,SEX_T,OCU_ISCO88_TOTAL,2003,24611.868,,NB,PS,3,LFS - Enquête sur l'emploi,Repository: ILO-STATISTICS - Micro data processing,,,1,,
ILO:DF_EMP_TEMP_SEX_OCU_NB(1.0),FRA,A,EMP_TEMP_NB,SEX_T,OCU_ISCO88_1,2003,1921.463,,NB,PS,3,LFS - Enquête sur l'emploi,Repository: ILO-STATISTICS - Micro data processing,,,1,,
ILO:DF_EMP_TEMP_SEX_OCU_NB(1.0),FRA,A,EMP_TEMP_NB,SEX_T,OCU_ISCO88_2,2003,3250.268,,NB,PS,3,LFS - Enquête sur l'emploi,Repository: ILO-STATISTICS - Micro data processing,,,1,,
ILO:DF_EMP_TEMP_SEX_OCU_NB(1.0),FRA,A,EMP_TEMP_NB,SEX_T,OCU_ISCO88_3,2003,4235.434,,NB,PS,3,LFS - Enquête sur l'emploi,Repository: ILO-STATISTICS - Micro data processing,,,1,,
ILO:DF_EMP_TEMP_SEX_OCU_NB(1.0),FRA,A,EMP_TEMP_NB,SEX_T,OCU_ISCO88_4,2003,3253.065,,NB,PS,3,LFS - Enquête sur l'emploi,Repository: ILO-STATISTICS - Micro data processing,,,1,,
ILO:DF_EMP_TEMP_SEX_OCU_NB(1.0),FRA,A,EMP_TEMP_NB,SEX_T,OCU_ISCO88_5,2003,2985.522,,NB,PS,3,LFS - Enquête sur l'emploi,Repository: ILO-STATISTICS - Micro data processing,,,1,,
ILO:DF_EMP_TEMP_SEX_OCU_NB(1.0),FRA,A,EMP_TEMP_NB,SEX_T,OCU_ISCO88_6,2003,1088.604,,NB,PS,3,LFS - Enquête sur l'emploi,Repository: ILO-STATISTICS - Micro data processing,,,1,,
ILO:DF_EMP_TEMP_SEX_OCU_NB(1.0),FRA,A,EMP_TEMP_NB,SEX_T,OCU_ISCO88_7,2003,2966.602,,NB,PS,3,LFS - Enquête sur l'emploi,Repository: ILO-STATISTICS - Micro data processing,,,1,,
ILO:DF_EMP_TEMP_SEX_OCU_NB(1.0),FRA,A,EMP_TEMP_NB,SEX_T,OCU_ISCO88_8,2003,2341.896,,NB,PS,3,LFS - Enquête sur l'emploi,Repository: ILO-STATISTICS - Micro data processing,,,1,,
ILO:DF_EMP_TEMP_SEX_OCU_NB(1.0),FRA,A,EMP_TEMP_NB,SEX_T,OCU_ISCO88_9,2003,2230.295,,NB,PS,3,LFS - Enquête sur l'emploi,Repository: ILO-STATISTICS - Micro data processing,,,1,,
ILO:DF_EMP_TEMP_SEX_OCU_NB(1.0),FRA,A,EMP_TEMP_NB,SEX_T,OCU_ISCO88_0,2003,265.665,,NB,PS,3,LFS - Enquête sur l'emploi,Repository: ILO-STATISTICS - Micro data processing,,,1,,
ILO:DF_EMP_TEMP_SEX_OCU_NB(1.0),FRA,A,EMP_TEMP_NB,SEX_T,OCU_ISCO88_X,2003,73.054,,NB,PS,3,LFS - Enquête sur l'emploi,Repository: ILO-STATISTICS - Micro data processing,,,1,,
ILO:DF_EMP_TEMP_SEX_OCU_NB(1.0),FRA,A,EMP_TEMP_NB,SEX_T,OCU_SKILL_TOTAL,2004,24573.479,,NB,PS,3,LFS - Enquête sur l'emploi,Repository: ILO-STATISTICS - Micro data processing,,,1,,
ILO:DF_EMP_TEMP_SEX_OCU_NB(1.0),FRA,A,EMP_TEMP_NB,SEX_T,OCU_SKILL_L3-4,2004,9428.391,,NB,PS,3,LFS - Enquête sur l'emploi,Repository: ILO-STATISTICS - Micro data processing,,,1,,
ILO:DF_EMP_TEMP_SEX_OCU_NB(1.0),FRA,A,EMP_TEMP_NB,SEX_T,OCU_SKILL_L2,2004,12503.705,,NB,PS,3,LFS - Enquête sur l'emploi,Repository: ILO-STATISTICS - Micro data processing,,,1,,
ILO:DF_EMP_TEMP_SEX_OCU_NB(1.0),FRA,A,EMP_TEMP_NB,SEX_T,OCU_SKILL_L1,2004,2292.883,,NB,PS,3,LFS - Enquête sur l'emploi,Repository: ILO-STATISTICS - Micro data processing,,,1,,
ILO:DF_EMP_TEMP_SEX_OCU_NB(1.0),FRA,A,EMP_TEMP_NB,SEX_T,OCU_SKILL_X,2004,348.5,,NB,PS,3,LFS - Enquête sur l'emploi,Repository: ILO-STATISTICS - Micro data processing,,,1,,
ILO:DF_EMP_TEMP_SEX_OCU_NB(1.0),FRA,A,EMP_TEMP_NB,SEX_T,OCU_ISCO88_TOTAL,2004,24573.479,,NB,PS,3,LFS - Enquête sur l'emploi,Repository: ILO-STATISTICS - Micro data processing,,,1,,
ILO:DF_EMP_TEMP_SEX_OCU_NB(1.0),FRA,A,EMP_TEMP_NB,SEX_T,OCU_ISCO88_1,2004,1951.696,,NB,PS,3,LFS - Enquête sur l'emploi,Repository: ILO-STATISTICS - Micro data processing,,,1,,
ILO:DF_EMP_TEMP_SEX_OCU_NB(1.0),FRA,A,EMP_TEMP_NB,SEX_T,OCU_ISCO88_2,2004,3208.866,,NB,PS,3,LFS - Enquête sur l'emploi,Repository: ILO-STATISTICS - Micro data processing,,,1,,
ILO:DF_EMP_TEMP_SEX_OCU_NB(1.0),FRA,A,EMP_TEMP_NB,SEX_T,OCU_ISCO88_3,2004,4267.829,,NB,PS,3,LFS - Enquête sur l'emploi,Repository: ILO-STATISTICS - Micro data processing,,,1,,
ILO:DF_EMP_TEMP_SEX_OCU_NB(1.0),FRA,A,EMP_TEMP_NB,SEX_T,OCU_ISCO88_4,2004,3191.639,,NB,PS,3,LFS - Enquête sur l'emploi,Repository: ILO-STATISTICS - Micro data processing,,,1,,
ILO:DF_EMP_TEMP_SEX_OCU_NB(1.0),FRA,A,EMP_TEMP_NB,SEX_T,OCU_ISCO88_5,2004,2987.613,,NB,PS,3,LFS - Enquête sur l'emploi,Repository: ILO-STATISTICS - Micro data processing,,,1,,
ILO:DF_EMP_TEMP_SEX_OCU_NB(1.0),FRA,A,EMP_TEMP_NB,SEX_T,OCU_ISCO88_6,2004,1005.135,,NB,PS,3,LFS - Enquête sur l'emploi,Repository: ILO-STATISTICS - Micro data processing,,,1,,
ILO:DF_EMP_TEMP_SEX_OCU_NB(1.0),FRA,A,EMP_TEMP_NB,SEX_T,OCU_ISCO88_7,2004,3019.675,,NB,PS,3,LFS - Enquête sur l'emploi,Repository: ILO-STATISTICS - Micro data processing,,,1,,
ILO:DF_EMP_TEMP_SEX_OCU_NB(1.0),FRA,A,EMP_TEMP_NB,SEX_T,OCU_ISCO88_8,2004,2299.643,,NB,PS,3,LFS - Enquête sur l'emploi,Repository: ILO-STATISTICS - Micro data processing,,,1,,
ILO:DF_EMP_TEMP_SEX_OCU_NB(1.0),FRA,A,EMP_TEMP_NB,SEX_T,OCU_ISCO88_9,2004,2292.883,,NB,PS,3,LFS - Enquête sur l'emploi,Repository: ILO-STATISTICS - Micro data processing,,,1,,
ILO:DF_EMP_TEMP_SEX_OCU_NB(1.0),FRA,A,EMP_TEMP_NB,SEX_T,OCU_ISCO88_0,2004,308.396,,NB,PS,3,LFS - Enquête sur l'emploi,Repository: ILO-STATISTICS - Micro data processing,,,1,,
ILO:DF_EMP_TEMP_SEX_OCU_NB(1.0),FRA,A,EMP_TEMP_NB,SEX_T,OCU_ISCO88_X,2004,40.104,,NB,PS,3,LFS - Enquête sur l'emploi,Repository: ILO-STATISTICS - Micro data processing,,,1,,
ILO:DF_EMP_TEMP_SEX_OCU_NB(1.0),FRA,A,EMP_TEMP_NB,SEX_T,OCU_SKILL_TOTAL,2005,24945.441,B,NB,PS,3,LFS - Enquête sur l'emploi,Repository: ILO-STATISTICS - Micro data processing,Break in series: Methodology revised,,1,,
ILO:DF_EMP_TEMP_SEX_OCU_NB(1.0),FRA,A,EMP_TEMP_NB,SEX_T,OCU_SKILL_L3-4,2005,9756.846,B,NB,PS,3,LFS - Enquête sur l'emploi,Repository: ILO-STATISTICS - Micro data processing,Break in series: Methodology revised,,1,,
ILO:DF_EMP_TEMP_SEX_OCU_NB(1.0),FRA,A,EMP_TEMP_NB,SEX_T,OCU_SKILL_L2,2005,12463.45,B,NB,PS,3,LFS - Enquête sur l'emploi,Repository: ILO-STATISTICS - Micro data processing,Break in series: Methodology revised,,1,,
ILO:DF_EMP_TEMP_SEX_OCU_NB(1.0),FRA,A,EMP_TEMP_NB,SEX_T,OCU_SKILL_L1,2005,2352.212,B,NB,PS,3,LFS - Enquête sur l'emploi,Repository: ILO-STATISTICS - Micro data processing,Break in series: Methodology revised,,1,,
ILO:DF_EMP_TEMP_SEX_OCU_NB(1.0),FRA,A,EMP_TEMP_NB,SEX_T,OCU_SKILL_X,2005,372.934,B,NB,PS,3,LFS - Enquête sur l'emploi,Repository: ILO-STATISTICS - Micro data processing,Break in series: Methodology revised,,1,,
ILO:DF_EMP_TEMP_SEX_OCU_NB(1.0),FRA,A,EMP_TEMP_NB,SEX_T,OCU_ISCO88_TOTAL,2005,24945.441,B,NB,PS,3,LFS - Enquête sur l'emploi,Repository: ILO-STATISTICS - Micro data processing,Break in series: Methodology revised,,1,,
ILO:DF_EMP_TEMP_SEX_OCU_NB(1.0),FRA,A,EMP_TEMP_NB,SEX_T,OCU_ISCO88_1,2005,2012.524,B,NB,PS,3,LFS - Enquête sur l'emploi,Repository: ILO-STATISTICS - Micro data processing,Break in series: Methodology revised,,1,,
ILO:DF_EMP_TEMP_SEX_OCU_NB(1.0),FRA,A,EMP_TEMP_NB,SEX_T,OCU_ISCO88_2,2005,3337.722,B,NB,PS,3,LFS - Enquête sur l'emploi,Repository: ILO-STATISTICS - Micro data processing,Break in series: Methodology revised,,1,,
ILO:DF_EMP_TEMP_SEX_OCU_NB(1.0),FRA,A,EMP_TEMP_NB,SEX_T,OCU_ISCO88_3,2005,4406.6,B,NB,PS,3,LFS - Enquête sur l'emploi,Repository: ILO-STATISTICS - Micro data processing,Break in series: Methodology revised,,1,,
ILO:DF_EMP_TEMP_SEX_OCU_NB(1.0),FRA,A,EMP_TEMP_NB,SEX_T,OCU_ISCO88_4,2005,3085.959,B,NB,PS,3,LFS - Enquête sur l'emploi,Repository: ILO-STATISTICS - Micro data processing,Break in series: Methodology revised,,1,,
ILO:DF_EMP_TEMP_SEX_OCU_NB(1.0),FRA,A,EMP_TEMP_NB,SEX_T,OCU_ISCO88_5,2005,3137.349,B,NB,PS,3,LFS - Enquête sur l'emploi,Repository: ILO-STATISTICS - Micro data processing,Break in series: Methodology revised,,1,,
ILO:DF_EMP_TEMP_SEX_OCU_NB(1.0),FRA,A,EMP_TEMP_NB,SEX_T,OCU_ISCO88_6,2005,981.47,B,NB,PS,3,LFS - Enquête sur l'emploi,Repository: ILO-STATISTICS - Micro data processing,Break in series: Methodology revised,,1,,
ILO:DF_EMP_TEMP_SEX_OCU_NB(1.0),FRA,A,EMP_TEMP_NB,SEX_T,OCU_ISCO88_7,2005,2956.253,B,NB,PS,3,LFS - Enquête sur l'emploi,Repository: ILO-STATISTICS - Micro data processing,Break in series: Methodology revised,,1,,
ILO:DF_EMP_TEMP_SEX_OCU_NB(1.0),FRA,A,EMP_TEMP_NB,SEX_T,OCU_ISCO88_8,2005,2302.42,B,NB,PS,3,LFS - Enquête sur l'emploi,Repository: ILO-STATISTICS - Micro data processing,Break in series: Methodology revised,,1,,
ILO:DF_EMP_TEMP_SEX_OCU_NB(1.0),FRA,A,EMP_TEMP_NB,SEX_T,OCU_ISCO88_9,2005,2352.212,B,NB,PS,3,LFS - Enquête sur l'emploi,Repository: ILO-STATISTICS - Micro data processing,Break in series: Methodology revised,,1,,
ILO:DF_EMP_TEMP_SEX_OCU_NB(1.0),FRA,A,EMP_TEMP_NB,SEX_T,OCU_ISCO88_0,2005,325.325,B,NB,PS,3,LFS - Enquête sur l'emploi,Repository: ILO-STATISTICS - Micro data processing,Break in series: Methodology revised,,1,,
ILO:DF_EMP_TEMP_SEX_OCU_NB(1.0),FRA,A,EMP_TEMP_NB,SEX_T,OCU_ISCO88_X,2005,47.609,B,NB,PS,3,LFS - Enquête sur l'emploi,Repository: ILO-STATISTICS - Micro data processing,Break in series: Methodology revised,,1,,
ILO:DF_EMP_TEMP_SEX_OCU_NB(1.0),FRA,A,EMP_TEMP_NB,SEX_T,OCU_SKILL_TOTAL,2006,25111.15,,NB,PS,3,LFS - Enquête sur l'emploi,Repository: ILO-STATISTICS - Micro data processing,,,1,,
ILO:DF_EMP_TEMP_SEX_OCU_NB(1.0),FRA,A,EMP_TEMP_NB,SEX_T,OCU_SKILL_L3-4,2006,9911.421,,NB,PS,3,LFS - Enquête sur l'emploi,Repository: ILO-STATISTICS - Micro data processing,,,1,,
ILO:DF_EMP_TEMP_SEX_OCU_NB(1.0),FRA,A,EMP_TEMP_NB,SEX_T,OCU_SKILL_L2,2006,12470.199,,NB,PS,3,LFS - Enquête sur l'emploi,Repository: ILO-STATISTICS - Micro data processing,,,1,,
ILO:DF_EMP_TEMP_SEX_OCU_NB(1.0),FRA,A,EMP_TEMP_NB,SEX_T,OCU_SKILL_L1,2006,2382.97,,NB,PS,3,LFS - Enquête sur l'emploi,Repository: ILO-STATISTICS - Micro data processing,,,1,,
ILO:DF_EMP_TEMP_SEX_OCU_NB(1.0),FRA,A,EMP_TEMP_NB,SEX_T,OCU_SKILL_X,2006,346.56,,NB,PS,3,LFS - Enquête sur l'emploi,Repository: ILO-STATISTICS - Micro data processing,,,1,,
ILO:DF_EMP_TEMP_SEX_OCU_NB(1.0),FRA,A,EMP_TEMP_NB,SEX_T,OCU_ISCO88_TOTAL,2006,25111.15,,NB,PS,3,LFS - Enquête sur l'emploi,Repository: ILO-STATISTICS - Micro data processing,,,1,,
ILO:DF_EMP_TEMP_SEX_OCU_NB(1.0),FRA,A,EMP_TEMP_NB,SEX_T,OCU_ISCO88_1,2006,2061.947,,NB,PS,3,LFS - Enquête sur l'emploi,Repository: ILO-STATISTICS - Micro data processing,,,1,,
ILO:DF_EMP_TEMP_SEX_OCU_NB(1.0),FRA,A,EMP_TEMP_NB,SEX_T,OCU_ISCO88_2,2006,3400.922,,NB,PS,3,LFS - Enquête sur l'emploi,Repository: ILO-STATISTICS - Micro data processing,,,1,,
ILO:DF_EMP_TEMP_SEX_OCU_NB(1.0),FRA,A,EMP_TEMP_NB,SEX_T,OCU_ISCO88_3,2006,4448.552,,NB,PS,3,LFS - Enquête sur l'emploi,Repository: ILO-STATISTICS - Micro data processing,,,1,,
ILO:DF_EMP_TEMP_SEX_OCU_NB(1.0),FRA,A,EMP_TEMP_NB,SEX_T,OCU_ISCO88_4,2006,3026.326,,NB,PS,3,LFS - Enquête sur l'emploi,Repository: ILO-STATISTICS - Micro data processing,,,1,,
ILO:DF_EMP_TEMP_SEX_OCU_NB(1.0),FRA,A,EMP_TEMP_NB,SEX_T,OCU_ISCO88_5,2006,3199.598,,NB,PS,3,LFS - Enquête sur l'emploi,Repository: ILO-STATISTICS - Micro data processing,,,1,,
ILO:DF_EMP_TEMP_SEX_OCU_NB(1.0),FRA,A,EMP_TEMP_NB,SEX_T,OCU_ISCO88_6,2006,987.661,,NB,PS,3,LFS - Enquête sur l'emploi,Repository: ILO-STATISTICS - Micro data processing,,,1,,
ILO:DF_EMP_TEMP_SEX_OCU_NB(1.0),FRA,A,EMP_TEMP_NB,SEX_T,OCU_ISCO88_7,2006,2993.465,,NB,PS,3,LFS - Enquête sur l'emploi,Repository: ILO-STATISTICS - Micro data processing,,,1,,
ILO:DF_EMP_TEMP_SEX_OCU_NB(1.0),FRA,A,EMP_TEMP_NB,SEX_T,OCU_ISCO88_8,2006,2263.15,,NB,PS,3,LFS - Enquête sur l'emploi,Repository: ILO-STATISTICS - Micro data processing,,,1,,
ILO:DF_EMP_TEMP_SEX_OCU_NB(1.0),FRA,A,EMP_TEMP_NB,SEX_T,OCU_ISCO88_9,2006,2382.97,,NB,PS,3,LFS - Enquête sur l'emploi,Repository: ILO-STATISTICS - Micro data processing,,,1,,
ILO:DF_EMP_TEMP_SEX_OCU_NB(1.0),FRA,A,EMP_TEMP_NB,SEX_T,OCU_ISCO88_0,2006,302.11,,NB,PS,3,LFS - Enquête sur l'emploi,Repository: ILO-STATISTICS - Micro data processing,,,1,,
ILO:DF_EMP_TEMP_SEX_OCU_NB(1.0),FRA,A,EMP_TEMP_NB,SEX_T,OCU_ISCO88_X,2006,44.45,,NB,PS,3,LFS - Enquête sur l'emploi,Repository: ILO-STATISTICS - Micro data processing,,,1,,
ILO:DF_EMP_TEMP_SEX_OCU_NB(1.0),FRA,A,EMP_TEMP_NB,SEX_T,OCU_SKILL_TOTAL,2007,25547.089,,NB,PS,3,LFS - Enquête sur l'emploi,Repository: ILO-STATISTICS - Micro data processing,,,1,,
ILO:DF_EMP_TEMP_SEX_OCU_NB(1.0),FRA,A,EMP_TEMP_NB,SEX_T,OCU_SKILL_L3-4,2007,10151.421,,NB,PS,3,LFS - Enquête sur l'emploi,Repository: ILO-STATISTICS - Micro data processing,,,1,,
ILO:DF_EMP_TEMP_SEX_OCU_NB(1.0),FRA,A,EMP_TEMP_NB,SEX_T,OCU_SKILL_L2,2007,12585.807,,NB,PS,3,LFS - Enquête sur l'emploi,Repository: ILO-STATISTICS - Micro data processing,,,1,,
ILO:DF_EMP_TEMP_SEX_OCU_NB(1.0),FRA,A,EMP_TEMP_NB,SEX_T,OCU_SKILL_L1,2007,2443.867,,NB,PS,3,LFS - Enquête sur l'emploi,Repository: ILO-STATISTICS - Micro data processing,,,1,,
ILO:DF_EMP_TEMP_SEX_OCU_NB(1.0),FRA,A,EMP_TEMP_NB,SEX_T,OCU_SKILL_X,2007,365.994,,NB,PS,3,LFS - Enquête sur l'emploi,Repository: ILO-STATISTICS - Micro data processing,,,1,,
ILO:DF_EMP_TEMP_SEX_OCU_NB(1.0),FRA,A,EMP_TEMP_NB,SEX_T,OCU_ISCO88_TOTAL,2007,25547.089,,NB,PS,3,LFS - Enquête sur l'emploi,Repository: ILO-STATISTICS - Micro data processing,,,1,,
ILO:DF_EMP_TEMP_SEX_OCU_NB(1.0),FRA,A,EMP_TEMP_NB,SEX_T,OCU_ISCO88_1,2007,2159.039,,NB,PS,3,LFS - Enquête sur l'emploi,Repository: ILO-STATISTICS - Micro data processing,,,1,,
ILO:DF_EMP_TEMP_SEX_OCU_NB(1.0),FRA,A,EMP_TEMP_NB,SEX_T,OCU_ISCO88_2,2007,3421.452,,NB,PS,3,LFS - Enquête sur l'emploi,Repository: ILO-STATISTICS - Micro data processing,,,1,,
ILO:DF_EMP_TEMP_SEX_OCU_NB(1.0),FRA,A,EMP_TEMP_NB,SEX_T,OCU_ISCO88_3,2007,4570.929,,NB,PS,3,LFS - Enquête sur l'emploi,Repository: ILO-STATISTICS - Micro data processing,,,1,,
ILO:DF_EMP_TEMP_SEX_OCU_NB(1.0),FRA,A,EMP_TEMP_NB,SEX_T,OCU_ISCO88_4,2007,3090.383,,NB,PS,3,LFS - Enquête sur l'emploi,Repository: ILO-STATISTICS - Micro data processing,,,1,,
ILO:DF_EMP_TEMP_SEX_OCU_NB(1.0),FRA,A,EMP_TEMP_NB,SEX_T,OCU_ISCO88_5,2007,3255.156,,NB,PS,3,LFS - Enquête sur l'emploi,Repository: ILO-STATISTICS - Micro data processing,,,1,,
ILO:DF_EMP_TEMP_SEX_OCU_NB(1.0),FRA,A,EMP_TEMP_NB,SEX_T,OCU_ISCO88_6,2007,940.865,,NB,PS,3,LFS - Enquête sur l'emploi,Repository: ILO-STATISTICS - Micro data processing,,,1,,
ILO:DF_EMP_TEMP_SEX_OCU_NB(1.0),FRA,A,EMP_TEMP_NB,SEX_T,OCU_ISCO88_7,2007,2980.438,,NB,PS,3,LFS - Enquête sur l'emploi,Repository: ILO-STATISTICS - Micro data processing,,,1,,
ILO:DF_EMP_TEMP_SEX_OCU_NB(1.0),FRA,A,EMP_TEMP_NB,SEX_T,OCU_ISCO88_8,2007,2318.965,,NB,PS,3,LFS - Enquête sur l'emploi,Repository: ILO-STATISTICS - Micro data processing,,,1,,
ILO:DF_EMP_TEMP_SEX_OCU_NB(1.0),FRA,A,EMP_TEMP_NB,SEX_T,OCU_ISCO88_9,2007,2443.867,,NB,PS,3,LFS - Enquête sur l'emploi,Repository: ILO-STATISTICS - Micro data processing,,,1,,
ILO:DF_EMP_TEMP_SEX_OCU_NB(1.0),FRA,A,EMP_TEMP_NB,SEX_T,OCU_ISCO88_0,2007,320.898,,NB,PS,3,LFS - Enquête sur l'emploi,Repository: ILO-STATISTICS - Micro data processing,,,1,,
ILO:DF_EMP_TEMP_SEX_OCU_NB(1.0),FRA,A,EMP_TEMP_NB,SEX_T,OCU_ISCO88_X,2007,45.096,,NB,PS,3,LFS - Enquête sur l'emploi,Repository: ILO-STATISTICS - Micro data processing,,,1,,
ILO:DF_EMP_TEMP_SEX_OCU_NB(1.0),FRA,A,EMP_TEMP_NB,SEX_T,OCU_SKILL_TOTAL,2008,25885.848,,NB,PS,3,LFS - Enquête sur l'emploi,Repository: ILO-STATISTICS - Micro data processing,,,1,,
ILO:DF_EMP_TEMP_SEX_OCU_NB(1.0),FRA,A,EMP_TEMP_NB,SEX_T,OCU_SKILL_L3-4,2008,10561.117,,NB,PS,3,LFS - Enquête sur l'emploi,Repository: ILO-STATISTICS - Micro data processing,,,1,,
ILO:DF_EMP_TEMP_SEX_OCU_NB(1.0),FRA,A,EMP_TEMP_NB,SEX_T,OCU_SKILL_L2,2008,12499.641,,NB,PS,3,LFS - Enquête sur l'emploi,Repository: ILO-STATISTICS - Micro data processing,,,1,,
ILO:DF_EMP_TEMP_SEX_OCU_NB(1.0),FRA,A,EMP_TEMP_NB,SEX_T,OCU_SKILL_L1,2008,2486.894,,NB,PS,3,LFS - Enquête sur l'emploi,Repository: ILO-STATISTICS - Micro data processing,,,1,,
ILO:DF_EMP_TEMP_SEX_OCU_NB(1.0),FRA,A,EMP_TEMP_NB,SEX_T,OCU_SKILL_X,2008,338.196,,NB,PS,3,LFS - Enquête sur l'emploi,Repository: ILO-STATISTICS - Micro data processing,,,1,,
ILO:DF_EMP_TEMP_SEX_OCU_NB(1.0),FRA,A,EMP_TEMP_NB,SEX_T,OCU_ISCO88_TOTAL,2008,25885.848,,NB,PS,3,LFS - Enquête sur l'emploi,Repository: ILO-STATISTICS - Micro data processing,,,1,,
ILO:DF_EMP_TEMP_SEX_OCU_NB(1.0),FRA,A,EMP_TEMP_NB,SEX_T,OCU_ISCO88_1,2008,2167.113,,NB,PS,3,LFS - Enquête sur l'emploi,Repository: ILO-STATISTICS - Micro data processing,,,1,,
ILO:DF_EMP_TEMP_SEX_OCU_NB(1.0),FRA,A,EMP_TEMP_NB,SEX_T,OCU_ISCO88_2,2008,3550.741,,NB,PS,3,LFS - Enquête sur l'emploi,Repository: ILO-STATISTICS - Micro data processing,,,1,,
ILO:DF_EMP_TEMP_SEX_OCU_NB(1.0),FRA,A,EMP_TEMP_NB,SEX_T,OCU_ISCO88_3,2008,4843.263,,NB,PS,3,LFS - Enquête sur l'emploi,Repository: ILO-STATISTICS - Micro data processing,,,1,,
ILO:DF_EMP_TEMP_SEX_OCU_NB(1.0),FRA,A,EMP_TEMP_NB,SEX_T,OCU_ISCO88_4,2008,3132.753,,NB,PS,3,LFS - Enquête sur l'emploi,Repository: ILO-STATISTICS - Micro data processing,,,1,,
ILO:DF_EMP_TEMP_SEX_OCU_NB(1.0),FRA,A,EMP_TEMP_NB,SEX_T,OCU_ISCO88_5,2008,3222.11,,NB,PS,3,LFS - Enquête sur l'emploi,Repository: ILO-STATISTICS - Micro data processing,,,1,,
ILO:DF_EMP_TEMP_SEX_OCU_NB(1.0),FRA,A,EMP_TEMP_NB,SEX_T,OCU_ISCO88_6,2008,855.273,,NB,PS,3,LFS - Enquête sur l'emploi,Repository: ILO-STATISTICS - Micro data processing,,,1,,
ILO:DF_EMP_TEMP_SEX_OCU_NB(1.0),FRA,A,EMP_TEMP_NB,SEX_T,OCU_ISCO88_7,2008,3021.552,,NB,PS,3,LFS - Enquête sur l'emploi,Repository: ILO-STATISTICS - Micro data processing,,,1,,
ILO:DF_EMP_TEMP_SEX_OCU_NB(1.0),FRA,A,EMP_TEMP_NB,SEX_T,OCU_ISCO88_8,2008,2267.953,,NB,PS,3,LFS - Enquête sur l'emploi,Repository: ILO-STATISTICS - Micro data processing,,,1,,
ILO:DF_EMP_TEMP_SEX_OCU_NB(1.0),FRA,A,EMP_TEMP_NB,SEX_T,OCU_ISCO88_9,2008,2486.894,,NB,PS,3,LFS - Enquête sur l'emploi,Repository: ILO-STATISTICS - Micro data processing,,,1,,
ILO:DF_EMP_TEMP_SEX_OCU_NB(1.0),FRA,A,EMP_TEMP_NB,SEX_T,OCU_ISCO88_0,2008,293.475,,NB,PS,3,LFS - Enquête sur l'emploi,Repository: ILO-STATISTICS - Micro data processing,,,1,,
ILO:DF_EMP_TEMP_SEX_OCU_NB(1.0),FRA,A,EMP_TEMP_NB,SEX_T,OCU_ISCO88_X,2008,44.721,,NB,PS,3,LFS - Enquête sur l'emploi,Repository: ILO-STATISTICS - Micro data processing,,,1,,
ILO:DF_EMP_TEMP_SEX_OCU_NB(1.0),FRA,A,EMP_TEMP_NB,SEX_T,OCU_SKILL_TOTAL,2009,25634.322,,NB,PS,3,LFS - Enquête sur l'emploi,Repository: ILO-STATISTICS - Micro data processing,,,1,,
ILO:DF_EMP_TEMP_SEX_OCU_NB(1.0),FRA,A,EMP_TEMP_NB,SEX_T,OCU_SKILL_L3-4,2009,10589.965,,NB,PS,3,LFS - Enquête sur l'emploi,Repository: ILO-STATISTICS - Micro data processing,,,1,,
ILO:DF_EMP_TEMP_SEX_OCU_NB(1.0),FRA,A,EMP_TEMP_NB,SEX_T,OCU_SKILL_L2,2009,12289.088,,NB,PS,3,LFS - Enquête sur l'emploi,Repository: ILO-STATISTICS - Micro data processing,,,1,,
ILO:DF_EMP_TEMP_SEX_OCU_NB(1.0),FRA,A,EMP_TEMP_NB,SEX_T,OCU_SKILL_L1,2009,2460.317,,NB,PS,3,LFS - Enquête sur l'emploi,Repository: ILO-STATISTICS - Micro data processing,,,1,,
ILO:DF_EMP_TEMP_SEX_OCU_NB(1.0),FRA,A,EMP_TEMP_NB,SEX_T,OCU_SKILL_X,2009,294.952,,NB,PS,3,LFS - Enquête sur l'emploi,Repository: ILO-STATISTICS - Micro data processing,,,1,,
ILO:DF_EMP_TEMP_SEX_OCU_NB(1.0),FRA,A,EMP_TEMP_NB,SEX_T,OCU_ISCO88_TOTAL,2009,25634.322,,NB,PS,3,LFS - Enquête sur l'emploi,Repository: ILO-STATISTICS - Micro data processing,,,1,,
ILO:DF_EMP_TEMP_SEX_OCU_NB(1.0),FRA,A,EMP_TEMP_NB,SEX_T,OCU_ISCO88_1,2009,2170.414,,NB,PS,3,LFS - Enquête sur l'emploi,Repository: ILO-STATISTICS - Micro data processing,,,1,,
ILO:DF_EMP_TEMP_SEX_OCU_NB(1.0),FRA,A,EMP_TEMP_NB,SEX_T,OCU_ISCO88_2,2009,3566.776,,NB,PS,3,LFS - Enquête sur l'emploi,Repository: ILO-STATISTICS - Micro data processing,,,1,,
ILO:DF_EMP_TEMP_SEX_OCU_NB(1.0),FRA,A,EMP_TEMP_NB,SEX_T,OCU_ISCO88_3,2009,4852.776,,NB,PS,3,LFS - Enquête sur l'emploi,Repository: ILO-STATISTICS - Micro data processing,,,1,,
ILO:DF_EMP_TEMP_SEX_OCU_NB(1.0),FRA,A,EMP_TEMP_NB,SEX_T,OCU_ISCO88_4,2009,3056.163,,NB,PS,3,LFS - Enquête sur l'emploi,Repository: ILO-STATISTICS - Micro data processing,,,1,,
ILO:DF_EMP_TEMP_SEX_OCU_NB(1.0),FRA,A,EMP_TEMP_NB,SEX_T,OCU_ISCO88_5,2009,3285.622,,NB,PS,3,LFS - Enquête sur l'emploi,Repository: ILO-STATISTICS - Micro data processing,,,1,,
ILO:DF_EMP_TEMP_SEX_OCU_NB(1.0),FRA,A,EMP_TEMP_NB,SEX_T,OCU_ISCO88_6,2009,908.932,,NB,PS,3,LFS - Enquête sur l'emploi,Repository: ILO-STATISTICS - Micro data processing,,,1,,
ILO:DF_EMP_TEMP_SEX_OCU_NB(1.0),FRA,A,EMP_TEMP_NB,SEX_T,OCU_ISCO88_7,2009,2854.264,,NB,PS,3,LFS - Enquête sur l'emploi,Repository: ILO-STATISTICS - Micro data processing,,,1,,
ILO:DF_EMP_TEMP_SEX_OCU_NB(1.0),FRA,A,EMP_TEMP_NB,SEX_T,OCU_ISCO88_8,2009,2184.107,,NB,PS,3,LFS - Enquête sur l'emploi,Repository: ILO-STATISTICS - Micro data processing,,,1,,
ILO:DF_EMP_TEMP_SEX_OCU_NB(1.0),FRA,A,EMP_TEMP_NB,SEX_T,OCU_ISCO88_9,2009,2460.317,,NB,PS,3,LFS - Enquête sur l'emploi,Repository: ILO-STATISTICS - Micro data processing,,,1,,
ILO:DF_EMP_TEMP_SEX_OCU_NB(1.0),FRA,A,EMP_TEMP_NB,SEX_T,OCU_ISCO88_0,2009,278.552,,NB,PS,3,LFS - Enquête sur l'emploi,Repository: ILO-STATISTICS - Micro data processing,,,1,,
ILO:DF_EMP_TEMP_SEX_OCU_NB(1.0),FRA,A,EMP_TEMP_NB,SEX_T,OCU_ISCO88_X,2009,16.4,,NB,PS,3,LFS - Enquête sur l'emploi,Repository: ILO-STATISTICS - Micro data processing,,,1,,
ILO:DF_EMP_TEMP_SEX_OCU_NB(1.0),FRA,A,EMP_TEMP_NB,SEX_T,OCU_SKILL_TOTAL,2010,25690.754,,NB,PS,3,LFS - Enquête sur l'emploi,Repository: ILO-STATISTICS - Micro data processing,,,1,,
ILO:DF_EMP_TEMP_SEX_OCU_NB(1.0),FRA,A,EMP_TEMP_NB,SEX_T,OCU_SKILL_L3-4,2010,10772.264,,NB,PS,3,LFS - Enquête sur l'emploi,Repository: ILO-STATISTICS - Micro data processing,,,1,,
ILO:DF_EMP_TEMP_SEX_OCU_NB(1.0),FRA,A,EMP_TEMP_NB,SEX_T,OCU_SKILL_L2,2010,12150.802,,NB,PS,3,LFS - Enquête sur l'emploi,Repository: ILO-STATISTICS - Micro data processing,,,1,,
ILO:DF_EMP_TEMP_SEX_OCU_NB(1.0),FRA,A,EMP_TEMP_NB,SEX_T,OCU_SKILL_L1,2010,2471.645,,NB,PS,3,LFS - Enquête sur l'emploi,Repository: ILO-STATISTICS - Micro data processing,,,1,,
ILO:DF_EMP_TEMP_SEX_OCU_NB(1.0),FRA,A,EMP_TEMP_NB,SEX_T,OCU_SKILL_X,2010,296.044,,NB,PS,3,LFS - Enquête sur l'emploi,Repository: ILO-STATISTICS - Micro data processing,,,1,,
ILO:DF_EMP_TEMP_SEX_OCU_NB(1.0),FRA,A,EMP_TEMP_NB,SEX_T,OCU_ISCO88_TOTAL,2010,25690.754,,NB,PS,3,LFS - Enquête sur l'emploi,Repository: ILO-STATISTICS - Micro data processing,,,1,,
ILO:DF_EMP_TEMP_SEX_OCU_NB(1.0),FRA,A,EMP_TEMP_NB,SEX_T,OCU_ISCO88_1,2010,2264.961,,NB,PS,3,LFS - Enquête sur l'emploi,Repository: ILO-STATISTICS - Micro data processing,,,1,,
ILO:DF_EMP_TEMP_SEX_OCU_NB(1.0),FRA,A,EMP_TEMP_NB,SEX_T,OCU_ISCO88_2,2010,3659.628,,NB,PS,3,LFS - Enquête sur l'emploi,Repository: ILO-STATISTICS - Micro data processing,,,1,,
ILO:DF_EMP_TEMP_SEX_OCU_NB(1.0),FRA,A,EMP_TEMP_NB,SEX_T,OCU_ISCO88_3,2010,4847.675,,NB,PS,3,LFS - Enquête sur l'emploi,Repository: ILO-STATISTICS - Micro data processing,,,1,,
ILO:DF_EMP_TEMP_SEX_OCU_NB(1.0),FRA,A,EMP_TEMP_NB,SEX_T,OCU_ISCO88_4,2010,2949.507,,NB,PS,3,LFS - Enquête sur l'emploi,Repository: ILO-STATISTICS - Micro data processing,,,1,,
ILO:DF_EMP_TEMP_SEX_OCU_NB(1.0),FRA,A,EMP_TEMP_NB,SEX_T,OCU_ISCO88_5,2010,3347.398,,NB,PS,3,LFS - Enquête sur l'emploi,Repository: ILO-STATISTICS - Micro data processing,,,1,,
ILO:DF_EMP_TEMP_SEX_OCU_NB(1.0),FRA,A,EMP_TEMP_NB,SEX_T,OCU_ISCO88_6,2010,917.184,,NB,PS,3,LFS - Enquête sur l'emploi,Repository: ILO-STATISTICS - Micro data processing,,,1,,
ILO:DF_EMP_TEMP_SEX_OCU_NB(1.0),FRA,A,EMP_TEMP_NB,SEX_T,OCU_ISCO88_7,2010,2797.647,,NB,PS,3,LFS - Enquête sur l'emploi,Repository: ILO-STATISTICS - Micro data processing,,,1,,
ILO:DF_EMP_TEMP_SEX_OCU_NB(1.0),FRA,A,EMP_TEMP_NB,SEX_T,OCU_ISCO88_8,2010,2139.067,,NB,PS,3,LFS - Enquête sur l'emploi,Repository: ILO-STATISTICS - Micro data processing,,,1,,
ILO:DF_EMP_TEMP_SEX_OCU_NB(1.0),FRA,A,EMP_TEMP_NB,SEX_T,OCU_ISCO88_9,2010,2471.645,,NB,PS,3,LFS - Enquête sur l'emploi,Repository: ILO-STATISTICS - Micro data processing,,,1,,
ILO:DF_EMP_TEMP_SEX_OCU_NB(1.0),FRA,A,EMP_TEMP_NB,SEX_T,OCU_ISCO88_0,2010,278.046,,NB,PS,3,LFS - Enquête sur l'emploi,Repository: ILO-STATISTICS - Micro data processing,,,1,,
ILO:DF_EMP_TEMP_SEX_OCU_NB(1.0),FRA,A,EMP_TEMP_NB,SEX_T,OCU_ISCO88_X,2010,17.998,,NB,PS,3,LFS - Enquête sur l'emploi,Repository: ILO-STATISTICS - Micro data processing,,,1,,
ILO:DF_EMP_TEMP_SEX_OCU_NB(1.0),FRA,A,EMP_TEMP_NB,SEX_T,OCU_SKILL_TOTAL,2011,25719.82,,NB,PS,3,LFS - Enquête sur l'emploi,Repository: ILO-STATISTICS - Micro data processing,,,1,,
ILO:DF_EMP_TEMP_SEX_OCU_NB(1.0),FRA,A,EMP_TEMP_NB,SEX_T,OCU_SKILL_L3-4,2011,11381.851,,NB,PS,3,LFS - Enquête sur l'emploi,Repository: ILO-STATISTICS - Micro data processing,,,1,,
ILO:DF_EMP_TEMP_SEX_OCU_NB(1.0),FRA,A,EMP_TEMP_NB,SEX_T,OCU_SKILL_L2,2011,11514.03,,NB,PS,3,LFS - Enquête sur l'emploi,Repository: ILO-STATISTICS - Micro data processing,,,1,,
ILO:DF_EMP_TEMP_SEX_OCU_NB(1.0),FRA,A,EMP_TEMP_NB,SEX_T,OCU_SKILL_L1,2011,2546.734,,NB,PS,3,LFS - Enquête sur l'emploi,Repository: ILO-STATISTICS - Micro data processing,,,1,,
ILO:DF_EMP_TEMP_SEX_OCU_NB(1.0),FRA,A,EMP_TEMP_NB,SEX_T,OCU_SKILL_X,2011,277.205,,NB,PS,3,LFS - Enquête sur l'emploi,Repository: ILO-STATISTICS - Micro data processing,,,1,,
ILO:DF_EMP_TEMP_SEX_OCU_NB(1.0),FRA,A,EMP_TEMP_NB,SEX_T,OCU_ISCO08_TOTAL,2011,25719.82,,NB,PS,3,LFS - Enquête sur l'emploi,Repository: ILO-STATISTICS - Micro data processing,,,1,,
ILO:DF_EMP_TEMP_SEX_OCU_NB(1.0),FRA,A,EMP_TEMP_NB,SEX_T,OCU_ISCO08_1,2011,1916.452,,NB,PS,3,LFS - Enquête sur l'emploi,Repository: ILO-STATISTICS - Micro data processing,,,1,,
ILO:DF_EMP_TEMP_SEX_OCU_NB(1.0),FRA,A,EMP_TEMP_NB,SEX_T,OCU_ISCO08_2,2011,4289.461,,NB,PS,3,LFS - Enquête sur l'emploi,Repository: ILO-STATISTICS - Micro data processing,,,1,,
ILO:DF_EMP_TEMP_SEX_OCU_NB(1.0),FRA,A,EMP_TEMP_NB,SEX_T,OCU_ISCO08_3,2011,5175.938,,NB,PS,3,LFS - Enquête sur l'emploi,Repository: ILO-STATISTICS - Micro data processing,,,1,,
ILO:DF_EMP_TEMP_SEX_OCU_NB(1.0),FRA,A,EMP_TEMP_NB,SEX_T,OCU_ISCO08_4,2011,2464.782,,NB,PS,3,LFS - Enquête sur l'emploi,Repository: ILO-STATISTICS - Micro data processing,,,1,,
ILO:DF_EMP_TEMP_SEX_OCU_NB(1.0),FRA,A,EMP_TEMP_NB,SEX_T,OCU_ISCO08_5,2011,4369.889,,NB,PS,3,LFS - Enquête sur l'emploi,Repository: ILO-STATISTICS - Micro data processing,,,1,,
ILO:DF_EMP_TEMP_SEX_OCU_NB(1.0),FRA,A,EMP_TEMP_NB,SEX_T,OCU_ISCO08_6,2011,739.542,,NB,PS,3,LFS - Enquête sur l'emploi,Repository: ILO-STATISTICS - Micro data processing,,,1,,
ILO:DF_EMP_TEMP_SEX_OCU_NB(1.0),FRA,A,EMP_TEMP_NB,SEX_T,OCU_ISCO08_7,2011,2160.34,,NB,PS,3,LFS - Enquête sur l'emploi,Repository: ILO-STATISTICS - Micro data processing,,,1,,
ILO:DF_EMP_TEMP_SEX_OCU_NB(1.0),FRA,A,EMP_TEMP_NB,SEX_T,OCU_ISCO08_8,2011,1779.477,,NB,PS,3,LFS - Enquête sur l'emploi,Repository: ILO-STATISTICS - Micro data processing,,,1,,
ILO:DF_EMP_TEMP_SEX_OCU_NB(1.0),FRA,A,EMP_TEMP_NB,SEX_T,OCU_ISCO08_9,2011,2546.734,,NB,PS,3,LFS - Enquête sur l'emploi,Repository: ILO-STATISTICS - Micro data processing,,,1,,
ILO:DF_EMP_TEMP_SEX_OCU_NB(1.0),FRA,A,EMP_TEMP_NB,SEX_T,OCU_ISCO08_0,2011,275.277,,NB,PS,3,LFS - Enquête sur l'emploi,Repository: ILO-STATISTICS - Micro data processing,,,1,,
ILO:DF_EMP_TEMP_SEX_OCU_NB(1.0),FRA,A,EMP_TEMP_NB,SEX_T,OCU_ISCO08_X,2011,1.928,U,NB,PS,3,LFS - Enquête sur l'emploi,Repository: ILO-STATISTICS - Micro data processing,,,1,,
ILO:DF_EMP_TEMP_SEX_OCU_NB(1.0),FRA,A,EMP_TEMP_NB,SEX_T,OCU_SKILL_TOTAL,2012,25774.549,,NB,PS,3,LFS - Enquête sur l'emploi,Repository: ILO-STATISTICS - Micro data processing,,,1,,
ILO:DF_EMP_TEMP_SEX_OCU_NB(1.0),FRA,A,EMP_TEMP_NB,SEX_T,OCU_SKILL_L3-4,2012,11544.009,,NB,PS,3,LFS - Enquête sur l'emploi,Repository: ILO-STATISTICS - Micro data processing,,,1,,
ILO:DF_EMP_TEMP_SEX_OCU_NB(1.0),FRA,A,EMP_TEMP_NB,SEX_T,OCU_SKILL_L2,2012,11474.041,,NB,PS,3,LFS - Enquête sur l'emploi,Repository: ILO-STATISTICS - Micro data processing,,,1,,
ILO:DF_EMP_TEMP_SEX_OCU_NB(1.0),FRA,A,EMP_TEMP_NB,SEX_T,OCU_SKILL_L1,2012,2517.681,,NB,PS,3,LFS - Enquête sur l'emploi,Repository: ILO-STATISTICS - Micro data processing,,,1,,
ILO:DF_EMP_TEMP_SEX_OCU_NB(1.0),FRA,A,EMP_TEMP_NB,SEX_T,OCU_SKILL_X,2012,238.819,,NB,PS,3,LFS - Enquête sur l'emploi,Repository: ILO-STATISTICS - Micro data processing,,,1,,
ILO:DF_EMP_TEMP_SEX_OCU_NB(1.0),FRA,A,EMP_TEMP_NB,SEX_T,OCU_ISCO08_TOTAL,2012,25774.549,,NB,PS,3,LFS - Enquête sur l'emploi,Repository: ILO-STATISTICS - Micro data processing,,,1,,
ILO:DF_EMP_TEMP_SEX_OCU_NB(1.0),FRA,A,EMP_TEMP_NB,SEX_T,OCU_ISCO08_1,2012,1899.328,,NB,PS,3,LFS - Enquête sur l'emploi,Repository: ILO-STATISTICS - Micro data processing,,,1,,
ILO:DF_EMP_TEMP_SEX_OCU_NB(1.0),FRA,A,EMP_TEMP_NB,SEX_T,OCU_ISCO08_2,2012,4450.774,,NB,PS,3,LFS - Enquête sur l'emploi,Repository: ILO-STATISTICS - Micro data processing,,,1,,
ILO:DF_EMP_TEMP_SEX_OCU_NB(1.0),FRA,A,EMP_TEMP_NB,SEX_T,OCU_ISCO08_3,2012,5193.908,,NB,PS,3,LFS - Enquête sur l'emploi,Repository: ILO-STATISTICS - Micro data processing,,,1,,
ILO:DF_EMP_TEMP_SEX_OCU_NB(1.0),FRA,A,EMP_TEMP_NB,SEX_T,OCU_ISCO08_4,2012,2436.803,,NB,PS,3,LFS - Enquête sur l'emploi,Repository: ILO-STATISTICS - Micro data processing,,,1,,
ILO:DF_EMP_TEMP_SEX_OCU_NB(1.0),FRA,A,EMP_TEMP_NB,SEX_T,OCU_ISCO08_5,2012,4403.32,,NB,PS,3,LFS - Enquête sur l'emploi,Repository: ILO-STATISTICS - Micro data processing,,,1,,
ILO:DF_EMP_TEMP_SEX_OCU_NB(1.0),FRA,A,EMP_TEMP_NB,SEX_T,OCU_ISCO08_6,2012,745.321,,NB,PS,3,LFS - Enquête sur l'emploi,Repository: ILO-STATISTICS - Micro data processing,,,1,,
ILO:DF_EMP_TEMP_SEX_OCU_NB(1.0),FRA,A,EMP_TEMP_NB,SEX_T,OCU_ISCO08_7,2012,2152.14,,NB,PS,3,LFS - Enquête sur l'emploi,Repository: ILO-STATISTICS - Micro data processing,,,1,,
ILO:DF_EMP_TEMP_SEX_OCU_NB(1.0),FRA,A,EMP_TEMP_NB,SEX_T,OCU_ISCO08_8,2012,1736.458,,NB,PS,3,LFS - Enquête sur l'emploi,Repository: ILO-STATISTICS - Micro data processing,,,1,,
ILO:DF_EMP_TEMP_SEX_OCU_NB(1.0),FRA,A,EMP_TEMP_NB,SEX_T,OCU_ISCO08_9,2012,2517.681,,NB,PS,3,LFS - Enquête sur l'emploi,Repository: ILO-STATISTICS - Micro data processing,,,1,,
ILO:DF_EMP_TEMP_SEX_OCU_NB(1.0),FRA,A,EMP_TEMP_NB,SEX_T,OCU_ISCO08_0,2012,237.465,,NB,PS,3,LFS - Enquête sur l'emploi,Repository: ILO-STATISTICS - Micro data processing,,,1,,
ILO:DF_EMP_TEMP_SEX_OCU_NB(1.0),FRA,A,EMP_TEMP_NB,SEX_T,OCU_ISCO08_X,2012,1.354,U,NB,PS,3,LFS - Enquête sur l'emploi,Repository: ILO-STATISTICS - Micro data processing,,,1,,
ILO:DF_EMP_TEMP_SEX_OCU_NB(1.0),FRA,A,EMP_TEMP_NB,SEX_T,OCU_SKILL_TOTAL,2013,25785.295,,NB,PS,3,LFS - Enquête sur l'emploi,Repository: ILO-STATISTICS - Micro data processing,,,1,,
ILO:DF_EMP_TEMP_SEX_OCU_NB(1.0),FRA,A,EMP_TEMP_NB,SEX_T,OCU_SKILL_L3-4,2013,11429.208,,NB,PS,3,LFS - Enquête sur l'emploi,Repository: ILO-STATISTICS - Micro data processing,,,1,,
ILO:DF_EMP_TEMP_SEX_OCU_NB(1.0),FRA,A,EMP_TEMP_NB,SEX_T,OCU_SKILL_L2,2013,11517.693,,NB,PS,3,LFS - Enquête sur l'emploi,Repository: ILO-STATISTICS - Micro data processing,,,1,,
ILO:DF_EMP_TEMP_SEX_OCU_NB(1.0),FRA,A,EMP_TEMP_NB,SEX_T,OCU_SKILL_L1,2013,2564.884,,NB,PS,3,LFS - Enquête sur l'emploi,Repository: ILO-STATISTICS - Micro data processing,,,1,,
ILO:DF_EMP_TEMP_SEX_OCU_NB(1.0),FRA,A,EMP_TEMP_NB,SEX_T,OCU_SKILL_X,2013,273.509,,NB,PS,3,LFS - Enquête sur l'emploi,Repository: ILO-STATISTICS - Micro data processing,,,1,,
ILO:DF_EMP_TEMP_SEX_OCU_NB(1.0),FRA,A,EMP_TEMP_NB,SEX_T,OCU_ISCO08_TOTAL,2013,25785.295,,NB,PS,3,LFS - Enquête sur l'emploi,Repository: ILO-STATISTICS - Micro data processing,,,1,,
ILO:DF_EMP_TEMP_SEX_OCU_NB(1.0),FRA,A,EMP_TEMP_NB,SEX_T,OCU_ISCO08_1,2013,1763.959,,NB,PS,3,LFS - Enquête sur l'emploi,Repository: ILO-STATISTICS - Micro data processing,,,1,,
ILO:DF_EMP_TEMP_SEX_OCU_NB(1.0),FRA,A,EMP_TEMP_NB,SEX_T,OCU_ISCO08_2,2013,4416.605,,NB,PS,3,LFS - Enquête sur l'emploi,Repository: ILO-STATISTICS - Micro data processing,,,1,,
ILO:DF_EMP_TEMP_SEX_OCU_NB(1.0),FRA,A,EMP_TEMP_NB,SEX_T,OCU_ISCO08_3,2013,5248.644,,NB,PS,3,LFS - Enquête sur l'emploi,Repository: ILO-STATISTICS - Micro data processing,,,1,,
ILO:DF_EMP_TEMP_SEX_OCU_NB(1.0),FRA,A,EMP_TEMP_NB,SEX_T,OCU_ISCO08_4,2013,2359.357,,NB,PS,3,LFS - Enquête sur l'emploi,Repository: ILO-STATISTICS - Micro data processing,,,1,,
ILO:DF_EMP_TEMP_SEX_OCU_NB(1.0),FRA,A,EMP_TEMP_NB,SEX_T,OCU_ISCO08_5,2013,4239.744,,NB,PS,3,LFS - Enquête sur l'emploi,Repository: ILO-STATISTICS - Micro data processing,,,1,,
ILO:DF_EMP_TEMP_SEX_OCU_NB(1.0),FRA,A,EMP_TEMP_NB,SEX_T,OCU_ISCO08_6,2013,845.235,,NB,PS,3,LFS - Enquête sur l'emploi,Repository: ILO-STATISTICS - Micro data processing,,,1,,
ILO:DF_EMP_TEMP_SEX_OCU_NB(1.0),FRA,A,EMP_TEMP_NB,SEX_T,OCU_ISCO08_7,2013,2247.125,,NB,PS,3,LFS - Enquête sur l'emploi,Repository: ILO-STATISTICS - Micro data processing,,,1,,
ILO:DF_EMP_TEMP_SEX_OCU_NB(1.0),FRA,A,EMP_TEMP_NB,SEX_T,OCU_ISCO08_8,2013,1826.233,,NB,PS,3,LFS - Enquête sur l'emploi,Repository: ILO-STATISTICS - Micro data processing,,,1,,
ILO:DF_EMP_TEMP_SEX_OCU_NB(1.0),FRA,A,EMP_TEMP_NB,SEX_T,OCU_ISCO08_9,2013,2564.884,,NB,PS,3,LFS - Enquête sur l'emploi,Repository: ILO-STATISTICS - Micro data processing,,,1,,
ILO:DF_EMP_TEMP_SEX_OCU_NB(1.0),FRA,A,EMP_TEMP_NB,SEX_T,OCU_ISCO08_0,2013,205.971,,NB,PS,3,LFS - Enquête sur l'emploi,Repository: ILO-STATISTICS - Micro data processing,,,1,,
ILO:DF_EMP_TEMP_SEX_OCU_NB(1.0),FRA,A,EMP_TEMP_NB,SEX_T,OCU_ISCO08_X,2013,67.538,,NB,PS,3,LFS - Enquête sur l'emploi,Repository: ILO-STATISTICS - Micro data processing,,,1,,
ILO:DF_EMP_TEMP_SEX_OCU_NB(1.0),FRA,A,EMP_TEMP_NB,SEX_T,OCU_SKILL_TOTAL,2014,26376.503,,NB,PS,3,LFS - Enquête sur l'emploi,Repository: ILO-STATISTICS - Micro data processing,,,1,,
ILO:DF_EMP_TEMP_SEX_OCU_NB(1.0),FRA,A,EMP_TEMP_NB,SEX_T,OCU_SKILL_L3-4,2014,11535.523,,NB,PS,3,LFS - Enquête sur l'emploi,Repository: ILO-STATISTICS - Micro data processing,,,1,,
ILO:DF_EMP_TEMP_SEX_OCU_NB(1.0),FRA,A,EMP_TEMP_NB,SEX_T,OCU_SKILL_L2,2014,11786.091,,NB,PS,3,LFS - Enquête sur l'emploi,Repository: ILO-STATISTICS - Micro data processing,,,1,,
ILO:DF_EMP_TEMP_SEX_OCU_NB(1.0),FRA,A,EMP_TEMP_NB,SEX_T,OCU_SKILL_L1,2014,2700.63,,NB,PS,3,LFS - Enquête sur l'emploi,Repository: ILO-STATISTICS - Micro data processing,,,1,,
ILO:DF_EMP_TEMP_SEX_OCU_NB(1.0),FRA,A,EMP_TEMP_NB,SEX_T,OCU_SKILL_X,2014,354.259,,NB,PS,3,LFS - Enquête sur l'emploi,Repository: ILO-STATISTICS - Micro data processing,,,1,,
ILO:DF_EMP_TEMP_SEX_OCU_NB(1.0),FRA,A,EMP_TEMP_NB,SEX_T,OCU_ISCO08_TOTAL,2014,26376.503,,NB,PS,3,LFS - Enquête sur l'emploi,Repository: ILO-STATISTICS - Micro data processing,,,1,,
ILO:DF_EMP_TEMP_SEX_OCU_NB(1.0),FRA,A,EMP_TEMP_NB,SEX_T,OCU_ISCO08_1,2014,1818.966,,NB,PS,3,LFS - Enquête sur l'emploi,Repository: ILO-STATISTICS - Micro data processing,,,1,,
ILO:DF_EMP_TEMP_SEX_OCU_NB(1.0),FRA,A,EMP_TEMP_NB,SEX_T,OCU_ISCO08_2,2014,4436.805,,NB,PS,3,LFS - Enquête sur l'emploi,Repository: ILO-STATISTICS - Micro data processing,,,1,,
ILO:DF_EMP_TEMP_SEX_OCU_NB(1.0),FRA,A,EMP_TEMP_NB,SEX_T,OCU_ISCO08_3,2014,5279.753,,NB,PS,3,LFS - Enquête sur l'emploi,Repository: ILO-STATISTICS - Micro data processing,,,1,,
ILO:DF_EMP_TEMP_SEX_OCU_NB(1.0),FRA,A,EMP_TEMP_NB,SEX_T,OCU_ISCO08_4,2014,2374.82,,NB,PS,3,LFS - Enquête sur l'emploi,Repository: ILO-STATISTICS - Micro data processing,,,1,,
ILO:DF_EMP_TEMP_SEX_OCU_NB(1.0),FRA,A,EMP_TEMP_NB,SEX_T,OCU_ISCO08_5,2014,4186.072,,NB,PS,3,LFS - Enquête sur l'emploi,Repository: ILO-STATISTICS - Micro data processing,,,1,,
ILO:DF_EMP_TEMP_SEX_OCU_NB(1.0),FRA,A,EMP_TEMP_NB,SEX_T,OCU_ISCO08_6,2014,881.133,,NB,PS,3,LFS - Enquête sur l'emploi,Repository: ILO-STATISTICS - Micro data processing,,,1,,
ILO:DF_EMP_TEMP_SEX_OCU_NB(1.0),FRA,A,EMP_TEMP_NB,SEX_T,OCU_ISCO08_7,2014,2403.656,,NB,PS,3,LFS - Enquête sur l'emploi,Repository: ILO-STATISTICS - Micro data processing,,,1,,
ILO:DF_EMP_TEMP_SEX_OCU_NB(1.0),FRA,A,EMP_TEMP_NB,SEX_T,OCU_ISCO08_8,2014,1940.411,,NB,PS,3,LFS - Enquête sur l'emploi,Repository: ILO-STATISTICS - Micro data processing,,,1,,
ILO:DF_EMP_TEMP_SEX_OCU_NB(1.0),FRA,A,EMP_TEMP_NB,SEX_T,OCU_ISCO08_9,2014,2700.63,,NB,PS,3,LFS - Enquête sur l'emploi,Repository: ILO-STATISTICS - Micro data processing,,,1,,
ILO:DF_EMP_TEMP_SEX_OCU_NB(1.0),FRA,A,EMP_TEMP_NB,SEX_T,OCU_ISCO08_0,2014,212.573,,NB,PS,3,LFS - Enquête sur l'emploi,Repository: ILO-STATISTICS - Micro data processing,,,1,,
ILO:DF_EMP_TEMP_SEX_OCU_NB(1.0),FRA,A,EMP_TEMP_NB,SEX_T,OCU_ISCO08_X,2014,141.686,,NB,PS,3,LFS - Enquête sur l'emploi,Repository: ILO-STATISTICS - Micro data processing,,,1,,
ILO:DF_EMP_TEMP_SEX_OCU_NB(1.0),FRA,A,EMP_TEMP_NB,SEX_T,OCU_SKILL_TOTAL,2015,26423.739,,NB,PS,3,LFS - Enquête sur l'emploi,Repository: ILO-STATISTICS - Micro data processing,,,1,,
ILO:DF_EMP_TEMP_SEX_OCU_NB(1.0),FRA,A,EMP_TEMP_NB,SEX_T,OCU_SKILL_L3-4,2015,11774.807,,NB,PS,3,LFS - Enquête sur l'emploi,Repository: ILO-STATISTICS - Micro data processing,,,1,,
ILO:DF_EMP_TEMP_SEX_OCU_NB(1.0),FRA,A,EMP_TEMP_NB,SEX_T,OCU_SKILL_L2,2015,11658.845,,NB,PS,3,LFS - Enquête sur l'emploi,Repository: ILO-STATISTICS - Micro data processing,,,1,,
ILO:DF_EMP_TEMP_SEX_OCU_NB(1.0),FRA,A,EMP_TEMP_NB,SEX_T,OCU_SKILL_L1,2015,2702.586,,NB,PS,3,LFS - Enquête sur l'emploi,Repository: ILO-STATISTICS - Micro data processing,,,1,,
ILO:DF_EMP_TEMP_SEX_OCU_NB(1.0),FRA,A,EMP_TEMP_NB,SEX_T,OCU_SKILL_X,2015,287.501,,NB,PS,3,LFS - Enquête sur l'emploi,Repository: ILO-STATISTICS - Micro data processing,,,1,,
ILO:DF_EMP_TEMP_SEX_OCU_NB(1.0),FRA,A,EMP_TEMP_NB,SEX_T,OCU_ISCO08_TOTAL,2015,26423.739,,NB,PS,3,LFS - Enquête sur l'emploi,Repository: ILO-STATISTICS - Micro data processing,,,1,,
ILO:DF_EMP_TEMP_SEX_OCU_NB(1.0),FRA,A,EMP_TEMP_NB,SEX_T,OCU_ISCO08_1,2015,1866.979,,NB,PS,3,LFS - Enquête sur l'emploi,Repository: ILO-STATISTICS - Micro data processing,,,1,,
ILO:DF_EMP_TEMP_SEX_OCU_NB(1.0),FRA,A,EMP_TEMP_NB,SEX_T,OCU_ISCO08_2,2015,4555.231,,NB,PS,3,LFS - Enquête sur l'emploi,Repository: ILO-STATISTICS - Micro data processing,,,1,,
ILO:DF_EMP_TEMP_SEX_OCU_NB(1.0),FRA,A,EMP_TEMP_NB,SEX_T,OCU_ISCO08_3,2015,5352.597,,NB,PS,3,LFS - Enquête sur l'emploi,Repository: ILO-STATISTICS - Micro data processing,,,1,,
ILO:DF_EMP_TEMP_SEX_OCU_NB(1.0),FRA,A,EMP_TEMP_NB,SEX_T,OCU_ISCO08_4,2015,2355.906,,NB,PS,3,LFS - Enquête sur l'emploi,Repository: ILO-STATISTICS - Micro data processing,,,1,,
ILO:DF_EMP_TEMP_SEX_OCU_NB(1.0),FRA,A,EMP_TEMP_NB,SEX_T,OCU_ISCO08_5,2015,4098.214,,NB,PS,3,LFS - Enquête sur l'emploi,Repository: ILO-STATISTICS - Micro data processing,,,1,,
ILO:DF_EMP_TEMP_SEX_OCU_NB(1.0),FRA,A,EMP_TEMP_NB,SEX_T,OCU_ISCO08_6,2015,855.548,,NB,PS,3,LFS - Enquête sur l'emploi,Repository: ILO-STATISTICS - Micro data processing,,,1,,
ILO:DF_EMP_TEMP_SEX_OCU_NB(1.0),FRA,A,EMP_TEMP_NB,SEX_T,OCU_ISCO08_7,2015,2400.184,,NB,PS,3,LFS - Enquête sur l'emploi,Repository: ILO-STATISTICS - Micro data processing,,,1,,
ILO:DF_EMP_TEMP_SEX_OCU_NB(1.0),FRA,A,EMP_TEMP_NB,SEX_T,OCU_ISCO08_8,2015,1948.994,,NB,PS,3,LFS - Enquête sur l'emploi,Repository: ILO-STATISTICS - Micro data processing,,,1,,
ILO:DF_EMP_TEMP_SEX_OCU_NB(1.0),FRA,A,EMP_TEMP_NB,SEX_T,OCU_ISCO08_9,2015,2702.586,,NB,PS,3,LFS - Enquête sur l'emploi,Repository: ILO-STATISTICS - Micro data processing,,,1,,
ILO:DF_EMP_TEMP_SEX_OCU_NB(1.0),FRA,A,EMP_TEMP_NB,SEX_T,OCU_ISCO08_0,2015,208.709,,NB,PS,3,LFS - Enquête sur l'emploi,Repository: ILO-STATISTICS - Micro data processing,,,1,,
ILO:DF_EMP_TEMP_SEX_OCU_NB(1.0),FRA,A,EMP_TEMP_NB,SEX_T,OCU_ISCO08_X,2015,78.792,,NB,PS,3,LFS - Enquête sur l'emploi,Repository: ILO-STATISTICS - Micro data processing,,,1,,
ILO:DF_EMP_TEMP_SEX_OCU_NB(1.0),FRA,A,EMP_TEMP_NB,SEX_T,OCU_SKILL_TOTAL,2016,26583.839,,NB,PS,3,LFS - Enquête sur l'emploi,Repository: ILO-STATISTICS - Micro data processing,,,1,,
ILO:DF_EMP_TEMP_SEX_OCU_NB(1.0),FRA,A,EMP_TEMP_NB,SEX_T,OCU_SKILL_L3-4,2016,12028.579,,NB,PS,3,LFS - Enquête sur l'emploi,Repository: ILO-STATISTICS - Micro data processing,,,1,,
ILO:DF_EMP_TEMP_SEX_OCU_NB(1.0),FRA,A,EMP_TEMP_NB,SEX_T,OCU_SKILL_L2,2016,11588.924,,NB,PS,3,LFS - Enquête sur l'emploi,Repository: ILO-STATISTICS - Micro data processing,,,1,,
ILO:DF_EMP_TEMP_SEX_OCU_NB(1.0),FRA,A,EMP_TEMP_NB,SEX_T,OCU_SKILL_L1,2016,2687.835,,NB,PS,3,LFS - Enquête sur l'emploi,Repository: ILO-STATISTICS - Micro data processing,,,1,,
ILO:DF_EMP_TEMP_SEX_OCU_NB(1.0),FRA,A,EMP_TEMP_NB,SEX_T,OCU_SKILL_X,2016,278.501,,NB,PS,3,LFS - Enquête sur l'emploi,Repository: ILO-STATISTICS - Micro data processing,,,1,,
ILO:DF_EMP_TEMP_SEX_OCU_NB(1.0),FRA,A,EMP_TEMP_NB,SEX_T,OCU_ISCO08_TOTAL,2016,26583.839,,NB,PS,3,LFS - Enquête sur l'emploi,Repository: ILO-STATISTICS - Micro data processing,,,1,,
ILO:DF_EMP_TEMP_SEX_OCU_NB(1.0),FRA,A,EMP_TEMP_NB,SEX_T,OCU_ISCO08_1,2016,1924.88,,NB,PS,3,LFS - Enquête sur l'emploi,Repository: ILO-STATISTICS - Micro data processing,,,1,,
ILO:DF_EMP_TEMP_SEX_OCU_NB(1.0),FRA,A,EMP_TEMP_NB,SEX_T,OCU_ISCO08_2,2016,4698.826,,NB,PS,3,LFS - Enquête sur l'emploi,Repository: ILO-STATISTICS - Micro data processing,,,1,,
ILO:DF_EMP_TEMP_SEX_OCU_NB(1.0),FRA,A,EMP_TEMP_NB,SEX_T,OCU_ISCO08_3,2016,5404.873,,NB,PS,3,LFS - Enquête sur l'emploi,Repository: ILO-STATISTICS - Micro data processing,,,1,,
ILO:DF_EMP_TEMP_SEX_OCU_NB(1.0),FRA,A,EMP_TEMP_NB,SEX_T,OCU_ISCO08_4,2016,2200.454,,NB,PS,3,LFS - Enquête sur l'emploi,Repository: ILO-STATISTICS - Micro data processing,,,1,,
ILO:DF_EMP_TEMP_SEX_OCU_NB(1.0),FRA,A,EMP_TEMP_NB,SEX_T,OCU_ISCO08_5,2016,4133.526,,NB,PS,3,LFS - Enquête sur l'emploi,Repository: ILO-STATISTICS - Micro data processing,,,1,,
ILO:DF_EMP_TEMP_SEX_OCU_NB(1.0),FRA,A,EMP_TEMP_NB,SEX_T,OCU_ISCO08_6,2016,877.549,,NB,PS,3,LFS - Enquête sur l'emploi,Repository: ILO-STATISTICS - Micro data processing,,,1,,
ILO:DF_EMP_TEMP_SEX_OCU_NB(1.0),FRA,A,EMP_TEMP_NB,SEX_T,OCU_ISCO08_7,2016,2379.292,,NB,PS,3,LFS - Enquête sur l'emploi,Repository: ILO-STATISTICS - Micro data processing,,,1,,
ILO:DF_EMP_TEMP_SEX_OCU_NB(1.0),FRA,A,EMP_TEMP_NB,SEX_T,OCU_ISCO08_8,2016,1998.104,,NB,PS,3,LFS - Enquête sur l'emploi,Repository: ILO-STATISTICS - Micro data processing,,,1,,
ILO:DF_EMP_TEMP_SEX_OCU_NB(1.0),FRA,A,EMP_TEMP_NB,SEX_T,OCU_ISCO08_9,2016,2687.835,,NB,PS,3,LFS - Enquête sur l'emploi,Repository: ILO-STATISTICS - Micro data processing,,,1,,
ILO:DF_EMP_TEMP_SEX_OCU_NB(1.0),FRA,A,EMP_TEMP_NB,SEX_T,OCU_ISCO08_0,2016,170.662,,NB,PS,3,LFS - Enquête sur l'emploi,Repository: ILO-STATISTICS - Micro data processing,,,1,,
ILO:DF_EMP_TEMP_SEX_OCU_NB(1.0),FRA,A,EMP_TEMP_NB,SEX_T,OCU_ISCO08_X,2016,107.839,,NB,PS,3,LFS - Enquête sur l'emploi,Repository: ILO-STATISTICS - Micro data processing,,,1,,
ILO:DF_EMP_TEMP_SEX_OCU_NB(1.0),FRA,A,EMP_TEMP_NB,SEX_T,OCU_SKILL_TOTAL,2017,26803.114,,NB,PS,3,LFS - Enquête sur l'emploi,Repository: ILO-STATISTICS - Micro data processing,,,1,,
ILO:DF_EMP_TEMP_SEX_OCU_NB(1.0),FRA,A,EMP_TEMP_NB,SEX_T,OCU_SKILL_L3-4,2017,12097.692,,NB,PS,3,LFS - Enquête sur l'emploi,Repository: ILO-STATISTICS - Micro data processing,,,1,,
ILO:DF_EMP_TEMP_SEX_OCU_NB(1.0),FRA,A,EMP_TEMP_NB,SEX_T,OCU_SKILL_L2,2017,11717.815,,NB,PS,3,LFS - Enquête sur l'emploi,Repository: ILO-STATISTICS - Micro data processing,,,1,,
ILO:DF_EMP_TEMP_SEX_OCU_NB(1.0),FRA,A,EMP_TEMP_NB,SEX_T,OCU_SKILL_L1,2017,2731.7,,NB,PS,3,LFS - Enquête sur l'emploi,Repository: ILO-STATISTICS - Micro data processing,,,1,,
ILO:DF_EMP_TEMP_SEX_OCU_NB(1.0),FRA,A,EMP_TEMP_NB,SEX_T,OCU_SKILL_X,2017,255.907,,NB,PS,3,LFS - Enquête sur l'emploi,Repository: ILO-STATISTICS - Micro data processing,,,1,,
ILO:DF_EMP_TEMP_SEX_OCU_NB(1.0),FRA,A,EMP_TEMP_NB,SEX_T,OCU_ISCO08_TOTAL,2017,26803.114,,NB,PS,3,LFS - Enquête sur l'emploi,Repository: ILO-STATISTICS - Micro data processing,,,1,,
ILO:DF_EMP_TEMP_SEX_OCU_NB(1.0),FRA,A,EMP_TEMP_NB,SEX_T,OCU_ISCO08_1,2017,1919.824,,NB,PS,3,LFS - Enquête sur l'emploi,Repository: ILO-STATISTICS - Micro data processing,,,1,,
ILO:DF_EMP_TEMP_SEX_OCU_NB(1.0),FRA,A,EMP_TEMP_NB,SEX_T,OCU_ISCO08_2,2017,4832.221,,NB,PS,3,LFS - Enquête sur l'emploi,Repository: ILO-STATISTICS - Micro data processing,,,1,,
ILO:DF_EMP_TEMP_SEX_OCU_NB(1.0),FRA,A,EMP_TEMP_NB,SEX_T,OCU_ISCO08_3,2017,5345.647,,NB,PS,3,LFS - Enquête sur l'emploi,Repository: ILO-STATISTICS - Micro data processing,,,1,,
ILO:DF_EMP_TEMP_SEX_OCU_NB(1.0),FRA,A,EMP_TEMP_NB,SEX_T,OCU_ISCO08_4,2017,2239.237,,NB,PS,3,LFS - Enquête sur l'emploi,Repository: ILO-STATISTICS - Micro data processing,,,1,,
ILO:DF_EMP_TEMP_SEX_OCU_NB(1.0),FRA,A,EMP_TEMP_NB,SEX_T,OCU_ISCO08_5,2017,4224.163,,NB,PS,3,LFS - Enquête sur l'emploi,Repository: ILO-STATISTICS - Micro data processing,,,1,,
ILO:DF_EMP_TEMP_SEX_OCU_NB(1.0),FRA,A,EMP_TEMP_NB,SEX_T,OCU_ISCO08_6,2017,835.429,,NB,PS,3,LFS - Enquête sur l'emploi,Repository: ILO-STATISTICS - Micro data processing,,,1,,
ILO:DF_EMP_TEMP_SEX_OCU_NB(1.0),FRA,A,EMP_TEMP_NB,SEX_T,OCU_ISCO08_7,2017,2396.633,,NB,PS,3,LFS - Enquête sur l'emploi,Repository: ILO-STATISTICS - Micro data processing,,,1,,
ILO:DF_EMP_TEMP_SEX_OCU_NB(1.0),FRA,A,EMP_TEMP_NB,SEX_T,OCU_ISCO08_8,2017,2022.353,,NB,PS,3,LFS - Enquête sur l'emploi,Repository: ILO-STATISTICS - Micro data processing,,,1,,
ILO:DF_EMP_TEMP_SEX_OCU_NB(1.0),FRA,A,EMP_TEMP_NB,SEX_T,OCU_ISCO08_9,2017,2731.7,,NB,PS,3,LFS - Enquête sur l'emploi,Repository: ILO-STATISTICS - Micro data processing,,,1,,
ILO:DF_EMP_TEMP_SEX_OCU_NB(1.0),FRA,A,EMP_TEMP_NB,SEX_T,OCU_ISCO08_0,2017,177.381,,NB,PS,3,LFS - Enquête sur l'emploi,Repository: ILO-STATISTICS - Micro data processing,,,1,,
ILO:DF_EMP_TEMP_SEX_OCU_NB(1.0),FRA,A,EMP_TEMP_NB,SEX_T,OCU_ISCO08_X,2017,78.526,,NB,PS,3,LFS - Enquête sur l'emploi,Repository: ILO-STATISTICS - Micro data processing,,,1,,
ILO:DF_EMP_TEMP_SEX_OCU_NB(1.0),FRA,A,EMP_TEMP_NB,SEX_T,OCU_SKILL_TOTAL,2018,27022.074,,NB,PS,3,LFS - Enquête sur l'emploi,Repository: ILO-STATISTICS - Micro data processing,,,1,,
ILO:DF_EMP_TEMP_SEX_OCU_NB(1.0),FRA,A,EMP_TEMP_NB,SEX_T,OCU_SKILL_L3-4,2018,12326.982,,NB,PS,3,LFS - Enquête sur l'emploi,Repository: ILO-STATISTICS - Micro data processing,,,1,,
ILO:DF_EMP_TEMP_SEX_OCU_NB(1.0),FRA,A,EMP_TEMP_NB,SEX_T,OCU_SKILL_L2,2018,11698.185,,NB,PS,3,LFS - Enquête sur l'emploi,Repository: ILO-STATISTICS - Micro data processing,,,1,,
ILO:DF_EMP_TEMP_SEX_OCU_NB(1.0),FRA,A,EMP_TEMP_NB,SEX_T,OCU_SKILL_L1,2018,2655.5,,NB,PS,3,LFS - Enquête sur l'emploi,Repository: ILO-STATISTICS - Micro data processing,,,1,,
ILO:DF_EMP_TEMP_SEX_OCU_NB(1.0),FRA,A,EMP_TEMP_NB,SEX_T,OCU_SKILL_X,2018,341.407,,NB,PS,3,LFS - Enquête sur l'emploi,Repository: ILO-STATISTICS - Micro data processing,,,1,,
ILO:DF_EMP_TEMP_SEX_OCU_NB(1.0),FRA,A,EMP_TEMP_NB,SEX_T,OCU_ISCO08_TOTAL,2018,27022.074,,NB,PS,3,LFS - Enquête sur l'emploi,Repository: ILO-STATISTICS - Micro data processing,,,1,,
ILO:DF_EMP_TEMP_SEX_OCU_NB(1.0),FRA,A,EMP_TEMP_NB,SEX_T,OCU_ISCO08_1,2018,1957.099,,NB,PS,3,LFS - Enquête sur l'emploi,Repository: ILO-STATISTICS - Micro data processing,,,1,,
ILO:DF_EMP_TEMP_SEX_OCU_NB(1.0),FRA,A,EMP_TEMP_NB,SEX_T,OCU_ISCO08_2,2018,4982.886,,NB,PS,3,LFS - Enquête sur l'emploi,Repository: ILO-STATISTICS - Micro data processing,,,1,,
ILO:DF_EMP_TEMP_SEX_OCU_NB(1.0),FRA,A,EMP_TEMP_NB,SEX_T,OCU_ISCO08_3,2018,5386.997,,NB,PS,3,LFS - Enquête sur l'emploi,Repository: ILO-STATISTICS - Micro data processing,,,1,,
ILO:DF_EMP_TEMP_SEX_OCU_NB(1.0),FRA,A,EMP_TEMP_NB,SEX_T,OCU_ISCO08_4,2018,2169.501,,NB,PS,3,LFS - Enquête sur l'emploi,Repository: ILO-STATISTICS - Micro data processing,,,1,,
ILO:DF_EMP_TEMP_SEX_OCU_NB(1.0),FRA,A,EMP_TEMP_NB,SEX_T,OCU_ISCO08_5,2018,4334.616,,NB,PS,3,LFS - Enquête sur l'emploi,Repository: ILO-STATISTICS - Micro data processing,,,1,,
ILO:DF_EMP_TEMP_SEX_OCU_NB(1.0),FRA,A,EMP_TEMP_NB,SEX_T,OCU_ISCO08_6,2018,797.784,,NB,PS,3,LFS - Enquête sur l'emploi,Repository: ILO-STATISTICS - Micro data processing,,,1,,
ILO:DF_EMP_TEMP_SEX_OCU_NB(1.0),FRA,A,EMP_TEMP_NB,SEX_T,OCU_ISCO08_7,2018,2370.246,,NB,PS,3,LFS - Enquête sur l'emploi,Repository: ILO-STATISTICS - Micro data processing,,,1,,
ILO:DF_EMP_TEMP_SEX_OCU_NB(1.0),FRA,A,EMP_TEMP_NB,SEX_T,OCU_ISCO08_8,2018,2026.039,,NB,PS,3,LFS - Enquête sur l'emploi,Repository: ILO-STATISTICS - Micro data processing,,,1,,
ILO:DF_EMP_TEMP_SEX_OCU_NB(1.0),FRA,A,EMP_TEMP_NB,SEX_T,OCU_ISCO08_9,2018,2655.5,,NB,PS,3,LFS - Enquête sur l'emploi,Repository: ILO-STATISTICS - Micro data processing,,,1,,
ILO:DF_EMP_TEMP_SEX_OCU_NB(1.0),FRA,A,EMP_TEMP_NB,SEX_T,OCU_ISCO08_0,2018,232.473,,NB,PS,3,LFS - Enquête sur l'emploi,Repository: ILO-STATISTICS - Micro data processing,,,1,,
ILO:DF_EMP_TEMP_SEX_OCU_NB(1.0),FRA,A,EMP_TEMP_NB,SEX_T,OCU_ISCO08_X,2018,108.935,,NB,PS,3,LFS - Enquête sur l'emploi,Repository: ILO-STATISTICS - Micro data processing,,,1,,
ILO:DF_EMP_TEMP_SEX_OCU_NB(1.0),FRA,A,EMP_TEMP_NB,SEX_T,OCU_SKILL_TOTAL,2019,27132.732,,NB,PS,3,LFS - Enquête sur l'emploi,Repository: ILO-STATISTICS - Micro data processing,,,1,,
ILO:DF_EMP_TEMP_SEX_OCU_NB(1.0),FRA,A,EMP_TEMP_NB,SEX_T,OCU_SKILL_L3-4,2019,12599.585,,NB,PS,3,LFS - Enquête sur l'emploi,Repository: ILO-STATISTICS - Micro data processing,,,1,,
ILO:DF_EMP_TEMP_SEX_OCU_NB(1.0),FRA,A,EMP_TEMP_NB,SEX_T,OCU_SKILL_L2,2019,11648.535,,NB,PS,3,LFS - Enquête sur l'emploi,Repository: ILO-STATISTICS - Micro data processing,,,1,,
ILO:DF_EMP_TEMP_SEX_OCU_NB(1.0),FRA,A,EMP_TEMP_NB,SEX_T,OCU_SKILL_L1,2019,2523.072,,NB,PS,3,LFS - Enquête sur l'emploi,Repository: ILO-STATISTICS - Micro data processing,,,1,,
ILO:DF_EMP_TEMP_SEX_OCU_NB(1.0),FRA,A,EMP_TEMP_NB,SEX_T,OCU_SKILL_X,2019,361.54,,NB,PS,3,LFS - Enquête sur l'emploi,Repository: ILO-STATISTICS - Micro data processing,,,1,,
ILO:DF_EMP_TEMP_SEX_OCU_NB(1.0),FRA,A,EMP_TEMP_NB,SEX_T,OCU_ISCO08_TOTAL,2019,27132.732,,NB,PS,3,LFS - Enquête sur l'emploi,Repository: ILO-STATISTICS - Micro data processing,,,1,,
ILO:DF_EMP_TEMP_SEX_OCU_NB(1.0),FRA,A,EMP_TEMP_NB,SEX_T,OCU_ISCO08_1,2019,2026.923,,NB,PS,3,LFS - Enquête sur l'emploi,Repository: ILO-STATISTICS - Micro data processing,,,1,,
ILO:DF_EMP_TEMP_SEX_OCU_NB(1.0),FRA,A,EMP_TEMP_NB,SEX_T,OCU_ISCO08_2,2019,5146.067,,NB,PS,3,LFS - Enquête sur l'emploi,Repository: ILO-STATISTICS - Micro data processing,,,1,,
ILO:DF_EMP_TEMP_SEX_OCU_NB(1.0),FRA,A,EMP_TEMP_NB,SEX_T,OCU_ISCO08_3,2019,5426.596,,NB,PS,3,LFS - Enquête sur l'emploi,Repository: ILO-STATISTICS - Micro data processing,,,1,,
ILO:DF_EMP_TEMP_SEX_OCU_NB(1.0),FRA,A,EMP_TEMP_NB,SEX_T,OCU_ISCO08_4,2019,2173.933,,NB,PS,3,LFS - Enquête sur l'emploi,Repository: ILO-STATISTICS - Micro data processing,,,1,,
ILO:DF_EMP_TEMP_SEX_OCU_NB(1.0),FRA,A,EMP_TEMP_NB,SEX_T,OCU_ISCO08_5,2019,4312.769,,NB,PS,3,LFS - Enquête sur l'emploi,Repository: ILO-STATISTICS - Micro data processing,,,1,,
ILO:DF_EMP_TEMP_SEX_OCU_NB(1.0),FRA,A,EMP_TEMP_NB,SEX_T,OCU_ISCO08_6,2019,802.461,,NB,PS,3,LFS - Enquête sur l'emploi,Repository: ILO-STATISTICS - Micro data processing,,,1,,
ILO:DF_EMP_TEMP_SEX_OCU_NB(1.0),FRA,A,EMP_TEMP_NB,SEX_T,OCU_ISCO08_7,2019,2426.962,,NB,PS,3,LFS - Enquête sur l'emploi,Repository: ILO-STATISTICS - Micro data processing,,,1,,
ILO:DF_EMP_TEMP_SEX_OCU_NB(1.0),FRA,A,EMP_TEMP_NB,SEX_T,OCU_ISCO08_8,2019,1932.411,,NB,PS,3,LFS - Enquête sur l'emploi,Repository: ILO-STATISTICS - Micro data processing,,,1,,
ILO:DF_EMP_TEMP_SEX_OCU_NB(1.0),FRA,A,EMP_TEMP_NB,SEX_T,OCU_ISCO08_9,2019,2523.072,,NB,PS,3,LFS - Enquête sur l'emploi,Repository: ILO-STATISTICS - Micro data processing,,,1,,
ILO:DF_EMP_TEMP_SEX_OCU_NB(1.0),FRA,A,EMP_TEMP_NB,SEX_T,OCU_ISCO08_0,2019,238.746,,NB,PS,3,LFS - Enquête sur l'emploi,Repository: ILO-STATISTICS - Micro data processing,,,1,,
ILO:DF_EMP_TEMP_SEX_OCU_NB(1.0),FRA,A,EMP_TEMP_NB,SEX_T,OCU_ISCO08_X,2019,122.794,,NB,PS,3,LFS - Enquête sur l'emploi,Repository: ILO-STATISTICS - Micro data processing,,,1,,
ILO:DF_EMP_TEMP_SEX_OCU_NB(1.0),FRA,A,EMP_TEMP_NB,SEX_T,OCU_SKILL_TOTAL,2020,26995.321,,NB,PS,3,LFS - Enquête sur l'emploi,Repository: ILO-STATISTICS - Micro data processing,,,1,,
ILO:DF_EMP_TEMP_SEX_OCU_NB(1.0),FRA,A,EMP_TEMP_NB,SEX_T,OCU_SKILL_L3-4,2020,12916.33,,NB,PS,3,LFS - Enquête sur l'emploi,Repository: ILO-STATISTICS - Micro data processing,,,1,,
ILO:DF_EMP_TEMP_SEX_OCU_NB(1.0),FRA,A,EMP_TEMP_NB,SEX_T,OCU_SKILL_L2,2020,11310.342,,NB,PS,3,LFS - Enquête sur l'emploi,Repository: ILO-STATISTICS - Micro data processing,,,1,,
ILO:DF_EMP_TEMP_SEX_OCU_NB(1.0),FRA,A,EMP_TEMP_NB,SEX_T,OCU_SKILL_L1,2020,2416.725,,NB,PS,3,LFS - Enquête sur l'emploi,Repository: ILO-STATISTICS - Micro data processing,,,1,,
ILO:DF_EMP_TEMP_SEX_OCU_NB(1.0),FRA,A,EMP_TEMP_NB,SEX_T,OCU_SKILL_X,2020,351.924,,NB,PS,3,LFS - Enquête sur l'emploi,Repository: ILO-STATISTICS - Micro data processing,,,1,,
ILO:DF_EMP_TEMP_SEX_OCU_NB(1.0),FRA,A,EMP_TEMP_NB,SEX_T,OCU_ISCO08_TOTAL,2020,26995.321,,NB,PS,3,LFS - Enquête sur l'emploi,Repository: ILO-STATISTICS - Micro data processing,,,1,,
ILO:DF_EMP_TEMP_SEX_OCU_NB(1.0),FRA,A,EMP_TEMP_NB,SEX_T,OCU_ISCO08_1,2020,2107.155,,NB,PS,3,LFS - Enquête sur l'emploi,Repository: ILO-STATISTICS - Micro data processing,,,1,,
ILO:DF_EMP_TEMP_SEX_OCU_NB(1.0),FRA,A,EMP_TEMP_NB,SEX_T,OCU_ISCO08_2,2020,5449.918,,NB,PS,3,LFS - Enquête sur l'emploi,Repository: ILO-STATISTICS - Micro data processing,,,1,,
ILO:DF_EMP_TEMP_SEX_OCU_NB(1.0),FRA,A,EMP_TEMP_NB,SEX_T,OCU_ISCO08_3,2020,5359.257,,NB,PS,3,LFS - Enquête sur l'emploi,Repository: ILO-STATISTICS - Micro data processing,,,1,,
ILO:DF_EMP_TEMP_SEX_OCU_NB(1.0),FRA,A,EMP_TEMP_NB,SEX_T,OCU_ISCO08_4,2020,2154.248,,NB,PS,3,LFS - Enquête sur l'emploi,Repository: ILO-STATISTICS - Micro data processing,,,1,,
ILO:DF_EMP_TEMP_SEX_OCU_NB(1.0),FRA,A,EMP_TEMP_NB,SEX_T,OCU_ISCO08_5,2020,4158.799,,NB,PS,3,LFS - Enquête sur l'emploi,Repository: ILO-STATISTICS - Micro data processing,,,1,,
ILO:DF_EMP_TEMP_SEX_OCU_NB(1.0),FRA,A,EMP_TEMP_NB,SEX_T,OCU_ISCO08_6,2020,767.766,,NB,PS,3,LFS - Enquête sur l'emploi,Repository: ILO-STATISTICS - Micro data processing,,,1,,
ILO:DF_EMP_TEMP_SEX_OCU_NB(1.0),FRA,A,EMP_TEMP_NB,SEX_T,OCU_ISCO08_7,2020,2337.469,,NB,PS,3,LFS - Enquête sur l'emploi,Repository: ILO-STATISTICS - Micro data processing,,,1,,
ILO:DF_EMP_TEMP_SEX_OCU_NB(1.0),FRA,A,EMP_TEMP_NB,SEX_T,OCU_ISCO08_8,2020,1892.061,,NB,PS,3,LFS - Enquête sur l'emploi,Repository: ILO-STATISTICS - Micro data processing,,,1,,
ILO:DF_EMP_TEMP_SEX_OCU_NB(1.0),FRA,A,EMP_TEMP_NB,SEX_T,OCU_ISCO08_9,2020,2416.725,,NB,PS,3,LFS - Enquête sur l'emploi,Repository: ILO-STATISTICS - Micro data processing,,,1,,
ILO:DF_EMP_TEMP_SEX_OCU_NB(1.0),FRA,A,EMP_TEMP_NB,SEX_T,OCU_ISCO08_0,2020,219.793,,NB,PS,3,LFS - Enquête sur l'emploi,Repository: ILO-STATISTICS - Micro data processing,,,1,,
ILO:DF_EMP_TEMP_SEX_OCU_NB(1.0),FRA,A,EMP_TEMP_NB,SEX_T,OCU_ISCO08_X,2020,132.131,,NB,PS,3,LFS - Enquête sur l'emploi,Repository: ILO-STATISTICS - Micro data processing,,,1,,
ILO:DF_EMP_TEMP_SEX_OCU_NB(1.0),FRA,A,EMP_TEMP_NB,SEX_T,OCU_SKILL_TOTAL,2021,27929.633,,NB,PS,3,LFS - Enquête sur l'emploi,Repository: ILO-STATISTICS - Micro data processing,,,1,,
ILO:DF_EMP_TEMP_SEX_OCU_NB(1.0),FRA,A,EMP_TEMP_NB,SEX_T,OCU_SKILL_L3-4,2021,13228.356,,NB,PS,3,LFS - Enquête sur l'emploi,Repository: ILO-STATISTICS - Micro data processing,,,1,,
ILO:DF_EMP_TEMP_SEX_OCU_NB(1.0),FRA,A,EMP_TEMP_NB,SEX_T,OCU_SKILL_L2,2021,11454.824,,NB,PS,3,LFS - Enquête sur l'emploi,Repository: ILO-STATISTICS - Micro data processing,,,1,,
ILO:DF_EMP_TEMP_SEX_OCU_NB(1.0),FRA,A,EMP_TEMP_NB,SEX_T,OCU_SKILL_L1,2021,2381.045,,NB,PS,3,LFS - Enquête sur l'emploi,Repository: ILO-STATISTICS - Micro data processing,,,1,,
ILO:DF_EMP_TEMP_SEX_OCU_NB(1.0),FRA,A,EMP_TEMP_NB,SEX_T,OCU_SKILL_X,2021,865.408,,NB,PS,3,LFS - Enquête sur l'emploi,Repository: ILO-STATISTICS - Micro data processing,,,1,,
ILO:DF_EMP_TEMP_SEX_OCU_NB(1.0),FRA,A,EMP_TEMP_NB,SEX_T,OCU_ISCO08_TOTAL,2021,27929.633,,NB,PS,3,LFS - Enquête sur l'emploi,Repository: ILO-STATISTICS - Micro data processing,,,1,,
ILO:DF_EMP_TEMP_SEX_OCU_NB(1.0),FRA,A,EMP_TEMP_NB,SEX_T,OCU_ISCO08_1,2021,1895.762,,NB,PS,3,LFS - Enquête sur l'emploi,Repository: ILO-STATISTICS - Micro data processing,,,1,,
ILO:DF_EMP_TEMP_SEX_OCU_NB(1.0),FRA,A,EMP_TEMP_NB,SEX_T,OCU_ISCO08_2,2021,6407.092,,NB,PS,3,LFS - Enquête sur l'emploi,Repository: ILO-STATISTICS - Micro data processing,,,1,,
ILO:DF_EMP_TEMP_SEX_OCU_NB(1.0),FRA,A,EMP_TEMP_NB,SEX_T,OCU_ISCO08_3,2021,4925.502,,NB,PS,3,LFS - Enquête sur l'emploi,Repository: ILO-STATISTICS - Micro data processing,,,1,,
ILO:DF_EMP_TEMP_SEX_OCU_NB(1.0),FRA,A,EMP_TEMP_NB,SEX_T,OCU_ISCO08_4,2021,2408.872,,NB,PS,3,LFS - Enquête sur l'emploi,Repository: ILO-STATISTICS - Micro data processing,,,1,,
ILO:DF_EMP_TEMP_SEX_OCU_NB(1.0),FRA,A,EMP_TEMP_NB,SEX_T,OCU_ISCO08_5,2021,3770.757,,NB,PS,3,LFS - Enquête sur l'emploi,Repository: ILO-STATISTICS - Micro data processing,,,1,,
ILO:DF_EMP_TEMP_SEX_OCU_NB(1.0),FRA,A,EMP_TEMP_NB,SEX_T,OCU_ISCO08_6,2021,757.807,,NB,PS,3,LFS - Enquête sur l'emploi,Repository: ILO-STATISTICS - Micro data processing,,,1,,
ILO:DF_EMP_TEMP_SEX_OCU_NB(1.0),FRA,A,EMP_TEMP_NB,SEX_T,OCU_ISCO08_7,2021,2718.451,,NB,PS,3,LFS - Enquête sur l'emploi,Repository: ILO-STATISTICS - Micro data processing,,,1,,
ILO:DF_EMP_TEMP_SEX_OCU_NB(1.0),FRA,A,EMP_TEMP_NB,SEX_T,OCU_ISCO08_8,2021,1798.938,,NB,PS,3,LFS - Enquête sur l'emploi,Repository: ILO-STATISTICS - Micro data processing,,,1,,
ILO:DF_EMP_TEMP_SEX_OCU_NB(1.0),FRA,A,EMP_TEMP_NB,SEX_T,OCU_ISCO08_9,2021,2381.045,,NB,PS,3,LFS - Enquête sur l'emploi,Repository: ILO-STATISTICS - Micro data processing,,,1,,
ILO:DF_EMP_TEMP_SEX_OCU_NB(1.0),FRA,A,EMP_TEMP_NB,SEX_T,OCU_ISCO08_0,2021,202.914,,NB,PS,3,LFS - Enquête sur l'emploi,Repository: ILO-STATISTICS - Micro data processing,,,1,,
ILO:DF_EMP_TEMP_SEX_OCU_NB(1.0),FRA,A,EMP_TEMP_NB,SEX_T,OCU_ISCO08_X,2021,662.494,,NB,PS,3,LFS - Enquête sur l'emploi,Repository: ILO-STATISTICS - Micro data processing,,,1,,
ILO:DF_EMP_TEMP_SEX_OCU_NB(1.0),FRA,A,EMP_TEMP_NB,SEX_T,OCU_SKILL_TOTAL,2022,28395.467,,NB,PS,3,LFS - Enquête sur l'emploi,Repository: ILO-STATISTICS - Micro data processing,,,1,,
ILO:DF_EMP_TEMP_SEX_OCU_NB(1.0),FRA,A,EMP_TEMP_NB,SEX_T,OCU_SKILL_L3-4,2022,13556.797,,NB,PS,3,LFS - Enquête sur l'emploi,Repository: ILO-STATISTICS - Micro data processing,,,1,,
ILO:DF_EMP_TEMP_SEX_OCU_NB(1.0),FRA,A,EMP_TEMP_NB,SEX_T,OCU_SKILL_L2,2022,11908.306,,NB,PS,3,LFS - Enquête sur l'emploi,Repository: ILO-STATISTICS - Micro data processing,,,1,,
ILO:DF_EMP_TEMP_SEX_OCU_NB(1.0),FRA,A,EMP_TEMP_NB,SEX_T,OCU_SKILL_L1,2022,2397.325,,NB,PS,3,LFS - Enquête sur l'emploi,Repository: ILO-STATISTICS - Micro data processing,,,1,,
ILO:DF_EMP_TEMP_SEX_OCU_NB(1.0),FRA,A,EMP_TEMP_NB,SEX_T,OCU_SKILL_X,2022,533.039,,NB,PS,3,LFS - Enquête sur l'emploi,Repository: ILO-STATISTICS - Micro data processing,,,1,,
ILO:DF_EMP_TEMP_SEX_OCU_NB(1.0),FRA,A,EMP_TEMP_NB,SEX_T,OCU_ISCO08_TOTAL,2022,28395.467,,NB,PS,3,LFS - Enquête sur l'emploi,Repository: ILO-STATISTICS - Micro data processing,,,1,,
ILO:DF_EMP_TEMP_SEX_OCU_NB(1.0),FRA,A,EMP_TEMP_NB,SEX_T,OCU_ISCO08_1,2022,2016.321,,NB,PS,3,LFS - Enquête sur l'emploi,Repository: ILO-STATISTICS - Micro data processing,,,1,,
ILO:DF_EMP_TEMP_SEX_OCU_NB(1.0),FRA,A,EMP_TEMP_NB,SEX_T,OCU_ISCO08_2,2022,6508.087,,NB,PS,3,LFS - Enquête sur l'emploi,Repository: ILO-STATISTICS - Micro data processing,,,1,,
ILO:DF_EMP_TEMP_SEX_OCU_NB(1.0),FRA,A,EMP_TEMP_NB,SEX_T,OCU_ISCO08_3,2022,5032.389,,NB,PS,3,LFS - Enquête sur l'emploi,Repository: ILO-STATISTICS - Micro data processing,,,1,,
ILO:DF_EMP_TEMP_SEX_OCU_NB(1.0),FRA,A,EMP_TEMP_NB,SEX_T,OCU_ISCO08_4,2022,2455.739,,NB,PS,3,LFS - Enquête sur l'emploi,Repository: ILO-STATISTICS - Micro data processing,,,1,,
ILO:DF_EMP_TEMP_SEX_OCU_NB(1.0),FRA,A,EMP_TEMP_NB,SEX_T,OCU_ISCO08_5,2022,4021.913,,NB,PS,3,LFS - Enquête sur l'emploi,Repository: ILO-STATISTICS - Micro data processing,,,1,,
ILO:DF_EMP_TEMP_SEX_OCU_NB(1.0),FRA,A,EMP_TEMP_NB,SEX_T,OCU_ISCO08_6,2022,794.572,,NB,PS,3,LFS - Enquête sur l'emploi,Repository: ILO-STATISTICS - Micro data processing,,,1,,
ILO:DF_EMP_TEMP_SEX_OCU_NB(1.0),FRA,A,EMP_TEMP_NB,SEX_T,OCU_ISCO08_7,2022,2809.826,,NB,PS,3,LFS - Enquête sur l'emploi,Repository: ILO-STATISTICS - Micro data processing,,,1,,
ILO:DF_EMP_TEMP_SEX_OCU_NB(1.0),FRA,A,EMP_TEMP_NB,SEX_T,OCU_ISCO08_8,2022,1826.257,,NB,PS,3,LFS - Enquête sur l'emploi,Repository: ILO-STATISTICS - Micro data processing,,,1,,
ILO:DF_EMP_TEMP_SEX_OCU_NB(1.0),FRA,A,EMP_TEMP_NB,SEX_T,OCU_ISCO08_9,2022,2397.325,,NB,PS,3,LFS - Enquête sur l'emploi,Repository: ILO-STATISTICS - Micro data processing,,,1,,
ILO:DF_EMP_TEMP_SEX_OCU_NB(1.0),FRA,A,EMP_TEMP_NB,SEX_T,OCU_ISCO08_0,2022,205.812,,NB,PS,3,LFS - Enquête sur l'emploi,Repository: ILO-STATISTICS - Micro data processing,,,1,,
ILO:DF_EMP_TEMP_SEX_OCU_NB(1.0),FRA,A,EMP_TEMP_NB,SEX_T,OCU_ISCO08_X,2022,327.227,,NB,PS,3,LFS - Enquête sur l'emploi,Repository: ILO-STATISTICS - Micro data processing,,,1,,
ILO:DF_EMP_TEMP_SEX_OCU_NB(1.0),FRA,A,EMP_TEMP_NB,SEX_T,OCU_SKILL_TOTAL,2023,28588.583,,NB,PS,3,LFS - Enquête sur l'emploi,Repository: ILO-STATISTICS - Micro data processing,,,1,,
ILO:DF_EMP_TEMP_SEX_OCU_NB(1.0),FRA,A,EMP_TEMP_NB,SEX_T,OCU_SKILL_L3-4,2023,14056.816,,NB,PS,3,LFS - Enquête sur l'emploi,Repository: ILO-STATISTICS - Micro data processing,,,1,,
ILO:DF_EMP_TEMP_SEX_OCU_NB(1.0),FRA,A,EMP_TEMP_NB,SEX_T,OCU_SKILL_L2,2023,11741.408,,NB,PS,3,LFS - Enquête sur l'emploi,Repository: ILO-STATISTICS - Micro data processing,,,1,,
ILO:DF_EMP_TEMP_SEX_OCU_NB(1.0),FRA,A,EMP_TEMP_NB,SEX_T,OCU_SKILL_L1,2023,2422.84,,NB,PS,3,LFS - Enquête sur l'emploi,Repository: ILO-STATISTICS - Micro data processing,,,1,,
ILO:DF_EMP_TEMP_SEX_OCU_NB(1.0),FRA,A,EMP_TEMP_NB,SEX_T,OCU_SKILL_X,2023,367.518,,NB,PS,3,LFS - Enquête sur l'emploi,Repository: ILO-STATISTICS - Micro data processing,,,1,,
ILO:DF_EMP_TEMP_SEX_OCU_NB(1.0),FRA,A,EMP_TEMP_NB,SEX_T,OCU_ISCO08_TOTAL,2023,28588.583,,NB,PS,3,LFS - Enquête sur l'emploi,Repository: ILO-STATISTICS - Micro data processing,,,1,,
ILO:DF_EMP_TEMP_SEX_OCU_NB(1.0),FRA,A,EMP_TEMP_NB,SEX_T,OCU_ISCO08_1,2023,2021.896,,NB,PS,3,LFS - Enquête sur l'emploi,Repository: ILO-STATISTICS - Micro data processing,,,1,,
ILO:DF_EMP_TEMP_SEX_OCU_NB(1.0),FRA,A,EMP_TEMP_NB,SEX_T,OCU_ISCO08_2,2023,6850.116,,NB,PS,3,LFS - Enquête sur l'emploi,Repository: ILO-STATISTICS - Micro data processing,,,1,,
ILO:DF_EMP_TEMP_SEX_OCU_NB(1.0),FRA,A,EMP_TEMP_NB,SEX_T,OCU_ISCO08_3,2023,5184.805,,NB,PS,3,LFS - Enquête sur l'emploi,Repository: ILO-STATISTICS - Micro data processing,,,1,,
ILO:DF_EMP_TEMP_SEX_OCU_NB(1.0),FRA,A,EMP_TEMP_NB,SEX_T,OCU_ISCO08_4,2023,2307.978,,NB,PS,3,LFS - Enquête sur l'emploi,Repository: ILO-STATISTICS - Micro data processing,,,1,,
ILO:DF_EMP_TEMP_SEX_OCU_NB(1.0),FRA,A,EMP_TEMP_NB,SEX_T,OCU_ISCO08_5,2023,4103.517,,NB,PS,3,LFS - Enquête sur l'emploi,Repository: ILO-STATISTICS - Micro data processing,,,1,,
ILO:DF_EMP_TEMP_SEX_OCU_NB(1.0),FRA,A,EMP_TEMP_NB,SEX_T,OCU_ISCO08_6,2023,769.965,,NB,PS,3,LFS - Enquête sur l'emploi,Repository: ILO-STATISTICS - Micro data processing,,,1,,
ILO:DF_EMP_TEMP_SEX_OCU_NB(1.0),FRA,A,EMP_TEMP_NB,SEX_T,OCU_ISCO08_7,2023,2720.318,,NB,PS,3,LFS - Enquête sur l'emploi,Repository: ILO-STATISTICS - Micro data processing,,,1,,
ILO:DF_EMP_TEMP_SEX_OCU_NB(1.0),FRA,A,EMP_TEMP_NB,SEX_T,OCU_ISCO08_8,2023,1839.631,,NB,PS,3,LFS - Enquête sur l'emploi,Repository: ILO-STATISTICS - Micro data processing,,,1,,
ILO:DF_EMP_TEMP_SEX_OCU_NB(1.0),FRA,A,EMP_TEMP_NB,SEX_T,OCU_ISCO08_9,2023,2422.84,,NB,PS,3,LFS - Enquête sur l'emploi,Repository: ILO-STATISTICS - Micro data processing,,,1,,
ILO:DF_EMP_TEMP_SEX_OCU_NB(1.0),FRA,A,EMP_TEMP_NB,SEX_T,OCU_ISCO08_0,2023,194.154,,NB,PS,3,LFS - Enquête sur l'emploi,Repository: ILO-STATISTICS - Micro data processing,,,1,,
ILO:DF_EMP_TEMP_SEX_OCU_NB(1.0),FRA,A,EMP_TEMP_NB,SEX_T,OCU_ISCO08_X,2023,173.364,,NB,PS,3,LFS - Enquête sur l'emploi,Repository: ILO-STATISTICS - Micro data processing,,,1,,
ILO:DF_EMP_TEMP_SEX_OCU_NB(1.0),FRA,A,EMP_TEMP_NB,SEX_T,OCU_SKILL_TOTAL,2024,29021.954,,NB,PS,3,LFS - Enquête sur l'emploi,Repository: ILO-STATISTICS - Micro data processing,,,1,,
ILO:DF_EMP_TEMP_SEX_OCU_NB(1.0),FRA,A,EMP_TEMP_NB,SEX_T,OCU_SKILL_L3-4,2024,14410.28,,NB,PS,3,LFS - Enquête sur l'emploi,Repository: ILO-STATISTICS - Micro data processing,,,1,,
ILO:DF_EMP_TEMP_SEX_OCU_NB(1.0),FRA,A,EMP_TEMP_NB,SEX_T,OCU_SKILL_L2,2024,11710.894,,NB,PS,3,LFS - Enquête sur l'emploi,Repository: ILO-STATISTICS - Micro data processing,,,1,,
ILO:DF_EMP_TEMP_SEX_OCU_NB(1.0),FRA,A,EMP_TEMP_NB,SEX_T,OCU_SKILL_L1,2024,2424.312,,NB,PS,3,LFS - Enquête sur l'emploi,Repository: ILO-STATISTICS - Micro data processing,,,1,,
ILO:DF_EMP_TEMP_SEX_OCU_NB(1.0),FRA,A,EMP_TEMP_NB,SEX_T,OCU_SKILL_X,2024,476.469,,NB,PS,3,LFS - Enquête sur l'emploi,Repository: ILO-STATISTICS - Micro data processing,,,1,,
ILO:DF_EMP_TEMP_SEX_OCU_NB(1.0),FRA,A,EMP_TEMP_NB,SEX_T,OCU_ISCO08_TOTAL,2024,29021.954,,NB,PS,3,LFS - Enquête sur l'emploi,Repository: ILO-STATISTICS - Micro data processing,,,1,,
ILO:DF_EMP_TEMP_SEX_OCU_NB(1.0),FRA,A,EMP_TEMP_NB,SEX_T,OCU_ISCO08_1,2024,2118.685,,NB,PS,3,LFS - Enquête sur l'emploi,Repository: ILO-STATISTICS - Micro data processing,,,1,,
ILO:DF_EMP_TEMP_SEX_OCU_NB(1.0),FRA,A,EMP_TEMP_NB,SEX_T,OCU_ISCO08_2,2024,7118.134,,NB,PS,3,LFS - Enquête sur l'emploi,Repository: ILO-STATISTICS - Micro data processing,,,1,,
ILO:DF_EMP_TEMP_SEX_OCU_NB(1.0),FRA,A,EMP_TEMP_NB,SEX_T,OCU_ISCO08_3,2024,5173.461,,NB,PS,3,LFS - Enquête sur l'emploi,Repository: ILO-STATISTICS - Micro data processing,,,1,,
ILO:DF_EMP_TEMP_SEX_OCU_NB(1.0),FRA,A,EMP_TEMP_NB,SEX_T,OCU_ISCO08_4,2024,2316.42,,NB,PS,3,LFS - Enquête sur l'emploi,Repository: ILO-STATISTICS - Micro data processing,,,1,,
ILO:DF_EMP_TEMP_SEX_OCU_NB(1.0),FRA,A,EMP_TEMP_NB,SEX_T,OCU_ISCO08_5,2024,4148.222,,NB,PS,3,LFS - Enquête sur l'emploi,Repository: ILO-STATISTICS - Micro data processing,,,1,,
ILO:DF_EMP_TEMP_SEX_OCU_NB(1.0),FRA,A,EMP_TEMP_NB,SEX_T,OCU_ISCO08_6,2024,715.197,,NB,PS,3,LFS - Enquête sur l'emploi,Repository: ILO-STATISTICS - Micro data processing,,,1,,
ILO:DF_EMP_TEMP_SEX_OCU_NB(1.0),FRA,A,EMP_TEMP_NB,SEX_T,OCU_ISCO08_7,2024,2729.65,,NB,PS,3,LFS - Enquête sur l'emploi,Repository: ILO-STATISTICS - Micro data processing,,,1,,
ILO:DF_EMP_TEMP_SEX_OCU_NB(1.0),FRA,A,EMP_TEMP_NB,SEX_T,OCU_ISCO08_8,2024,1801.404,,NB,PS,3,LFS - Enquête sur l'emploi,Repository: ILO-STATISTICS - Micro data processing,,,1,,
ILO:DF_EMP_TEMP_SEX_OCU_NB(1.0),FRA,A,EMP_TEMP_NB,SEX_T,OCU_ISCO08_9,2024,2424.312,,NB,PS,3,LFS - Enquête sur l'emploi,Repository: ILO-STATISTICS - Micro data processing,,,1,,
ILO:DF_EMP_TEMP_SEX_OCU_NB(1.0),FRA,A,EMP_TEMP_NB,SEX_T,OCU_ISCO08_0,2024,190.543,,NB,PS,3,LFS - Enquête sur l'emploi,Repository: ILO-STATISTICS - Micro data processing,,,1,,
ILO:DF_EMP_TEMP_SEX_OCU_NB(1.0),FRA,A,EMP_TEMP_NB,SEX_T,OCU_ISCO08_X,2024,285.926,,NB,PS,3,LFS - Enquête sur l'emploi,Repository: ILO-STATISTICS - Micro data processing,,,1,,
ILO:DF_EMP_TEMP_SEX_OCU_NB(1.0),FRA,A,EMP_TEMP_NB,SEX_T,OCU_SKILL_TOTAL,2025,29382.907,,NB,PS,3,LFS - Enquête sur l'emploi,Repository: Eurostat special tabulation,,,1,,
ILO:DF_EMP_TEMP_SEX_OCU_NB(1.0),FRA,A,EMP_TEMP_NB,SEX_T,OCU_SKILL_L3-4,2025,14841.881,,NB,PS,3,LFS - Enquête sur l'emploi,Repository: Eurostat special tabulation,,,1,,
ILO:DF_EMP_TEMP_SEX_OCU_NB(1.0),FRA,A,EMP_TEMP_NB,SEX_T,OCU_SKILL_L2,2025,11609.602,,NB,PS,3,LFS - Enquête sur l'emploi,Repository: Eurostat special tabulation,,,1,,
ILO:DF_EMP_TEMP_SEX_OCU_NB(1.0),FRA,A,EMP_TEMP_NB,SEX_T,OCU_SKILL_L1,2025,2425.961,,NB,PS,3,LFS - Enquête sur l'emploi,Repository: Eurostat special tabulation,,,1,,
ILO:DF_EMP_TEMP_SEX_OCU_NB(1.0),FRA,A,EMP_TEMP_NB,SEX_T,OCU_SKILL_X,2025,505.463,,NB,PS,3,LFS - Enquête sur l'emploi,Repository: Eurostat special tabulation,,,1,,
ILO:DF_EMP_TEMP_SEX_OCU_NB(1.0),FRA,A,EMP_TEMP_NB,SEX_T,OCU_ISCO08_TOTAL,2025,29382.907,,NB,PS,3,LFS - Enquête sur l'emploi,Repository: Eurostat special tabulation,,,1,,
ILO:DF_EMP_TEMP_SEX_OCU_NB(1.0),FRA,A,EMP_TEMP_NB,SEX_T,OCU_ISCO08_1,2025,2181.208,,NB,PS,3,LFS - Enquête sur l'emploi,Repository: Eurostat special tabulation,,,1,,
ILO:DF_EMP_TEMP_SEX_OCU_NB(1.0),FRA,A,EMP_TEMP_NB,SEX_T,OCU_ISCO08_2,2025,7488.352,,NB,PS,3,LFS - Enquête sur l'emploi,Repository: Eurostat special tabulation,,,1,,
ILO:DF_EMP_TEMP_SEX_OCU_NB(1.0),FRA,A,EMP_TEMP_NB,SEX_T,OCU_ISCO08_3,2025,5172.322,,NB,PS,3,LFS - Enquête sur l'emploi,Repository: Eurostat special tabulation,,,1,,
ILO:DF_EMP_TEMP_SEX_OCU_NB(1.0),FRA,A,EMP_TEMP_NB,SEX_T,OCU_ISCO08_4,2025,2281.564,,NB,PS,3,LFS - Enquête sur l'emploi,Repository: Eurostat special tabulation,,,1,,
ILO:DF_EMP_TEMP_SEX_OCU_NB(1.0),FRA,A,EMP_TEMP_NB,SEX_T,OCU_ISCO08_5,2025,4119.48,,NB,PS,3,LFS - Enquête sur l'emploi,Repository: Eurostat special tabulation,,,1,,
ILO:DF_EMP_TEMP_SEX_OCU_NB(1.0),FRA,A,EMP_TEMP_NB,SEX_T,OCU_ISCO08_6,2025,707.52,,NB,PS,3,LFS - Enquête sur l'emploi,Repository: Eurostat special tabulation,,,1,,
ILO:DF_EMP_TEMP_SEX_OCU_NB(1.0),FRA,A,EMP_TEMP_NB,SEX_T,OCU_ISCO08_7,2025,2702.812,,NB,PS,3,LFS - Enquête sur l'emploi,Repository: Eurostat special tabulation,,,1,,
ILO:DF_EMP_TEMP_SEX_OCU_NB(1.0),FRA,A,EMP_TEMP_NB,SEX_T,OCU_ISCO08_8,2025,1798.226,,NB,PS,3,LFS - Enquête sur l'emploi,Repository: Eurostat special tabulation,,,1,,
ILO:DF_EMP_TEMP_SEX_OCU_NB(1.0),FRA,A,EMP_TEMP_NB,SEX_T,OCU_ISCO08_9,2025,2425.961,,NB,PS,3,LFS - Enquête sur l'emploi,Repository: Eurostat special tabulation,,,1,,
ILO:DF_EMP_TEMP_SEX_OCU_NB(1.0),FRA,A,EMP_TEMP_NB,SEX_T,OCU_ISCO08_0,2025,204.909,,NB,PS,3,LFS - Enquête sur l'emploi,Repository: Eurostat special tabulation,,,1,,
ILO:DF_EMP_TEMP_SEX_OCU_NB(1.0),FRA,A,EMP_TEMP_NB,SEX_T,OCU_ISCO08_X,2025,300.555,,NB,PS,3,LFS - Enquête sur l'emploi,Repository: Eurostat special tabulation,,,1,,
