DATAFLOW,REF_AREA,FREQ,MEASURE,SEX,OCU,TIME_PERIOD,OBS_VALUE,OBS_STATUS,UNIT_MEASURE_TYPE,UNIT_MEASURE,UNIT_MULT,SOURCE,NOTE_SOURCE,NOTE_INDICATOR,NOTE_CLASSIF,DECIMALS,UPPER_BOUND,LOWER_BOUND
ILO:DF_EMP_TEMP_SEX_OCU_NB(1.0),GBR,A,EMP_TEMP_NB,SEX_T,OCU_SKILL_TOTAL,2001,25053.942,,NB,PS,3,LFS - Labour Force Survey,Repository: ILO-STATISTICS - Micro data processing,,,1,,
ILO:DF_EMP_TEMP_SEX_OCU_NB(1.0),GBR,A,EMP_TEMP_NB,SEX_T,OCU_SKILL_L3-4,2001,8787.097,,NB,PS,3,LFS - Labour Force Survey,Repository: ILO-STATISTICS - Micro data processing,,,1,,
ILO:DF_EMP_TEMP_SEX_OCU_NB(1.0),GBR,A,EMP_TEMP_NB,SEX_T,OCU_SKILL_L2,2001,7838.804,,NB,PS,3,LFS - Labour Force Survey,Repository: ILO-STATISTICS - Micro data processing,,,1,,
ILO:DF_EMP_TEMP_SEX_OCU_NB(1.0),GBR,A,EMP_TEMP_NB,SEX_T,OCU_SKILL_L1,2001,2239.531,,NB,PS,3,LFS - Labour Force Survey,Repository: ILO-STATISTICS - Micro data processing,,,1,,
ILO:DF_EMP_TEMP_SEX_OCU_NB(1.0),GBR,A,EMP_TEMP_NB,SEX_T,OCU_SKILL_X,2001,6188.511,,NB,PS,3,LFS - Labour Force Survey,Repository: ILO-STATISTICS - Micro data processing,,,1,,
ILO:DF_EMP_TEMP_SEX_OCU_NB(1.0),GBR,A,EMP_TEMP_NB,SEX_T,OCU_ISCO08_TOTAL,2001,25053.942,,NB,PS,3,LFS - Labour Force Survey,Repository: ILO-STATISTICS - Micro data processing,,,1,,
ILO:DF_EMP_TEMP_SEX_OCU_NB(1.0),GBR,A,EMP_TEMP_NB,SEX_T,OCU_ISCO08_1,2001,4196.62,,NB,PS,3,LFS - Labour Force Survey,Repository: ILO-STATISTICS - Micro data processing,,,1,,
ILO:DF_EMP_TEMP_SEX_OCU_NB(1.0),GBR,A,EMP_TEMP_NB,SEX_T,OCU_ISCO08_2,2001,2229.802,,NB,PS,3,LFS - Labour Force Survey,Repository: ILO-STATISTICS - Micro data processing,,,1,,
ILO:DF_EMP_TEMP_SEX_OCU_NB(1.0),GBR,A,EMP_TEMP_NB,SEX_T,OCU_ISCO08_3,2001,2360.675,,NB,PS,3,LFS - Labour Force Survey,Repository: ILO-STATISTICS - Micro data processing,,,1,,
ILO:DF_EMP_TEMP_SEX_OCU_NB(1.0),GBR,A,EMP_TEMP_NB,SEX_T,OCU_ISCO08_4,2001,1747.353,,NB,PS,3,LFS - Labour Force Survey,Repository: ILO-STATISTICS - Micro data processing,,,1,,
ILO:DF_EMP_TEMP_SEX_OCU_NB(1.0),GBR,A,EMP_TEMP_NB,SEX_T,OCU_ISCO08_5,2001,2211.51,,NB,PS,3,LFS - Labour Force Survey,Repository: ILO-STATISTICS - Micro data processing,,,1,,
ILO:DF_EMP_TEMP_SEX_OCU_NB(1.0),GBR,A,EMP_TEMP_NB,SEX_T,OCU_ISCO08_6,2001,1185.368,,NB,PS,3,LFS - Labour Force Survey,Repository: ILO-STATISTICS - Micro data processing,,,1,,
ILO:DF_EMP_TEMP_SEX_OCU_NB(1.0),GBR,A,EMP_TEMP_NB,SEX_T,OCU_ISCO08_7,2001,1251.727,,NB,PS,3,LFS - Labour Force Survey,Repository: ILO-STATISTICS - Micro data processing,,,1,,
ILO:DF_EMP_TEMP_SEX_OCU_NB(1.0),GBR,A,EMP_TEMP_NB,SEX_T,OCU_ISCO08_8,2001,1442.847,,NB,PS,3,LFS - Labour Force Survey,Repository: ILO-STATISTICS - Micro data processing,,,1,,
ILO:DF_EMP_TEMP_SEX_OCU_NB(1.0),GBR,A,EMP_TEMP_NB,SEX_T,OCU_ISCO08_9,2001,2239.531,,NB,PS,3,LFS - Labour Force Survey,Repository: ILO-STATISTICS - Micro data processing,,,1,,
ILO:DF_EMP_TEMP_SEX_OCU_NB(1.0),GBR,A,EMP_TEMP_NB,SEX_T,OCU_ISCO08_X,2001,6188.511,,NB,PS,3,LFS - Labour Force Survey,Repository: ILO-STATISTICS - Micro data processing,,,1,,
ILO:DF_EMP_TEMP_SEX_OCU_NB(1.0),GBR,A,EMP_TEMP_NB,SEX_T,OCU_SKILL_TOTAL,2002,25272.964,,NB,PS,3,LFS - Labour Force Survey,Repository: ILO-STATISTICS - Micro data processing,,,1,,
ILO:DF_EMP_TEMP_SEX_OCU_NB(1.0),GBR,A,EMP_TEMP_NB,SEX_T,OCU_SKILL_L3-4,2002,11900.481,,NB,PS,3,LFS - Labour Force Survey,Repository: ILO-STATISTICS - Micro data processing,,,1,,
ILO:DF_EMP_TEMP_SEX_OCU_NB(1.0),GBR,A,EMP_TEMP_NB,SEX_T,OCU_SKILL_L2,2002,10395.575,,NB,PS,3,LFS - Labour Force Survey,Repository: ILO-STATISTICS - Micro data processing,,,1,,
ILO:DF_EMP_TEMP_SEX_OCU_NB(1.0),GBR,A,EMP_TEMP_NB,SEX_T,OCU_SKILL_L1,2002,2967.605,,NB,PS,3,LFS - Labour Force Survey,Repository: ILO-STATISTICS - Micro data processing,,,1,,
ILO:DF_EMP_TEMP_SEX_OCU_NB(1.0),GBR,A,EMP_TEMP_NB,SEX_T,OCU_SKILL_X,2002,9.303,,NB,PS,3,LFS - Labour Force Survey,Repository: ILO-STATISTICS - Micro data processing,,,1,,
ILO:DF_EMP_TEMP_SEX_OCU_NB(1.0),GBR,A,EMP_TEMP_NB,SEX_T,OCU_ISCO08_TOTAL,2002,25272.964,,NB,PS,3,LFS - Labour Force Survey,Repository: ILO-STATISTICS - Micro data processing,,,1,,
ILO:DF_EMP_TEMP_SEX_OCU_NB(1.0),GBR,A,EMP_TEMP_NB,SEX_T,OCU_ISCO08_1,2002,5715.726,,NB,PS,3,LFS - Labour Force Survey,Repository: ILO-STATISTICS - Micro data processing,,,1,,
ILO:DF_EMP_TEMP_SEX_OCU_NB(1.0),GBR,A,EMP_TEMP_NB,SEX_T,OCU_ISCO08_2,2002,3037.638,,NB,PS,3,LFS - Labour Force Survey,Repository: ILO-STATISTICS - Micro data processing,,,1,,
ILO:DF_EMP_TEMP_SEX_OCU_NB(1.0),GBR,A,EMP_TEMP_NB,SEX_T,OCU_ISCO08_3,2002,3147.117,,NB,PS,3,LFS - Labour Force Survey,Repository: ILO-STATISTICS - Micro data processing,,,1,,
ILO:DF_EMP_TEMP_SEX_OCU_NB(1.0),GBR,A,EMP_TEMP_NB,SEX_T,OCU_ISCO08_4,2002,2307.535,,NB,PS,3,LFS - Labour Force Survey,Repository: ILO-STATISTICS - Micro data processing,,,1,,
ILO:DF_EMP_TEMP_SEX_OCU_NB(1.0),GBR,A,EMP_TEMP_NB,SEX_T,OCU_ISCO08_5,2002,2947.529,,NB,PS,3,LFS - Labour Force Survey,Repository: ILO-STATISTICS - Micro data processing,,,1,,
ILO:DF_EMP_TEMP_SEX_OCU_NB(1.0),GBR,A,EMP_TEMP_NB,SEX_T,OCU_ISCO08_6,2002,1584.15,,NB,PS,3,LFS - Labour Force Survey,Repository: ILO-STATISTICS - Micro data processing,,,1,,
ILO:DF_EMP_TEMP_SEX_OCU_NB(1.0),GBR,A,EMP_TEMP_NB,SEX_T,OCU_ISCO08_7,2002,1700.96,,NB,PS,3,LFS - Labour Force Survey,Repository: ILO-STATISTICS - Micro data processing,,,1,,
ILO:DF_EMP_TEMP_SEX_OCU_NB(1.0),GBR,A,EMP_TEMP_NB,SEX_T,OCU_ISCO08_8,2002,1855.402,,NB,PS,3,LFS - Labour Force Survey,Repository: ILO-STATISTICS - Micro data processing,,,1,,
ILO:DF_EMP_TEMP_SEX_OCU_NB(1.0),GBR,A,EMP_TEMP_NB,SEX_T,OCU_ISCO08_9,2002,2967.605,,NB,PS,3,LFS - Labour Force Survey,Repository: ILO-STATISTICS - Micro data processing,,,1,,
ILO:DF_EMP_TEMP_SEX_OCU_NB(1.0),GBR,A,EMP_TEMP_NB,SEX_T,OCU_ISCO08_X,2002,9.303,,NB,PS,3,LFS - Labour Force Survey,Repository: ILO-STATISTICS - Micro data processing,,,1,,
ILO:DF_EMP_TEMP_SEX_OCU_NB(1.0),GBR,A,EMP_TEMP_NB,SEX_T,OCU_SKILL_TOTAL,2003,25522.788,,NB,PS,3,LFS - Labour Force Survey,Repository: ILO-STATISTICS - Micro data processing,,,1,,
ILO:DF_EMP_TEMP_SEX_OCU_NB(1.0),GBR,A,EMP_TEMP_NB,SEX_T,OCU_SKILL_L3-4,2003,12198.741,,NB,PS,3,LFS - Labour Force Survey,Repository: ILO-STATISTICS - Micro data processing,,,1,,
ILO:DF_EMP_TEMP_SEX_OCU_NB(1.0),GBR,A,EMP_TEMP_NB,SEX_T,OCU_SKILL_L2,2003,10398.605,,NB,PS,3,LFS - Labour Force Survey,Repository: ILO-STATISTICS - Micro data processing,,,1,,
ILO:DF_EMP_TEMP_SEX_OCU_NB(1.0),GBR,A,EMP_TEMP_NB,SEX_T,OCU_SKILL_L1,2003,2910.453,,NB,PS,3,LFS - Labour Force Survey,Repository: ILO-STATISTICS - Micro data processing,,,1,,
ILO:DF_EMP_TEMP_SEX_OCU_NB(1.0),GBR,A,EMP_TEMP_NB,SEX_T,OCU_SKILL_X,2003,14.988,,NB,PS,3,LFS - Labour Force Survey,Repository: ILO-STATISTICS - Micro data processing,,,1,,
ILO:DF_EMP_TEMP_SEX_OCU_NB(1.0),GBR,A,EMP_TEMP_NB,SEX_T,OCU_ISCO08_TOTAL,2003,25522.788,,NB,PS,3,LFS - Labour Force Survey,Repository: ILO-STATISTICS - Micro data processing,,,1,,
ILO:DF_EMP_TEMP_SEX_OCU_NB(1.0),GBR,A,EMP_TEMP_NB,SEX_T,OCU_ISCO08_1,2003,5848.15,,NB,PS,3,LFS - Labour Force Survey,Repository: ILO-STATISTICS - Micro data processing,,,1,,
ILO:DF_EMP_TEMP_SEX_OCU_NB(1.0),GBR,A,EMP_TEMP_NB,SEX_T,OCU_ISCO08_2,2003,3146.849,,NB,PS,3,LFS - Labour Force Survey,Repository: ILO-STATISTICS - Micro data processing,,,1,,
ILO:DF_EMP_TEMP_SEX_OCU_NB(1.0),GBR,A,EMP_TEMP_NB,SEX_T,OCU_ISCO08_3,2003,3203.742,,NB,PS,3,LFS - Labour Force Survey,Repository: ILO-STATISTICS - Micro data processing,,,1,,
ILO:DF_EMP_TEMP_SEX_OCU_NB(1.0),GBR,A,EMP_TEMP_NB,SEX_T,OCU_ISCO08_4,2003,2271.382,,NB,PS,3,LFS - Labour Force Survey,Repository: ILO-STATISTICS - Micro data processing,,,1,,
ILO:DF_EMP_TEMP_SEX_OCU_NB(1.0),GBR,A,EMP_TEMP_NB,SEX_T,OCU_ISCO08_5,2003,2941.424,,NB,PS,3,LFS - Labour Force Survey,Repository: ILO-STATISTICS - Micro data processing,,,1,,
ILO:DF_EMP_TEMP_SEX_OCU_NB(1.0),GBR,A,EMP_TEMP_NB,SEX_T,OCU_ISCO08_6,2003,1674.065,,NB,PS,3,LFS - Labour Force Survey,Repository: ILO-STATISTICS - Micro data processing,,,1,,
ILO:DF_EMP_TEMP_SEX_OCU_NB(1.0),GBR,A,EMP_TEMP_NB,SEX_T,OCU_ISCO08_7,2003,1725.414,,NB,PS,3,LFS - Labour Force Survey,Repository: ILO-STATISTICS - Micro data processing,,,1,,
ILO:DF_EMP_TEMP_SEX_OCU_NB(1.0),GBR,A,EMP_TEMP_NB,SEX_T,OCU_ISCO08_8,2003,1786.321,,NB,PS,3,LFS - Labour Force Survey,Repository: ILO-STATISTICS - Micro data processing,,,1,,
ILO:DF_EMP_TEMP_SEX_OCU_NB(1.0),GBR,A,EMP_TEMP_NB,SEX_T,OCU_ISCO08_9,2003,2910.453,,NB,PS,3,LFS - Labour Force Survey,Repository: ILO-STATISTICS - Micro data processing,,,1,,
ILO:DF_EMP_TEMP_SEX_OCU_NB(1.0),GBR,A,EMP_TEMP_NB,SEX_T,OCU_ISCO08_X,2003,14.988,,NB,PS,3,LFS - Labour Force Survey,Repository: ILO-STATISTICS - Micro data processing,,,1,,
ILO:DF_EMP_TEMP_SEX_OCU_NB(1.0),GBR,A,EMP_TEMP_NB,SEX_T,OCU_SKILL_TOTAL,2005,28803.942,B,NB,PS,3,LFS - Labour Force Survey,Repository: ILO-STATISTICS - Micro data processing,Break in series: Methodology revised,,1,,
ILO:DF_EMP_TEMP_SEX_OCU_NB(1.0),GBR,A,EMP_TEMP_NB,SEX_T,OCU_SKILL_L3-4,2005,14078.963,B,NB,PS,3,LFS - Labour Force Survey,Repository: ILO-STATISTICS - Micro data processing,Break in series: Methodology revised,,1,,
ILO:DF_EMP_TEMP_SEX_OCU_NB(1.0),GBR,A,EMP_TEMP_NB,SEX_T,OCU_SKILL_L2,2005,11518.258,B,NB,PS,3,LFS - Labour Force Survey,Repository: ILO-STATISTICS - Micro data processing,Break in series: Methodology revised,,1,,
ILO:DF_EMP_TEMP_SEX_OCU_NB(1.0),GBR,A,EMP_TEMP_NB,SEX_T,OCU_SKILL_L1,2005,3184.038,B,NB,PS,3,LFS - Labour Force Survey,Repository: ILO-STATISTICS - Micro data processing,Break in series: Methodology revised,,1,,
ILO:DF_EMP_TEMP_SEX_OCU_NB(1.0),GBR,A,EMP_TEMP_NB,SEX_T,OCU_SKILL_X,2005,22.682,B,NB,PS,3,LFS - Labour Force Survey,Repository: ILO-STATISTICS - Micro data processing,Break in series: Methodology revised,,1,,
ILO:DF_EMP_TEMP_SEX_OCU_NB(1.0),GBR,A,EMP_TEMP_NB,SEX_T,OCU_ISCO08_TOTAL,2005,28803.942,B,NB,PS,3,LFS - Labour Force Survey,Repository: ILO-STATISTICS - Micro data processing,Break in series: Methodology revised,,1,,
ILO:DF_EMP_TEMP_SEX_OCU_NB(1.0),GBR,A,EMP_TEMP_NB,SEX_T,OCU_ISCO08_1,2005,6566.35,B,NB,PS,3,LFS - Labour Force Survey,Repository: ILO-STATISTICS - Micro data processing,Break in series: Methodology revised,,1,,
ILO:DF_EMP_TEMP_SEX_OCU_NB(1.0),GBR,A,EMP_TEMP_NB,SEX_T,OCU_ISCO08_2,2005,3770.401,B,NB,PS,3,LFS - Labour Force Survey,Repository: ILO-STATISTICS - Micro data processing,Break in series: Methodology revised,,1,,
ILO:DF_EMP_TEMP_SEX_OCU_NB(1.0),GBR,A,EMP_TEMP_NB,SEX_T,OCU_ISCO08_3,2005,3742.213,B,NB,PS,3,LFS - Labour Force Survey,Repository: ILO-STATISTICS - Micro data processing,Break in series: Methodology revised,,1,,
ILO:DF_EMP_TEMP_SEX_OCU_NB(1.0),GBR,A,EMP_TEMP_NB,SEX_T,OCU_ISCO08_4,2005,2497.096,B,NB,PS,3,LFS - Labour Force Survey,Repository: ILO-STATISTICS - Micro data processing,Break in series: Methodology revised,,1,,
ILO:DF_EMP_TEMP_SEX_OCU_NB(1.0),GBR,A,EMP_TEMP_NB,SEX_T,OCU_ISCO08_5,2005,3190.52,B,NB,PS,3,LFS - Labour Force Survey,Repository: ILO-STATISTICS - Micro data processing,Break in series: Methodology revised,,1,,
ILO:DF_EMP_TEMP_SEX_OCU_NB(1.0),GBR,A,EMP_TEMP_NB,SEX_T,OCU_ISCO08_6,2005,2045.823,B,NB,PS,3,LFS - Labour Force Survey,Repository: ILO-STATISTICS - Micro data processing,Break in series: Methodology revised,,1,,
ILO:DF_EMP_TEMP_SEX_OCU_NB(1.0),GBR,A,EMP_TEMP_NB,SEX_T,OCU_ISCO08_7,2005,1883.105,B,NB,PS,3,LFS - Labour Force Survey,Repository: ILO-STATISTICS - Micro data processing,Break in series: Methodology revised,,1,,
ILO:DF_EMP_TEMP_SEX_OCU_NB(1.0),GBR,A,EMP_TEMP_NB,SEX_T,OCU_ISCO08_8,2005,1901.714,B,NB,PS,3,LFS - Labour Force Survey,Repository: ILO-STATISTICS - Micro data processing,Break in series: Methodology revised,,1,,
ILO:DF_EMP_TEMP_SEX_OCU_NB(1.0),GBR,A,EMP_TEMP_NB,SEX_T,OCU_ISCO08_9,2005,3184.038,B,NB,PS,3,LFS - Labour Force Survey,Repository: ILO-STATISTICS - Micro data processing,Break in series: Methodology revised,,1,,
ILO:DF_EMP_TEMP_SEX_OCU_NB(1.0),GBR,A,EMP_TEMP_NB,SEX_T,OCU_ISCO08_X,2005,22.682,B,NB,PS,3,LFS - Labour Force Survey,Repository: ILO-STATISTICS - Micro data processing,Break in series: Methodology revised,,1,,
ILO:DF_EMP_TEMP_SEX_OCU_NB(1.0),GBR,A,EMP_TEMP_NB,SEX_T,OCU_SKILL_TOTAL,2006,29097.046,,NB,PS,3,LFS - Labour Force Survey,Repository: ILO-STATISTICS - Micro data processing,,,1,,
ILO:DF_EMP_TEMP_SEX_OCU_NB(1.0),GBR,A,EMP_TEMP_NB,SEX_T,OCU_SKILL_L3-4,2006,14344.076,,NB,PS,3,LFS - Labour Force Survey,Repository: ILO-STATISTICS - Micro data processing,,,1,,
ILO:DF_EMP_TEMP_SEX_OCU_NB(1.0),GBR,A,EMP_TEMP_NB,SEX_T,OCU_SKILL_L2,2006,11506.445,,NB,PS,3,LFS - Labour Force Survey,Repository: ILO-STATISTICS - Micro data processing,,,1,,
ILO:DF_EMP_TEMP_SEX_OCU_NB(1.0),GBR,A,EMP_TEMP_NB,SEX_T,OCU_SKILL_L1,2006,3223.988,,NB,PS,3,LFS - Labour Force Survey,Repository: ILO-STATISTICS - Micro data processing,,,1,,
ILO:DF_EMP_TEMP_SEX_OCU_NB(1.0),GBR,A,EMP_TEMP_NB,SEX_T,OCU_SKILL_X,2006,22.537,,NB,PS,3,LFS - Labour Force Survey,Repository: ILO-STATISTICS - Micro data processing,,,1,,
ILO:DF_EMP_TEMP_SEX_OCU_NB(1.0),GBR,A,EMP_TEMP_NB,SEX_T,OCU_ISCO08_TOTAL,2006,29097.046,,NB,PS,3,LFS - Labour Force Survey,Repository: ILO-STATISTICS - Micro data processing,,,1,,
ILO:DF_EMP_TEMP_SEX_OCU_NB(1.0),GBR,A,EMP_TEMP_NB,SEX_T,OCU_ISCO08_1,2006,6662.146,,NB,PS,3,LFS - Labour Force Survey,Repository: ILO-STATISTICS - Micro data processing,,,1,,
ILO:DF_EMP_TEMP_SEX_OCU_NB(1.0),GBR,A,EMP_TEMP_NB,SEX_T,OCU_ISCO08_2,2006,3869.627,,NB,PS,3,LFS - Labour Force Survey,Repository: ILO-STATISTICS - Micro data processing,,,1,,
ILO:DF_EMP_TEMP_SEX_OCU_NB(1.0),GBR,A,EMP_TEMP_NB,SEX_T,OCU_ISCO08_3,2006,3812.303,,NB,PS,3,LFS - Labour Force Survey,Repository: ILO-STATISTICS - Micro data processing,,,1,,
ILO:DF_EMP_TEMP_SEX_OCU_NB(1.0),GBR,A,EMP_TEMP_NB,SEX_T,OCU_ISCO08_4,2006,2494.144,,NB,PS,3,LFS - Labour Force Survey,Repository: ILO-STATISTICS - Micro data processing,,,1,,
ILO:DF_EMP_TEMP_SEX_OCU_NB(1.0),GBR,A,EMP_TEMP_NB,SEX_T,OCU_ISCO08_5,2006,3117.112,,NB,PS,3,LFS - Labour Force Survey,Repository: ILO-STATISTICS - Micro data processing,,,1,,
ILO:DF_EMP_TEMP_SEX_OCU_NB(1.0),GBR,A,EMP_TEMP_NB,SEX_T,OCU_ISCO08_6,2006,2106.664,,NB,PS,3,LFS - Labour Force Survey,Repository: ILO-STATISTICS - Micro data processing,,,1,,
ILO:DF_EMP_TEMP_SEX_OCU_NB(1.0),GBR,A,EMP_TEMP_NB,SEX_T,OCU_ISCO08_7,2006,1884.035,,NB,PS,3,LFS - Labour Force Survey,Repository: ILO-STATISTICS - Micro data processing,,,1,,
ILO:DF_EMP_TEMP_SEX_OCU_NB(1.0),GBR,A,EMP_TEMP_NB,SEX_T,OCU_ISCO08_8,2006,1904.49,,NB,PS,3,LFS - Labour Force Survey,Repository: ILO-STATISTICS - Micro data processing,,,1,,
ILO:DF_EMP_TEMP_SEX_OCU_NB(1.0),GBR,A,EMP_TEMP_NB,SEX_T,OCU_ISCO08_9,2006,3223.988,,NB,PS,3,LFS - Labour Force Survey,Repository: ILO-STATISTICS - Micro data processing,,,1,,
ILO:DF_EMP_TEMP_SEX_OCU_NB(1.0),GBR,A,EMP_TEMP_NB,SEX_T,OCU_ISCO08_X,2006,22.537,,NB,PS,3,LFS - Labour Force Survey,Repository: ILO-STATISTICS - Micro data processing,,,1,,
ILO:DF_EMP_TEMP_SEX_OCU_NB(1.0),GBR,A,EMP_TEMP_NB,SEX_T,OCU_SKILL_TOTAL,2007,29325.129,,NB,PS,3,LFS - Labour Force Survey,Repository: ILO-STATISTICS - Micro data processing,,,1,,
ILO:DF_EMP_TEMP_SEX_OCU_NB(1.0),GBR,A,EMP_TEMP_NB,SEX_T,OCU_SKILL_L3-4,2007,14495.377,,NB,PS,3,LFS - Labour Force Survey,Repository: ILO-STATISTICS - Micro data processing,,,1,,
ILO:DF_EMP_TEMP_SEX_OCU_NB(1.0),GBR,A,EMP_TEMP_NB,SEX_T,OCU_SKILL_L2,2007,11526.235,,NB,PS,3,LFS - Labour Force Survey,Repository: ILO-STATISTICS - Micro data processing,,,1,,
ILO:DF_EMP_TEMP_SEX_OCU_NB(1.0),GBR,A,EMP_TEMP_NB,SEX_T,OCU_SKILL_L1,2007,3273.486,,NB,PS,3,LFS - Labour Force Survey,Repository: ILO-STATISTICS - Micro data processing,,,1,,
ILO:DF_EMP_TEMP_SEX_OCU_NB(1.0),GBR,A,EMP_TEMP_NB,SEX_T,OCU_SKILL_X,2007,30.031,,NB,PS,3,LFS - Labour Force Survey,Repository: ILO-STATISTICS - Micro data processing,,,1,,
ILO:DF_EMP_TEMP_SEX_OCU_NB(1.0),GBR,A,EMP_TEMP_NB,SEX_T,OCU_ISCO08_TOTAL,2007,29325.129,,NB,PS,3,LFS - Labour Force Survey,Repository: ILO-STATISTICS - Micro data processing,,,1,,
ILO:DF_EMP_TEMP_SEX_OCU_NB(1.0),GBR,A,EMP_TEMP_NB,SEX_T,OCU_ISCO08_1,2007,6736.757,,NB,PS,3,LFS - Labour Force Survey,Repository: ILO-STATISTICS - Micro data processing,,,1,,
ILO:DF_EMP_TEMP_SEX_OCU_NB(1.0),GBR,A,EMP_TEMP_NB,SEX_T,OCU_ISCO08_2,2007,3903.788,,NB,PS,3,LFS - Labour Force Survey,Repository: ILO-STATISTICS - Micro data processing,,,1,,
ILO:DF_EMP_TEMP_SEX_OCU_NB(1.0),GBR,A,EMP_TEMP_NB,SEX_T,OCU_ISCO08_3,2007,3854.831,,NB,PS,3,LFS - Labour Force Survey,Repository: ILO-STATISTICS - Micro data processing,,,1,,
ILO:DF_EMP_TEMP_SEX_OCU_NB(1.0),GBR,A,EMP_TEMP_NB,SEX_T,OCU_ISCO08_4,2007,2441.404,,NB,PS,3,LFS - Labour Force Survey,Repository: ILO-STATISTICS - Micro data processing,,,1,,
ILO:DF_EMP_TEMP_SEX_OCU_NB(1.0),GBR,A,EMP_TEMP_NB,SEX_T,OCU_ISCO08_5,2007,3162.007,,NB,PS,3,LFS - Labour Force Survey,Repository: ILO-STATISTICS - Micro data processing,,,1,,
ILO:DF_EMP_TEMP_SEX_OCU_NB(1.0),GBR,A,EMP_TEMP_NB,SEX_T,OCU_ISCO08_6,2007,2132.839,,NB,PS,3,LFS - Labour Force Survey,Repository: ILO-STATISTICS - Micro data processing,,,1,,
ILO:DF_EMP_TEMP_SEX_OCU_NB(1.0),GBR,A,EMP_TEMP_NB,SEX_T,OCU_ISCO08_7,2007,1892.254,,NB,PS,3,LFS - Labour Force Survey,Repository: ILO-STATISTICS - Micro data processing,,,1,,
ILO:DF_EMP_TEMP_SEX_OCU_NB(1.0),GBR,A,EMP_TEMP_NB,SEX_T,OCU_ISCO08_8,2007,1897.732,,NB,PS,3,LFS - Labour Force Survey,Repository: ILO-STATISTICS - Micro data processing,,,1,,
ILO:DF_EMP_TEMP_SEX_OCU_NB(1.0),GBR,A,EMP_TEMP_NB,SEX_T,OCU_ISCO08_9,2007,3273.486,,NB,PS,3,LFS - Labour Force Survey,Repository: ILO-STATISTICS - Micro data processing,,,1,,
ILO:DF_EMP_TEMP_SEX_OCU_NB(1.0),GBR,A,EMP_TEMP_NB,SEX_T,OCU_ISCO08_X,2007,30.031,,NB,PS,3,LFS - Labour Force Survey,Repository: ILO-STATISTICS - Micro data processing,,,1,,
ILO:DF_EMP_TEMP_SEX_OCU_NB(1.0),GBR,A,EMP_TEMP_NB,SEX_T,OCU_SKILL_TOTAL,2008,29562.676,,NB,PS,3,LFS - Labour Force Survey,Repository: ILO-STATISTICS - Micro data processing,,,1,,
ILO:DF_EMP_TEMP_SEX_OCU_NB(1.0),GBR,A,EMP_TEMP_NB,SEX_T,OCU_SKILL_L3-4,2008,14784.884,,NB,PS,3,LFS - Labour Force Survey,Repository: ILO-STATISTICS - Micro data processing,,,1,,
ILO:DF_EMP_TEMP_SEX_OCU_NB(1.0),GBR,A,EMP_TEMP_NB,SEX_T,OCU_SKILL_L2,2008,11445.919,,NB,PS,3,LFS - Labour Force Survey,Repository: ILO-STATISTICS - Micro data processing,,,1,,
ILO:DF_EMP_TEMP_SEX_OCU_NB(1.0),GBR,A,EMP_TEMP_NB,SEX_T,OCU_SKILL_L1,2008,3297.958,,NB,PS,3,LFS - Labour Force Survey,Repository: ILO-STATISTICS - Micro data processing,,,1,,
ILO:DF_EMP_TEMP_SEX_OCU_NB(1.0),GBR,A,EMP_TEMP_NB,SEX_T,OCU_SKILL_X,2008,33.915,,NB,PS,3,LFS - Labour Force Survey,Repository: ILO-STATISTICS - Micro data processing,,,1,,
ILO:DF_EMP_TEMP_SEX_OCU_NB(1.0),GBR,A,EMP_TEMP_NB,SEX_T,OCU_ISCO08_TOTAL,2008,29562.676,,NB,PS,3,LFS - Labour Force Survey,Repository: ILO-STATISTICS - Micro data processing,,,1,,
ILO:DF_EMP_TEMP_SEX_OCU_NB(1.0),GBR,A,EMP_TEMP_NB,SEX_T,OCU_ISCO08_1,2008,6879.248,,NB,PS,3,LFS - Labour Force Survey,Repository: ILO-STATISTICS - Micro data processing,,,1,,
ILO:DF_EMP_TEMP_SEX_OCU_NB(1.0),GBR,A,EMP_TEMP_NB,SEX_T,OCU_ISCO08_2,2008,3940.363,,NB,PS,3,LFS - Labour Force Survey,Repository: ILO-STATISTICS - Micro data processing,,,1,,
ILO:DF_EMP_TEMP_SEX_OCU_NB(1.0),GBR,A,EMP_TEMP_NB,SEX_T,OCU_ISCO08_3,2008,3965.273,,NB,PS,3,LFS - Labour Force Survey,Repository: ILO-STATISTICS - Micro data processing,,,1,,
ILO:DF_EMP_TEMP_SEX_OCU_NB(1.0),GBR,A,EMP_TEMP_NB,SEX_T,OCU_ISCO08_4,2008,2365.107,,NB,PS,3,LFS - Labour Force Survey,Repository: ILO-STATISTICS - Micro data processing,,,1,,
ILO:DF_EMP_TEMP_SEX_OCU_NB(1.0),GBR,A,EMP_TEMP_NB,SEX_T,OCU_ISCO08_5,2008,3145.446,,NB,PS,3,LFS - Labour Force Survey,Repository: ILO-STATISTICS - Micro data processing,,,1,,
ILO:DF_EMP_TEMP_SEX_OCU_NB(1.0),GBR,A,EMP_TEMP_NB,SEX_T,OCU_ISCO08_6,2008,2252.898,,NB,PS,3,LFS - Labour Force Survey,Repository: ILO-STATISTICS - Micro data processing,,,1,,
ILO:DF_EMP_TEMP_SEX_OCU_NB(1.0),GBR,A,EMP_TEMP_NB,SEX_T,OCU_ISCO08_7,2008,1870.627,,NB,PS,3,LFS - Labour Force Survey,Repository: ILO-STATISTICS - Micro data processing,,,1,,
ILO:DF_EMP_TEMP_SEX_OCU_NB(1.0),GBR,A,EMP_TEMP_NB,SEX_T,OCU_ISCO08_8,2008,1811.842,,NB,PS,3,LFS - Labour Force Survey,Repository: ILO-STATISTICS - Micro data processing,,,1,,
ILO:DF_EMP_TEMP_SEX_OCU_NB(1.0),GBR,A,EMP_TEMP_NB,SEX_T,OCU_ISCO08_9,2008,3297.958,,NB,PS,3,LFS - Labour Force Survey,Repository: ILO-STATISTICS - Micro data processing,,,1,,
ILO:DF_EMP_TEMP_SEX_OCU_NB(1.0),GBR,A,EMP_TEMP_NB,SEX_T,OCU_ISCO08_X,2008,33.915,,NB,PS,3,LFS - Labour Force Survey,Repository: ILO-STATISTICS - Micro data processing,,,1,,
ILO:DF_EMP_TEMP_SEX_OCU_NB(1.0),GBR,A,EMP_TEMP_NB,SEX_T,OCU_SKILL_TOTAL,2009,29084.739,,NB,PS,3,LFS - Labour Force Survey,Repository: ILO-STATISTICS - Micro data processing,,,1,,
ILO:DF_EMP_TEMP_SEX_OCU_NB(1.0),GBR,A,EMP_TEMP_NB,SEX_T,OCU_SKILL_L3-4,2009,14760.656,,NB,PS,3,LFS - Labour Force Survey,Repository: ILO-STATISTICS - Micro data processing,,,1,,
ILO:DF_EMP_TEMP_SEX_OCU_NB(1.0),GBR,A,EMP_TEMP_NB,SEX_T,OCU_SKILL_L2,2009,11142.215,,NB,PS,3,LFS - Labour Force Survey,Repository: ILO-STATISTICS - Micro data processing,,,1,,
ILO:DF_EMP_TEMP_SEX_OCU_NB(1.0),GBR,A,EMP_TEMP_NB,SEX_T,OCU_SKILL_L1,2009,3154.512,,NB,PS,3,LFS - Labour Force Survey,Repository: ILO-STATISTICS - Micro data processing,,,1,,
ILO:DF_EMP_TEMP_SEX_OCU_NB(1.0),GBR,A,EMP_TEMP_NB,SEX_T,OCU_SKILL_X,2009,27.356,,NB,PS,3,LFS - Labour Force Survey,Repository: ILO-STATISTICS - Micro data processing,,,1,,
ILO:DF_EMP_TEMP_SEX_OCU_NB(1.0),GBR,A,EMP_TEMP_NB,SEX_T,OCU_ISCO08_TOTAL,2009,29084.739,,NB,PS,3,LFS - Labour Force Survey,Repository: ILO-STATISTICS - Micro data processing,,,1,,
ILO:DF_EMP_TEMP_SEX_OCU_NB(1.0),GBR,A,EMP_TEMP_NB,SEX_T,OCU_ISCO08_1,2009,6809.85,,NB,PS,3,LFS - Labour Force Survey,Repository: ILO-STATISTICS - Micro data processing,,,1,,
ILO:DF_EMP_TEMP_SEX_OCU_NB(1.0),GBR,A,EMP_TEMP_NB,SEX_T,OCU_ISCO08_2,2009,4044.263,,NB,PS,3,LFS - Labour Force Survey,Repository: ILO-STATISTICS - Micro data processing,,,1,,
ILO:DF_EMP_TEMP_SEX_OCU_NB(1.0),GBR,A,EMP_TEMP_NB,SEX_T,OCU_ISCO08_3,2009,3906.543,,NB,PS,3,LFS - Labour Force Survey,Repository: ILO-STATISTICS - Micro data processing,,,1,,
ILO:DF_EMP_TEMP_SEX_OCU_NB(1.0),GBR,A,EMP_TEMP_NB,SEX_T,OCU_ISCO08_4,2009,2309.761,,NB,PS,3,LFS - Labour Force Survey,Repository: ILO-STATISTICS - Micro data processing,,,1,,
ILO:DF_EMP_TEMP_SEX_OCU_NB(1.0),GBR,A,EMP_TEMP_NB,SEX_T,OCU_ISCO08_5,2009,2979.424,,NB,PS,3,LFS - Labour Force Survey,Repository: ILO-STATISTICS - Micro data processing,,,1,,
ILO:DF_EMP_TEMP_SEX_OCU_NB(1.0),GBR,A,EMP_TEMP_NB,SEX_T,OCU_ISCO08_6,2009,2330.395,,NB,PS,3,LFS - Labour Force Survey,Repository: ILO-STATISTICS - Micro data processing,,,1,,
ILO:DF_EMP_TEMP_SEX_OCU_NB(1.0),GBR,A,EMP_TEMP_NB,SEX_T,OCU_ISCO08_7,2009,1788.27,,NB,PS,3,LFS - Labour Force Survey,Repository: ILO-STATISTICS - Micro data processing,,,1,,
ILO:DF_EMP_TEMP_SEX_OCU_NB(1.0),GBR,A,EMP_TEMP_NB,SEX_T,OCU_ISCO08_8,2009,1734.366,,NB,PS,3,LFS - Labour Force Survey,Repository: ILO-STATISTICS - Micro data processing,,,1,,
ILO:DF_EMP_TEMP_SEX_OCU_NB(1.0),GBR,A,EMP_TEMP_NB,SEX_T,OCU_ISCO08_9,2009,3154.512,,NB,PS,3,LFS - Labour Force Survey,Repository: ILO-STATISTICS - Micro data processing,,,1,,
ILO:DF_EMP_TEMP_SEX_OCU_NB(1.0),GBR,A,EMP_TEMP_NB,SEX_T,OCU_ISCO08_X,2009,27.356,,NB,PS,3,LFS - Labour Force Survey,Repository: ILO-STATISTICS - Micro data processing,,,1,,
ILO:DF_EMP_TEMP_SEX_OCU_NB(1.0),GBR,A,EMP_TEMP_NB,SEX_T,OCU_SKILL_TOTAL,2010,29138.587,,NB,PS,3,LFS - Labour Force Survey,Repository: ILO-STATISTICS - Micro data processing,,,1,,
ILO:DF_EMP_TEMP_SEX_OCU_NB(1.0),GBR,A,EMP_TEMP_NB,SEX_T,OCU_SKILL_L3-4,2010,14834.032,,NB,PS,3,LFS - Labour Force Survey,Repository: ILO-STATISTICS - Micro data processing,,,1,,
ILO:DF_EMP_TEMP_SEX_OCU_NB(1.0),GBR,A,EMP_TEMP_NB,SEX_T,OCU_SKILL_L2,2010,11068.541,,NB,PS,3,LFS - Labour Force Survey,Repository: ILO-STATISTICS - Micro data processing,,,1,,
ILO:DF_EMP_TEMP_SEX_OCU_NB(1.0),GBR,A,EMP_TEMP_NB,SEX_T,OCU_SKILL_L1,2010,3205.533,,NB,PS,3,LFS - Labour Force Survey,Repository: ILO-STATISTICS - Micro data processing,,,1,,
ILO:DF_EMP_TEMP_SEX_OCU_NB(1.0),GBR,A,EMP_TEMP_NB,SEX_T,OCU_SKILL_X,2010,30.482,,NB,PS,3,LFS - Labour Force Survey,Repository: ILO-STATISTICS - Micro data processing,,,1,,
ILO:DF_EMP_TEMP_SEX_OCU_NB(1.0),GBR,A,EMP_TEMP_NB,SEX_T,OCU_ISCO08_TOTAL,2010,29138.587,,NB,PS,3,LFS - Labour Force Survey,Repository: ILO-STATISTICS - Micro data processing,,,1,,
ILO:DF_EMP_TEMP_SEX_OCU_NB(1.0),GBR,A,EMP_TEMP_NB,SEX_T,OCU_ISCO08_1,2010,6784.861,,NB,PS,3,LFS - Labour Force Survey,Repository: ILO-STATISTICS - Micro data processing,,,1,,
ILO:DF_EMP_TEMP_SEX_OCU_NB(1.0),GBR,A,EMP_TEMP_NB,SEX_T,OCU_ISCO08_2,2010,4111.739,,NB,PS,3,LFS - Labour Force Survey,Repository: ILO-STATISTICS - Micro data processing,,,1,,
ILO:DF_EMP_TEMP_SEX_OCU_NB(1.0),GBR,A,EMP_TEMP_NB,SEX_T,OCU_ISCO08_3,2010,3937.432,,NB,PS,3,LFS - Labour Force Survey,Repository: ILO-STATISTICS - Micro data processing,,,1,,
ILO:DF_EMP_TEMP_SEX_OCU_NB(1.0),GBR,A,EMP_TEMP_NB,SEX_T,OCU_ISCO08_4,2010,2259.669,,NB,PS,3,LFS - Labour Force Survey,Repository: ILO-STATISTICS - Micro data processing,,,1,,
ILO:DF_EMP_TEMP_SEX_OCU_NB(1.0),GBR,A,EMP_TEMP_NB,SEX_T,OCU_ISCO08_5,2010,2938.095,,NB,PS,3,LFS - Labour Force Survey,Repository: ILO-STATISTICS - Micro data processing,,,1,,
ILO:DF_EMP_TEMP_SEX_OCU_NB(1.0),GBR,A,EMP_TEMP_NB,SEX_T,OCU_ISCO08_6,2010,2368.35,,NB,PS,3,LFS - Labour Force Survey,Repository: ILO-STATISTICS - Micro data processing,,,1,,
ILO:DF_EMP_TEMP_SEX_OCU_NB(1.0),GBR,A,EMP_TEMP_NB,SEX_T,OCU_ISCO08_7,2010,1814.938,,NB,PS,3,LFS - Labour Force Survey,Repository: ILO-STATISTICS - Micro data processing,,,1,,
ILO:DF_EMP_TEMP_SEX_OCU_NB(1.0),GBR,A,EMP_TEMP_NB,SEX_T,OCU_ISCO08_8,2010,1687.49,,NB,PS,3,LFS - Labour Force Survey,Repository: ILO-STATISTICS - Micro data processing,,,1,,
ILO:DF_EMP_TEMP_SEX_OCU_NB(1.0),GBR,A,EMP_TEMP_NB,SEX_T,OCU_ISCO08_9,2010,3205.533,,NB,PS,3,LFS - Labour Force Survey,Repository: ILO-STATISTICS - Micro data processing,,,1,,
ILO:DF_EMP_TEMP_SEX_OCU_NB(1.0),GBR,A,EMP_TEMP_NB,SEX_T,OCU_ISCO08_X,2010,30.482,,NB,PS,3,LFS - Labour Force Survey,Repository: ILO-STATISTICS - Micro data processing,,,1,,
ILO:DF_EMP_TEMP_SEX_OCU_NB(1.0),GBR,A,EMP_TEMP_NB,SEX_T,OCU_SKILL_TOTAL,2011,29305.255,,NB,PS,3,LFS - Labour Force Survey,Repository: ILO-STATISTICS - Micro data processing,,,1,,
ILO:DF_EMP_TEMP_SEX_OCU_NB(1.0),GBR,A,EMP_TEMP_NB,SEX_T,OCU_SKILL_L3-4,2011,13642.824,,NB,PS,3,LFS - Labour Force Survey,Repository: ILO-STATISTICS - Micro data processing,,,1,,
ILO:DF_EMP_TEMP_SEX_OCU_NB(1.0),GBR,A,EMP_TEMP_NB,SEX_T,OCU_SKILL_L2,2011,12940.462,,NB,PS,3,LFS - Labour Force Survey,Repository: ILO-STATISTICS - Micro data processing,,,1,,
ILO:DF_EMP_TEMP_SEX_OCU_NB(1.0),GBR,A,EMP_TEMP_NB,SEX_T,OCU_SKILL_L1,2011,2597.221,,NB,PS,3,LFS - Labour Force Survey,Repository: ILO-STATISTICS - Micro data processing,,,1,,
ILO:DF_EMP_TEMP_SEX_OCU_NB(1.0),GBR,A,EMP_TEMP_NB,SEX_T,OCU_SKILL_X,2011,124.749,,NB,PS,3,LFS - Labour Force Survey,Repository: ILO-STATISTICS - Micro data processing,,,1,,
ILO:DF_EMP_TEMP_SEX_OCU_NB(1.0),GBR,A,EMP_TEMP_NB,SEX_T,OCU_ISCO08_TOTAL,2011,29305.255,,NB,PS,3,LFS - Labour Force Survey,Repository: ILO-STATISTICS - Micro data processing,,,1,,
ILO:DF_EMP_TEMP_SEX_OCU_NB(1.0),GBR,A,EMP_TEMP_NB,SEX_T,OCU_ISCO08_1,2011,2995.841,,NB,PS,3,LFS - Labour Force Survey,Repository: ILO-STATISTICS - Micro data processing,,,1,,
ILO:DF_EMP_TEMP_SEX_OCU_NB(1.0),GBR,A,EMP_TEMP_NB,SEX_T,OCU_ISCO08_2,2011,6991.509,,NB,PS,3,LFS - Labour Force Survey,Repository: ILO-STATISTICS - Micro data processing,,,1,,
ILO:DF_EMP_TEMP_SEX_OCU_NB(1.0),GBR,A,EMP_TEMP_NB,SEX_T,OCU_ISCO08_3,2011,3655.474,,NB,PS,3,LFS - Labour Force Survey,Repository: ILO-STATISTICS - Micro data processing,,,1,,
ILO:DF_EMP_TEMP_SEX_OCU_NB(1.0),GBR,A,EMP_TEMP_NB,SEX_T,OCU_ISCO08_4,2011,3003.188,,NB,PS,3,LFS - Labour Force Survey,Repository: ILO-STATISTICS - Micro data processing,,,1,,
ILO:DF_EMP_TEMP_SEX_OCU_NB(1.0),GBR,A,EMP_TEMP_NB,SEX_T,OCU_ISCO08_5,2011,5527.545,,NB,PS,3,LFS - Labour Force Survey,Repository: ILO-STATISTICS - Micro data processing,,,1,,
ILO:DF_EMP_TEMP_SEX_OCU_NB(1.0),GBR,A,EMP_TEMP_NB,SEX_T,OCU_ISCO08_6,2011,359.555,,NB,PS,3,LFS - Labour Force Survey,Repository: ILO-STATISTICS - Micro data processing,,,1,,
ILO:DF_EMP_TEMP_SEX_OCU_NB(1.0),GBR,A,EMP_TEMP_NB,SEX_T,OCU_ISCO08_7,2011,2599.05,,NB,PS,3,LFS - Labour Force Survey,Repository: ILO-STATISTICS - Micro data processing,,,1,,
ILO:DF_EMP_TEMP_SEX_OCU_NB(1.0),GBR,A,EMP_TEMP_NB,SEX_T,OCU_ISCO08_8,2011,1451.125,,NB,PS,3,LFS - Labour Force Survey,Repository: ILO-STATISTICS - Micro data processing,,,1,,
ILO:DF_EMP_TEMP_SEX_OCU_NB(1.0),GBR,A,EMP_TEMP_NB,SEX_T,OCU_ISCO08_9,2011,2597.221,,NB,PS,3,LFS - Labour Force Survey,Repository: ILO-STATISTICS - Micro data processing,,,1,,
ILO:DF_EMP_TEMP_SEX_OCU_NB(1.0),GBR,A,EMP_TEMP_NB,SEX_T,OCU_ISCO08_0,2011,88.764,,NB,PS,3,LFS - Labour Force Survey,Repository: ILO-STATISTICS - Micro data processing,,,1,,
ILO:DF_EMP_TEMP_SEX_OCU_NB(1.0),GBR,A,EMP_TEMP_NB,SEX_T,OCU_ISCO08_X,2011,35.985,,NB,PS,3,LFS - Labour Force Survey,Repository: ILO-STATISTICS - Micro data processing,,,1,,
ILO:DF_EMP_TEMP_SEX_OCU_NB(1.0),GBR,A,EMP_TEMP_NB,SEX_T,OCU_SKILL_TOTAL,2012,29562.202,,NB,PS,3,LFS - Labour Force Survey,Repository: ILO-STATISTICS - Micro data processing,,,1,,
ILO:DF_EMP_TEMP_SEX_OCU_NB(1.0),GBR,A,EMP_TEMP_NB,SEX_T,OCU_SKILL_L3-4,2012,13951.69,,NB,PS,3,LFS - Labour Force Survey,Repository: ILO-STATISTICS - Micro data processing,,,1,,
ILO:DF_EMP_TEMP_SEX_OCU_NB(1.0),GBR,A,EMP_TEMP_NB,SEX_T,OCU_SKILL_L2,2012,12852.051,,NB,PS,3,LFS - Labour Force Survey,Repository: ILO-STATISTICS - Micro data processing,,,1,,
ILO:DF_EMP_TEMP_SEX_OCU_NB(1.0),GBR,A,EMP_TEMP_NB,SEX_T,OCU_SKILL_L1,2012,2627.776,,NB,PS,3,LFS - Labour Force Survey,Repository: ILO-STATISTICS - Micro data processing,,,1,,
ILO:DF_EMP_TEMP_SEX_OCU_NB(1.0),GBR,A,EMP_TEMP_NB,SEX_T,OCU_SKILL_X,2012,130.685,,NB,PS,3,LFS - Labour Force Survey,Repository: ILO-STATISTICS - Micro data processing,,,1,,
ILO:DF_EMP_TEMP_SEX_OCU_NB(1.0),GBR,A,EMP_TEMP_NB,SEX_T,OCU_ISCO08_TOTAL,2012,29562.202,,NB,PS,3,LFS - Labour Force Survey,Repository: ILO-STATISTICS - Micro data processing,,,1,,
ILO:DF_EMP_TEMP_SEX_OCU_NB(1.0),GBR,A,EMP_TEMP_NB,SEX_T,OCU_ISCO08_1,2012,3083.138,,NB,PS,3,LFS - Labour Force Survey,Repository: ILO-STATISTICS - Micro data processing,,,1,,
ILO:DF_EMP_TEMP_SEX_OCU_NB(1.0),GBR,A,EMP_TEMP_NB,SEX_T,OCU_ISCO08_2,2012,7056.789,,NB,PS,3,LFS - Labour Force Survey,Repository: ILO-STATISTICS - Micro data processing,,,1,,
ILO:DF_EMP_TEMP_SEX_OCU_NB(1.0),GBR,A,EMP_TEMP_NB,SEX_T,OCU_ISCO08_3,2012,3811.764,,NB,PS,3,LFS - Labour Force Survey,Repository: ILO-STATISTICS - Micro data processing,,,1,,
ILO:DF_EMP_TEMP_SEX_OCU_NB(1.0),GBR,A,EMP_TEMP_NB,SEX_T,OCU_ISCO08_4,2012,2990.756,,NB,PS,3,LFS - Labour Force Survey,Repository: ILO-STATISTICS - Micro data processing,,,1,,
ILO:DF_EMP_TEMP_SEX_OCU_NB(1.0),GBR,A,EMP_TEMP_NB,SEX_T,OCU_ISCO08_5,2012,5515.039,,NB,PS,3,LFS - Labour Force Survey,Repository: ILO-STATISTICS - Micro data processing,,,1,,
ILO:DF_EMP_TEMP_SEX_OCU_NB(1.0),GBR,A,EMP_TEMP_NB,SEX_T,OCU_ISCO08_6,2012,360.482,,NB,PS,3,LFS - Labour Force Survey,Repository: ILO-STATISTICS - Micro data processing,,,1,,
ILO:DF_EMP_TEMP_SEX_OCU_NB(1.0),GBR,A,EMP_TEMP_NB,SEX_T,OCU_ISCO08_7,2012,2515.879,,NB,PS,3,LFS - Labour Force Survey,Repository: ILO-STATISTICS - Micro data processing,,,1,,
ILO:DF_EMP_TEMP_SEX_OCU_NB(1.0),GBR,A,EMP_TEMP_NB,SEX_T,OCU_ISCO08_8,2012,1469.895,,NB,PS,3,LFS - Labour Force Survey,Repository: ILO-STATISTICS - Micro data processing,,,1,,
ILO:DF_EMP_TEMP_SEX_OCU_NB(1.0),GBR,A,EMP_TEMP_NB,SEX_T,OCU_ISCO08_9,2012,2627.776,,NB,PS,3,LFS - Labour Force Survey,Repository: ILO-STATISTICS - Micro data processing,,,1,,
ILO:DF_EMP_TEMP_SEX_OCU_NB(1.0),GBR,A,EMP_TEMP_NB,SEX_T,OCU_ISCO08_0,2012,96.582,,NB,PS,3,LFS - Labour Force Survey,Repository: ILO-STATISTICS - Micro data processing,,,1,,
ILO:DF_EMP_TEMP_SEX_OCU_NB(1.0),GBR,A,EMP_TEMP_NB,SEX_T,OCU_ISCO08_X,2012,34.103,,NB,PS,3,LFS - Labour Force Survey,Repository: ILO-STATISTICS - Micro data processing,,,1,,
ILO:DF_EMP_TEMP_SEX_OCU_NB(1.0),GBR,A,EMP_TEMP_NB,SEX_T,OCU_SKILL_TOTAL,2013,29933.442,,NB,PS,3,LFS - Labour Force Survey,Repository: ILO-STATISTICS - Micro data processing,,,1,,
ILO:DF_EMP_TEMP_SEX_OCU_NB(1.0),GBR,A,EMP_TEMP_NB,SEX_T,OCU_SKILL_L3-4,2013,14289.021,,NB,PS,3,LFS - Labour Force Survey,Repository: ILO-STATISTICS - Micro data processing,,,1,,
ILO:DF_EMP_TEMP_SEX_OCU_NB(1.0),GBR,A,EMP_TEMP_NB,SEX_T,OCU_SKILL_L2,2013,12904.706,,NB,PS,3,LFS - Labour Force Survey,Repository: ILO-STATISTICS - Micro data processing,,,1,,
ILO:DF_EMP_TEMP_SEX_OCU_NB(1.0),GBR,A,EMP_TEMP_NB,SEX_T,OCU_SKILL_L1,2013,2625.237,,NB,PS,3,LFS - Labour Force Survey,Repository: ILO-STATISTICS - Micro data processing,,,1,,
ILO:DF_EMP_TEMP_SEX_OCU_NB(1.0),GBR,A,EMP_TEMP_NB,SEX_T,OCU_SKILL_X,2013,114.478,,NB,PS,3,LFS - Labour Force Survey,Repository: ILO-STATISTICS - Micro data processing,,,1,,
ILO:DF_EMP_TEMP_SEX_OCU_NB(1.0),GBR,A,EMP_TEMP_NB,SEX_T,OCU_ISCO08_TOTAL,2013,29933.442,,NB,PS,3,LFS - Labour Force Survey,Repository: ILO-STATISTICS - Micro data processing,,,1,,
ILO:DF_EMP_TEMP_SEX_OCU_NB(1.0),GBR,A,EMP_TEMP_NB,SEX_T,OCU_ISCO08_1,2013,3213.096,,NB,PS,3,LFS - Labour Force Survey,Repository: ILO-STATISTICS - Micro data processing,,,1,,
ILO:DF_EMP_TEMP_SEX_OCU_NB(1.0),GBR,A,EMP_TEMP_NB,SEX_T,OCU_ISCO08_2,2013,7284.741,,NB,PS,3,LFS - Labour Force Survey,Repository: ILO-STATISTICS - Micro data processing,,,1,,
ILO:DF_EMP_TEMP_SEX_OCU_NB(1.0),GBR,A,EMP_TEMP_NB,SEX_T,OCU_ISCO08_3,2013,3791.185,,NB,PS,3,LFS - Labour Force Survey,Repository: ILO-STATISTICS - Micro data processing,,,1,,
ILO:DF_EMP_TEMP_SEX_OCU_NB(1.0),GBR,A,EMP_TEMP_NB,SEX_T,OCU_ISCO08_4,2013,2989.247,,NB,PS,3,LFS - Labour Force Survey,Repository: ILO-STATISTICS - Micro data processing,,,1,,
ILO:DF_EMP_TEMP_SEX_OCU_NB(1.0),GBR,A,EMP_TEMP_NB,SEX_T,OCU_ISCO08_5,2013,5576.803,,NB,PS,3,LFS - Labour Force Survey,Repository: ILO-STATISTICS - Micro data processing,,,1,,
ILO:DF_EMP_TEMP_SEX_OCU_NB(1.0),GBR,A,EMP_TEMP_NB,SEX_T,OCU_ISCO08_6,2013,340.271,,NB,PS,3,LFS - Labour Force Survey,Repository: ILO-STATISTICS - Micro data processing,,,1,,
ILO:DF_EMP_TEMP_SEX_OCU_NB(1.0),GBR,A,EMP_TEMP_NB,SEX_T,OCU_ISCO08_7,2013,2532.942,,NB,PS,3,LFS - Labour Force Survey,Repository: ILO-STATISTICS - Micro data processing,,,1,,
ILO:DF_EMP_TEMP_SEX_OCU_NB(1.0),GBR,A,EMP_TEMP_NB,SEX_T,OCU_ISCO08_8,2013,1465.443,,NB,PS,3,LFS - Labour Force Survey,Repository: ILO-STATISTICS - Micro data processing,,,1,,
ILO:DF_EMP_TEMP_SEX_OCU_NB(1.0),GBR,A,EMP_TEMP_NB,SEX_T,OCU_ISCO08_9,2013,2625.237,,NB,PS,3,LFS - Labour Force Survey,Repository: ILO-STATISTICS - Micro data processing,,,1,,
ILO:DF_EMP_TEMP_SEX_OCU_NB(1.0),GBR,A,EMP_TEMP_NB,SEX_T,OCU_ISCO08_0,2013,81.982,,NB,PS,3,LFS - Labour Force Survey,Repository: ILO-STATISTICS - Micro data processing,,,1,,
ILO:DF_EMP_TEMP_SEX_OCU_NB(1.0),GBR,A,EMP_TEMP_NB,SEX_T,OCU_ISCO08_X,2013,32.496,,NB,PS,3,LFS - Labour Force Survey,Repository: ILO-STATISTICS - Micro data processing,,,1,,
ILO:DF_EMP_TEMP_SEX_OCU_NB(1.0),GBR,A,EMP_TEMP_NB,SEX_T,OCU_SKILL_TOTAL,2014,30653.444,,NB,PS,3,LFS - Labour Force Survey,Repository: ILO-STATISTICS - Micro data processing,,,1,,
ILO:DF_EMP_TEMP_SEX_OCU_NB(1.0),GBR,A,EMP_TEMP_NB,SEX_T,OCU_SKILL_L3-4,2014,14569.753,,NB,PS,3,LFS - Labour Force Survey,Repository: ILO-STATISTICS - Micro data processing,,,1,,
ILO:DF_EMP_TEMP_SEX_OCU_NB(1.0),GBR,A,EMP_TEMP_NB,SEX_T,OCU_SKILL_L2,2014,13239.781,,NB,PS,3,LFS - Labour Force Survey,Repository: ILO-STATISTICS - Micro data processing,,,1,,
ILO:DF_EMP_TEMP_SEX_OCU_NB(1.0),GBR,A,EMP_TEMP_NB,SEX_T,OCU_SKILL_L1,2014,2726.004,,NB,PS,3,LFS - Labour Force Survey,Repository: ILO-STATISTICS - Micro data processing,,,1,,
ILO:DF_EMP_TEMP_SEX_OCU_NB(1.0),GBR,A,EMP_TEMP_NB,SEX_T,OCU_SKILL_X,2014,117.907,,NB,PS,3,LFS - Labour Force Survey,Repository: ILO-STATISTICS - Micro data processing,,,1,,
ILO:DF_EMP_TEMP_SEX_OCU_NB(1.0),GBR,A,EMP_TEMP_NB,SEX_T,OCU_ISCO08_TOTAL,2014,30653.444,,NB,PS,3,LFS - Labour Force Survey,Repository: ILO-STATISTICS - Micro data processing,,,1,,
ILO:DF_EMP_TEMP_SEX_OCU_NB(1.0),GBR,A,EMP_TEMP_NB,SEX_T,OCU_ISCO08_1,2014,3201.127,,NB,PS,3,LFS - Labour Force Survey,Repository: ILO-STATISTICS - Micro data processing,,,1,,
ILO:DF_EMP_TEMP_SEX_OCU_NB(1.0),GBR,A,EMP_TEMP_NB,SEX_T,OCU_ISCO08_2,2014,7521.132,,NB,PS,3,LFS - Labour Force Survey,Repository: ILO-STATISTICS - Micro data processing,,,1,,
ILO:DF_EMP_TEMP_SEX_OCU_NB(1.0),GBR,A,EMP_TEMP_NB,SEX_T,OCU_ISCO08_3,2014,3847.494,,NB,PS,3,LFS - Labour Force Survey,Repository: ILO-STATISTICS - Micro data processing,,,1,,
ILO:DF_EMP_TEMP_SEX_OCU_NB(1.0),GBR,A,EMP_TEMP_NB,SEX_T,OCU_ISCO08_4,2014,3012.787,,NB,PS,3,LFS - Labour Force Survey,Repository: ILO-STATISTICS - Micro data processing,,,1,,
ILO:DF_EMP_TEMP_SEX_OCU_NB(1.0),GBR,A,EMP_TEMP_NB,SEX_T,OCU_ISCO08_5,2014,5700.477,,NB,PS,3,LFS - Labour Force Survey,Repository: ILO-STATISTICS - Micro data processing,,,1,,
ILO:DF_EMP_TEMP_SEX_OCU_NB(1.0),GBR,A,EMP_TEMP_NB,SEX_T,OCU_ISCO08_6,2014,391.845,,NB,PS,3,LFS - Labour Force Survey,Repository: ILO-STATISTICS - Micro data processing,,,1,,
ILO:DF_EMP_TEMP_SEX_OCU_NB(1.0),GBR,A,EMP_TEMP_NB,SEX_T,OCU_ISCO08_7,2014,2648.231,,NB,PS,3,LFS - Labour Force Survey,Repository: ILO-STATISTICS - Micro data processing,,,1,,
ILO:DF_EMP_TEMP_SEX_OCU_NB(1.0),GBR,A,EMP_TEMP_NB,SEX_T,OCU_ISCO08_8,2014,1486.441,,NB,PS,3,LFS - Labour Force Survey,Repository: ILO-STATISTICS - Micro data processing,,,1,,
ILO:DF_EMP_TEMP_SEX_OCU_NB(1.0),GBR,A,EMP_TEMP_NB,SEX_T,OCU_ISCO08_9,2014,2726.004,,NB,PS,3,LFS - Labour Force Survey,Repository: ILO-STATISTICS - Micro data processing,,,1,,
ILO:DF_EMP_TEMP_SEX_OCU_NB(1.0),GBR,A,EMP_TEMP_NB,SEX_T,OCU_ISCO08_0,2014,75.022,,NB,PS,3,LFS - Labour Force Survey,Repository: ILO-STATISTICS - Micro data processing,,,1,,
ILO:DF_EMP_TEMP_SEX_OCU_NB(1.0),GBR,A,EMP_TEMP_NB,SEX_T,OCU_ISCO08_X,2014,42.885,,NB,PS,3,LFS - Labour Force Survey,Repository: ILO-STATISTICS - Micro data processing,,,1,,
ILO:DF_EMP_TEMP_SEX_OCU_NB(1.0),GBR,A,EMP_TEMP_NB,SEX_T,OCU_SKILL_TOTAL,2015,31169.751,,NB,PS,3,LFS - Labour Force Survey,Repository: ILO-STATISTICS - Micro data processing,,,1,,
ILO:DF_EMP_TEMP_SEX_OCU_NB(1.0),GBR,A,EMP_TEMP_NB,SEX_T,OCU_SKILL_L3-4,2015,14845.853,,NB,PS,3,LFS - Labour Force Survey,Repository: ILO-STATISTICS - Micro data processing,,,1,,
ILO:DF_EMP_TEMP_SEX_OCU_NB(1.0),GBR,A,EMP_TEMP_NB,SEX_T,OCU_SKILL_L2,2015,13458.355,,NB,PS,3,LFS - Labour Force Survey,Repository: ILO-STATISTICS - Micro data processing,,,1,,
ILO:DF_EMP_TEMP_SEX_OCU_NB(1.0),GBR,A,EMP_TEMP_NB,SEX_T,OCU_SKILL_L1,2015,2745.968,,NB,PS,3,LFS - Labour Force Survey,Repository: ILO-STATISTICS - Micro data processing,,,1,,
ILO:DF_EMP_TEMP_SEX_OCU_NB(1.0),GBR,A,EMP_TEMP_NB,SEX_T,OCU_SKILL_X,2015,119.575,,NB,PS,3,LFS - Labour Force Survey,Repository: ILO-STATISTICS - Micro data processing,,,1,,
ILO:DF_EMP_TEMP_SEX_OCU_NB(1.0),GBR,A,EMP_TEMP_NB,SEX_T,OCU_ISCO08_TOTAL,2015,31169.751,,NB,PS,3,LFS - Labour Force Survey,Repository: ILO-STATISTICS - Micro data processing,,,1,,
ILO:DF_EMP_TEMP_SEX_OCU_NB(1.0),GBR,A,EMP_TEMP_NB,SEX_T,OCU_ISCO08_1,2015,3338.847,,NB,PS,3,LFS - Labour Force Survey,Repository: ILO-STATISTICS - Micro data processing,,,1,,
ILO:DF_EMP_TEMP_SEX_OCU_NB(1.0),GBR,A,EMP_TEMP_NB,SEX_T,OCU_ISCO08_2,2015,7644.769,,NB,PS,3,LFS - Labour Force Survey,Repository: ILO-STATISTICS - Micro data processing,,,1,,
ILO:DF_EMP_TEMP_SEX_OCU_NB(1.0),GBR,A,EMP_TEMP_NB,SEX_T,OCU_ISCO08_3,2015,3862.236,,NB,PS,3,LFS - Labour Force Survey,Repository: ILO-STATISTICS - Micro data processing,,,1,,
ILO:DF_EMP_TEMP_SEX_OCU_NB(1.0),GBR,A,EMP_TEMP_NB,SEX_T,OCU_ISCO08_4,2015,3133.847,,NB,PS,3,LFS - Labour Force Survey,Repository: ILO-STATISTICS - Micro data processing,,,1,,
ILO:DF_EMP_TEMP_SEX_OCU_NB(1.0),GBR,A,EMP_TEMP_NB,SEX_T,OCU_ISCO08_5,2015,5741.555,,NB,PS,3,LFS - Labour Force Survey,Repository: ILO-STATISTICS - Micro data processing,,,1,,
ILO:DF_EMP_TEMP_SEX_OCU_NB(1.0),GBR,A,EMP_TEMP_NB,SEX_T,OCU_ISCO08_6,2015,364.285,,NB,PS,3,LFS - Labour Force Survey,Repository: ILO-STATISTICS - Micro data processing,,,1,,
ILO:DF_EMP_TEMP_SEX_OCU_NB(1.0),GBR,A,EMP_TEMP_NB,SEX_T,OCU_ISCO08_7,2015,2691.393,,NB,PS,3,LFS - Labour Force Survey,Repository: ILO-STATISTICS - Micro data processing,,,1,,
ILO:DF_EMP_TEMP_SEX_OCU_NB(1.0),GBR,A,EMP_TEMP_NB,SEX_T,OCU_ISCO08_8,2015,1527.276,,NB,PS,3,LFS - Labour Force Survey,Repository: ILO-STATISTICS - Micro data processing,,,1,,
ILO:DF_EMP_TEMP_SEX_OCU_NB(1.0),GBR,A,EMP_TEMP_NB,SEX_T,OCU_ISCO08_9,2015,2745.968,,NB,PS,3,LFS - Labour Force Survey,Repository: ILO-STATISTICS - Micro data processing,,,1,,
ILO:DF_EMP_TEMP_SEX_OCU_NB(1.0),GBR,A,EMP_TEMP_NB,SEX_T,OCU_ISCO08_0,2015,83.171,,NB,PS,3,LFS - Labour Force Survey,Repository: ILO-STATISTICS - Micro data processing,,,1,,
ILO:DF_EMP_TEMP_SEX_OCU_NB(1.0),GBR,A,EMP_TEMP_NB,SEX_T,OCU_ISCO08_X,2015,36.404,,NB,PS,3,LFS - Labour Force Survey,Repository: ILO-STATISTICS - Micro data processing,,,1,,
ILO:DF_EMP_TEMP_SEX_OCU_NB(1.0),GBR,A,EMP_TEMP_NB,SEX_T,OCU_SKILL_TOTAL,2016,31696.125,,NB,PS,3,LFS - Labour Force Survey,Repository: ILO-STATISTICS - Micro data processing,,,1,,
ILO:DF_EMP_TEMP_SEX_OCU_NB(1.0),GBR,A,EMP_TEMP_NB,SEX_T,OCU_SKILL_L3-4,2016,15333.338,,NB,PS,3,LFS - Labour Force Survey,Repository: ILO-STATISTICS - Micro data processing,,,1,,
ILO:DF_EMP_TEMP_SEX_OCU_NB(1.0),GBR,A,EMP_TEMP_NB,SEX_T,OCU_SKILL_L2,2016,13506.784,,NB,PS,3,LFS - Labour Force Survey,Repository: ILO-STATISTICS - Micro data processing,,,1,,
ILO:DF_EMP_TEMP_SEX_OCU_NB(1.0),GBR,A,EMP_TEMP_NB,SEX_T,OCU_SKILL_L1,2016,2735.748,,NB,PS,3,LFS - Labour Force Survey,Repository: ILO-STATISTICS - Micro data processing,,,1,,
ILO:DF_EMP_TEMP_SEX_OCU_NB(1.0),GBR,A,EMP_TEMP_NB,SEX_T,OCU_SKILL_X,2016,120.254,,NB,PS,3,LFS - Labour Force Survey,Repository: ILO-STATISTICS - Micro data processing,,,1,,
ILO:DF_EMP_TEMP_SEX_OCU_NB(1.0),GBR,A,EMP_TEMP_NB,SEX_T,OCU_ISCO08_TOTAL,2016,31696.125,,NB,PS,3,LFS - Labour Force Survey,Repository: ILO-STATISTICS - Micro data processing,,,1,,
ILO:DF_EMP_TEMP_SEX_OCU_NB(1.0),GBR,A,EMP_TEMP_NB,SEX_T,OCU_ISCO08_1,2016,3447.6,,NB,PS,3,LFS - Labour Force Survey,Repository: ILO-STATISTICS - Micro data processing,,,1,,
ILO:DF_EMP_TEMP_SEX_OCU_NB(1.0),GBR,A,EMP_TEMP_NB,SEX_T,OCU_ISCO08_2,2016,7951.276,,NB,PS,3,LFS - Labour Force Survey,Repository: ILO-STATISTICS - Micro data processing,,,1,,
ILO:DF_EMP_TEMP_SEX_OCU_NB(1.0),GBR,A,EMP_TEMP_NB,SEX_T,OCU_ISCO08_3,2016,3934.463,,NB,PS,3,LFS - Labour Force Survey,Repository: ILO-STATISTICS - Micro data processing,,,1,,
ILO:DF_EMP_TEMP_SEX_OCU_NB(1.0),GBR,A,EMP_TEMP_NB,SEX_T,OCU_ISCO08_4,2016,3045.907,,NB,PS,3,LFS - Labour Force Survey,Repository: ILO-STATISTICS - Micro data processing,,,1,,
ILO:DF_EMP_TEMP_SEX_OCU_NB(1.0),GBR,A,EMP_TEMP_NB,SEX_T,OCU_ISCO08_5,2016,5802.912,,NB,PS,3,LFS - Labour Force Survey,Repository: ILO-STATISTICS - Micro data processing,,,1,,
ILO:DF_EMP_TEMP_SEX_OCU_NB(1.0),GBR,A,EMP_TEMP_NB,SEX_T,OCU_ISCO08_6,2016,385.877,,NB,PS,3,LFS - Labour Force Survey,Repository: ILO-STATISTICS - Micro data processing,,,1,,
ILO:DF_EMP_TEMP_SEX_OCU_NB(1.0),GBR,A,EMP_TEMP_NB,SEX_T,OCU_ISCO08_7,2016,2648.174,,NB,PS,3,LFS - Labour Force Survey,Repository: ILO-STATISTICS - Micro data processing,,,1,,
ILO:DF_EMP_TEMP_SEX_OCU_NB(1.0),GBR,A,EMP_TEMP_NB,SEX_T,OCU_ISCO08_8,2016,1623.914,,NB,PS,3,LFS - Labour Force Survey,Repository: ILO-STATISTICS - Micro data processing,,,1,,
ILO:DF_EMP_TEMP_SEX_OCU_NB(1.0),GBR,A,EMP_TEMP_NB,SEX_T,OCU_ISCO08_9,2016,2735.748,,NB,PS,3,LFS - Labour Force Survey,Repository: ILO-STATISTICS - Micro data processing,,,1,,
ILO:DF_EMP_TEMP_SEX_OCU_NB(1.0),GBR,A,EMP_TEMP_NB,SEX_T,OCU_ISCO08_0,2016,89.306,,NB,PS,3,LFS - Labour Force Survey,Repository: ILO-STATISTICS - Micro data processing,,,1,,
ILO:DF_EMP_TEMP_SEX_OCU_NB(1.0),GBR,A,EMP_TEMP_NB,SEX_T,OCU_ISCO08_X,2016,30.948,,NB,PS,3,LFS - Labour Force Survey,Repository: ILO-STATISTICS - Micro data processing,,,1,,
ILO:DF_EMP_TEMP_SEX_OCU_NB(1.0),GBR,A,EMP_TEMP_NB,SEX_T,OCU_SKILL_TOTAL,2017,32007.554,,NB,PS,3,LFS - Labour Force Survey,Repository: ILO-STATISTICS - Micro data processing,,,1,,
ILO:DF_EMP_TEMP_SEX_OCU_NB(1.0),GBR,A,EMP_TEMP_NB,SEX_T,OCU_SKILL_L3-4,2017,15570.884,,NB,PS,3,LFS - Labour Force Survey,Repository: ILO-STATISTICS - Micro data processing,,,1,,
ILO:DF_EMP_TEMP_SEX_OCU_NB(1.0),GBR,A,EMP_TEMP_NB,SEX_T,OCU_SKILL_L2,2017,13567.614,,NB,PS,3,LFS - Labour Force Survey,Repository: ILO-STATISTICS - Micro data processing,,,1,,
ILO:DF_EMP_TEMP_SEX_OCU_NB(1.0),GBR,A,EMP_TEMP_NB,SEX_T,OCU_SKILL_L1,2017,2747.854,,NB,PS,3,LFS - Labour Force Survey,Repository: ILO-STATISTICS - Micro data processing,,,1,,
ILO:DF_EMP_TEMP_SEX_OCU_NB(1.0),GBR,A,EMP_TEMP_NB,SEX_T,OCU_SKILL_X,2017,121.203,,NB,PS,3,LFS - Labour Force Survey,Repository: ILO-STATISTICS - Micro data processing,,,1,,
ILO:DF_EMP_TEMP_SEX_OCU_NB(1.0),GBR,A,EMP_TEMP_NB,SEX_T,OCU_ISCO08_TOTAL,2017,32007.554,,NB,PS,3,LFS - Labour Force Survey,Repository: ILO-STATISTICS - Micro data processing,,,1,,
ILO:DF_EMP_TEMP_SEX_OCU_NB(1.0),GBR,A,EMP_TEMP_NB,SEX_T,OCU_ISCO08_1,2017,3569.792,,NB,PS,3,LFS - Labour Force Survey,Repository: ILO-STATISTICS - Micro data processing,,,1,,
ILO:DF_EMP_TEMP_SEX_OCU_NB(1.0),GBR,A,EMP_TEMP_NB,SEX_T,OCU_ISCO08_2,2017,7992.762,,NB,PS,3,LFS - Labour Force Survey,Repository: ILO-STATISTICS - Micro data processing,,,1,,
ILO:DF_EMP_TEMP_SEX_OCU_NB(1.0),GBR,A,EMP_TEMP_NB,SEX_T,OCU_ISCO08_3,2017,4008.33,,NB,PS,3,LFS - Labour Force Survey,Repository: ILO-STATISTICS - Micro data processing,,,1,,
ILO:DF_EMP_TEMP_SEX_OCU_NB(1.0),GBR,A,EMP_TEMP_NB,SEX_T,OCU_ISCO08_4,2017,3171.052,,NB,PS,3,LFS - Labour Force Survey,Repository: ILO-STATISTICS - Micro data processing,,,1,,
ILO:DF_EMP_TEMP_SEX_OCU_NB(1.0),GBR,A,EMP_TEMP_NB,SEX_T,OCU_ISCO08_5,2017,5783.98,,NB,PS,3,LFS - Labour Force Survey,Repository: ILO-STATISTICS - Micro data processing,,,1,,
ILO:DF_EMP_TEMP_SEX_OCU_NB(1.0),GBR,A,EMP_TEMP_NB,SEX_T,OCU_ISCO08_6,2017,377.808,,NB,PS,3,LFS - Labour Force Survey,Repository: ILO-STATISTICS - Micro data processing,,,1,,
ILO:DF_EMP_TEMP_SEX_OCU_NB(1.0),GBR,A,EMP_TEMP_NB,SEX_T,OCU_ISCO08_7,2017,2651.825,,NB,PS,3,LFS - Labour Force Survey,Repository: ILO-STATISTICS - Micro data processing,,,1,,
ILO:DF_EMP_TEMP_SEX_OCU_NB(1.0),GBR,A,EMP_TEMP_NB,SEX_T,OCU_ISCO08_8,2017,1582.951,,NB,PS,3,LFS - Labour Force Survey,Repository: ILO-STATISTICS - Micro data processing,,,1,,
ILO:DF_EMP_TEMP_SEX_OCU_NB(1.0),GBR,A,EMP_TEMP_NB,SEX_T,OCU_ISCO08_9,2017,2747.854,,NB,PS,3,LFS - Labour Force Survey,Repository: ILO-STATISTICS - Micro data processing,,,1,,
ILO:DF_EMP_TEMP_SEX_OCU_NB(1.0),GBR,A,EMP_TEMP_NB,SEX_T,OCU_ISCO08_0,2017,81.795,,NB,PS,3,LFS - Labour Force Survey,Repository: ILO-STATISTICS - Micro data processing,,,1,,
ILO:DF_EMP_TEMP_SEX_OCU_NB(1.0),GBR,A,EMP_TEMP_NB,SEX_T,OCU_ISCO08_X,2017,39.408,,NB,PS,3,LFS - Labour Force Survey,Repository: ILO-STATISTICS - Micro data processing,,,1,,
ILO:DF_EMP_TEMP_SEX_OCU_NB(1.0),GBR,A,EMP_TEMP_NB,SEX_T,OCU_SKILL_TOTAL,2018,32407.991,,NB,PS,3,LFS - Labour Force Survey,Repository: ILO-STATISTICS - Micro data processing,,,1,,
ILO:DF_EMP_TEMP_SEX_OCU_NB(1.0),GBR,A,EMP_TEMP_NB,SEX_T,OCU_SKILL_L3-4,2018,15947.73,,NB,PS,3,LFS - Labour Force Survey,Repository: ILO-STATISTICS - Micro data processing,,,1,,
ILO:DF_EMP_TEMP_SEX_OCU_NB(1.0),GBR,A,EMP_TEMP_NB,SEX_T,OCU_SKILL_L2,2018,13556.117,,NB,PS,3,LFS - Labour Force Survey,Repository: ILO-STATISTICS - Micro data processing,,,1,,
ILO:DF_EMP_TEMP_SEX_OCU_NB(1.0),GBR,A,EMP_TEMP_NB,SEX_T,OCU_SKILL_L1,2018,2772.336,,NB,PS,3,LFS - Labour Force Survey,Repository: ILO-STATISTICS - Micro data processing,,,1,,
ILO:DF_EMP_TEMP_SEX_OCU_NB(1.0),GBR,A,EMP_TEMP_NB,SEX_T,OCU_SKILL_X,2018,131.808,,NB,PS,3,LFS - Labour Force Survey,Repository: ILO-STATISTICS - Micro data processing,,,1,,
ILO:DF_EMP_TEMP_SEX_OCU_NB(1.0),GBR,A,EMP_TEMP_NB,SEX_T,OCU_ISCO08_TOTAL,2018,32407.991,,NB,PS,3,LFS - Labour Force Survey,Repository: ILO-STATISTICS - Micro data processing,,,1,,
ILO:DF_EMP_TEMP_SEX_OCU_NB(1.0),GBR,A,EMP_TEMP_NB,SEX_T,OCU_ISCO08_1,2018,3660.775,,NB,PS,3,LFS - Labour Force Survey,Repository: ILO-STATISTICS - Micro data processing,,,1,,
ILO:DF_EMP_TEMP_SEX_OCU_NB(1.0),GBR,A,EMP_TEMP_NB,SEX_T,OCU_ISCO08_2,2018,8189.556,,NB,PS,3,LFS - Labour Force Survey,Repository: ILO-STATISTICS - Micro data processing,,,1,,
ILO:DF_EMP_TEMP_SEX_OCU_NB(1.0),GBR,A,EMP_TEMP_NB,SEX_T,OCU_ISCO08_3,2018,4097.399,,NB,PS,3,LFS - Labour Force Survey,Repository: ILO-STATISTICS - Micro data processing,,,1,,
ILO:DF_EMP_TEMP_SEX_OCU_NB(1.0),GBR,A,EMP_TEMP_NB,SEX_T,OCU_ISCO08_4,2018,3218.304,,NB,PS,3,LFS - Labour Force Survey,Repository: ILO-STATISTICS - Micro data processing,,,1,,
ILO:DF_EMP_TEMP_SEX_OCU_NB(1.0),GBR,A,EMP_TEMP_NB,SEX_T,OCU_ISCO08_5,2018,5726.288,,NB,PS,3,LFS - Labour Force Survey,Repository: ILO-STATISTICS - Micro data processing,,,1,,
ILO:DF_EMP_TEMP_SEX_OCU_NB(1.0),GBR,A,EMP_TEMP_NB,SEX_T,OCU_ISCO08_6,2018,381.21,,NB,PS,3,LFS - Labour Force Survey,Repository: ILO-STATISTICS - Micro data processing,,,1,,
ILO:DF_EMP_TEMP_SEX_OCU_NB(1.0),GBR,A,EMP_TEMP_NB,SEX_T,OCU_ISCO08_7,2018,2641.721,,NB,PS,3,LFS - Labour Force Survey,Repository: ILO-STATISTICS - Micro data processing,,,1,,
ILO:DF_EMP_TEMP_SEX_OCU_NB(1.0),GBR,A,EMP_TEMP_NB,SEX_T,OCU_ISCO08_8,2018,1588.595,,NB,PS,3,LFS - Labour Force Survey,Repository: ILO-STATISTICS - Micro data processing,,,1,,
ILO:DF_EMP_TEMP_SEX_OCU_NB(1.0),GBR,A,EMP_TEMP_NB,SEX_T,OCU_ISCO08_9,2018,2772.336,,NB,PS,3,LFS - Labour Force Survey,Repository: ILO-STATISTICS - Micro data processing,,,1,,
ILO:DF_EMP_TEMP_SEX_OCU_NB(1.0),GBR,A,EMP_TEMP_NB,SEX_T,OCU_ISCO08_0,2018,90.213,,NB,PS,3,LFS - Labour Force Survey,Repository: ILO-STATISTICS - Micro data processing,,,1,,
ILO:DF_EMP_TEMP_SEX_OCU_NB(1.0),GBR,A,EMP_TEMP_NB,SEX_T,OCU_ISCO08_X,2018,41.595,,NB,PS,3,LFS - Labour Force Survey,Repository: ILO-STATISTICS - Micro data processing,,,1,,
ILO:DF_EMP_TEMP_SEX_OCU_NB(1.0),GBR,A,EMP_TEMP_NB,SEX_T,OCU_SKILL_TOTAL,2019,32773.456,,NB,PS,3,LFS - Labour Force Survey,Repository: ILO-STATISTICS - Micro data processing,,,1,,
ILO:DF_EMP_TEMP_SEX_OCU_NB(1.0),GBR,A,EMP_TEMP_NB,SEX_T,OCU_SKILL_L3-4,2019,16445.792,,NB,PS,3,LFS - Labour Force Survey,Repository: ILO-STATISTICS - Micro data processing,,,1,,
ILO:DF_EMP_TEMP_SEX_OCU_NB(1.0),GBR,A,EMP_TEMP_NB,SEX_T,OCU_SKILL_L2,2019,13489.984,,NB,PS,3,LFS - Labour Force Survey,Repository: ILO-STATISTICS - Micro data processing,,,1,,
ILO:DF_EMP_TEMP_SEX_OCU_NB(1.0),GBR,A,EMP_TEMP_NB,SEX_T,OCU_SKILL_L1,2019,2708.227,,NB,PS,3,LFS - Labour Force Survey,Repository: ILO-STATISTICS - Micro data processing,,,1,,
ILO:DF_EMP_TEMP_SEX_OCU_NB(1.0),GBR,A,EMP_TEMP_NB,SEX_T,OCU_SKILL_X,2019,129.453,,NB,PS,3,LFS - Labour Force Survey,Repository: ILO-STATISTICS - Micro data processing,,,1,,
ILO:DF_EMP_TEMP_SEX_OCU_NB(1.0),GBR,A,EMP_TEMP_NB,SEX_T,OCU_ISCO08_TOTAL,2019,32773.456,,NB,PS,3,LFS - Labour Force Survey,Repository: ILO-STATISTICS - Micro data processing,,,1,,
ILO:DF_EMP_TEMP_SEX_OCU_NB(1.0),GBR,A,EMP_TEMP_NB,SEX_T,OCU_ISCO08_1,2019,3828.24,,NB,PS,3,LFS - Labour Force Survey,Repository: ILO-STATISTICS - Micro data processing,,,1,,
ILO:DF_EMP_TEMP_SEX_OCU_NB(1.0),GBR,A,EMP_TEMP_NB,SEX_T,OCU_ISCO08_2,2019,8569.507,,NB,PS,3,LFS - Labour Force Survey,Repository: ILO-STATISTICS - Micro data processing,,,1,,
ILO:DF_EMP_TEMP_SEX_OCU_NB(1.0),GBR,A,EMP_TEMP_NB,SEX_T,OCU_ISCO08_3,2019,4048.045,,NB,PS,3,LFS - Labour Force Survey,Repository: ILO-STATISTICS - Micro data processing,,,1,,
ILO:DF_EMP_TEMP_SEX_OCU_NB(1.0),GBR,A,EMP_TEMP_NB,SEX_T,OCU_ISCO08_4,2019,3157.588,,NB,PS,3,LFS - Labour Force Survey,Repository: ILO-STATISTICS - Micro data processing,,,1,,
ILO:DF_EMP_TEMP_SEX_OCU_NB(1.0),GBR,A,EMP_TEMP_NB,SEX_T,OCU_ISCO08_5,2019,5692.139,,NB,PS,3,LFS - Labour Force Survey,Repository: ILO-STATISTICS - Micro data processing,,,1,,
ILO:DF_EMP_TEMP_SEX_OCU_NB(1.0),GBR,A,EMP_TEMP_NB,SEX_T,OCU_ISCO08_6,2019,403.312,,NB,PS,3,LFS - Labour Force Survey,Repository: ILO-STATISTICS - Micro data processing,,,1,,
ILO:DF_EMP_TEMP_SEX_OCU_NB(1.0),GBR,A,EMP_TEMP_NB,SEX_T,OCU_ISCO08_7,2019,2630.419,,NB,PS,3,LFS - Labour Force Survey,Repository: ILO-STATISTICS - Micro data processing,,,1,,
ILO:DF_EMP_TEMP_SEX_OCU_NB(1.0),GBR,A,EMP_TEMP_NB,SEX_T,OCU_ISCO08_8,2019,1606.526,,NB,PS,3,LFS - Labour Force Survey,Repository: ILO-STATISTICS - Micro data processing,,,1,,
ILO:DF_EMP_TEMP_SEX_OCU_NB(1.0),GBR,A,EMP_TEMP_NB,SEX_T,OCU_ISCO08_9,2019,2708.227,,NB,PS,3,LFS - Labour Force Survey,Repository: ILO-STATISTICS - Micro data processing,,,1,,
ILO:DF_EMP_TEMP_SEX_OCU_NB(1.0),GBR,A,EMP_TEMP_NB,SEX_T,OCU_ISCO08_0,2019,84.484,,NB,PS,3,LFS - Labour Force Survey,Repository: ILO-STATISTICS - Micro data processing,,,1,,
ILO:DF_EMP_TEMP_SEX_OCU_NB(1.0),GBR,A,EMP_TEMP_NB,SEX_T,OCU_ISCO08_X,2019,44.969,,NB,PS,3,LFS - Labour Force Survey,Repository: ILO-STATISTICS - Micro data processing,,,1,,
ILO:DF_EMP_TEMP_SEX_OCU_NB(1.0),GBR,A,EMP_TEMP_NB,SEX_T,OCU_SKILL_TOTAL,2020,32614.856,,NB,PS,3,LFS - Labour Force Survey,Repository: ILO-STATISTICS - Micro data processing,,,1,,
ILO:DF_EMP_TEMP_SEX_OCU_NB(1.0),GBR,A,EMP_TEMP_NB,SEX_T,OCU_SKILL_L3-4,2020,17263.232,,NB,PS,3,LFS - Labour Force Survey,Repository: ILO-STATISTICS - Micro data processing,,,1,,
ILO:DF_EMP_TEMP_SEX_OCU_NB(1.0),GBR,A,EMP_TEMP_NB,SEX_T,OCU_SKILL_L2,2020,12778.914,,NB,PS,3,LFS - Labour Force Survey,Repository: ILO-STATISTICS - Micro data processing,,,1,,
ILO:DF_EMP_TEMP_SEX_OCU_NB(1.0),GBR,A,EMP_TEMP_NB,SEX_T,OCU_SKILL_L1,2020,2443.214,,NB,PS,3,LFS - Labour Force Survey,Repository: ILO-STATISTICS - Micro data processing,,,1,,
ILO:DF_EMP_TEMP_SEX_OCU_NB(1.0),GBR,A,EMP_TEMP_NB,SEX_T,OCU_SKILL_X,2020,129.497,,NB,PS,3,LFS - Labour Force Survey,Repository: ILO-STATISTICS - Micro data processing,,,1,,
ILO:DF_EMP_TEMP_SEX_OCU_NB(1.0),GBR,A,EMP_TEMP_NB,SEX_T,OCU_ISCO08_TOTAL,2020,32614.856,,NB,PS,3,LFS - Labour Force Survey,Repository: ILO-STATISTICS - Micro data processing,,,1,,
ILO:DF_EMP_TEMP_SEX_OCU_NB(1.0),GBR,A,EMP_TEMP_NB,SEX_T,OCU_ISCO08_1,2020,3884.229,,NB,PS,3,LFS - Labour Force Survey,Repository: ILO-STATISTICS - Micro data processing,,,1,,
ILO:DF_EMP_TEMP_SEX_OCU_NB(1.0),GBR,A,EMP_TEMP_NB,SEX_T,OCU_ISCO08_2,2020,9098.916,,NB,PS,3,LFS - Labour Force Survey,Repository: ILO-STATISTICS - Micro data processing,,,1,,
ILO:DF_EMP_TEMP_SEX_OCU_NB(1.0),GBR,A,EMP_TEMP_NB,SEX_T,OCU_ISCO08_3,2020,4280.088,,NB,PS,3,LFS - Labour Force Survey,Repository: ILO-STATISTICS - Micro data processing,,,1,,
ILO:DF_EMP_TEMP_SEX_OCU_NB(1.0),GBR,A,EMP_TEMP_NB,SEX_T,OCU_ISCO08_4,2020,3129.217,,NB,PS,3,LFS - Labour Force Survey,Repository: ILO-STATISTICS - Micro data processing,,,1,,
ILO:DF_EMP_TEMP_SEX_OCU_NB(1.0),GBR,A,EMP_TEMP_NB,SEX_T,OCU_ISCO08_5,2020,5435.333,,NB,PS,3,LFS - Labour Force Survey,Repository: ILO-STATISTICS - Micro data processing,,,1,,
ILO:DF_EMP_TEMP_SEX_OCU_NB(1.0),GBR,A,EMP_TEMP_NB,SEX_T,OCU_ISCO08_6,2020,371.671,,NB,PS,3,LFS - Labour Force Survey,Repository: ILO-STATISTICS - Micro data processing,,,1,,
ILO:DF_EMP_TEMP_SEX_OCU_NB(1.0),GBR,A,EMP_TEMP_NB,SEX_T,OCU_ISCO08_7,2020,2409.585,,NB,PS,3,LFS - Labour Force Survey,Repository: ILO-STATISTICS - Micro data processing,,,1,,
ILO:DF_EMP_TEMP_SEX_OCU_NB(1.0),GBR,A,EMP_TEMP_NB,SEX_T,OCU_ISCO08_8,2020,1433.109,,NB,PS,3,LFS - Labour Force Survey,Repository: ILO-STATISTICS - Micro data processing,,,1,,
ILO:DF_EMP_TEMP_SEX_OCU_NB(1.0),GBR,A,EMP_TEMP_NB,SEX_T,OCU_ISCO08_9,2020,2443.214,,NB,PS,3,LFS - Labour Force Survey,Repository: ILO-STATISTICS - Micro data processing,,,1,,
ILO:DF_EMP_TEMP_SEX_OCU_NB(1.0),GBR,A,EMP_TEMP_NB,SEX_T,OCU_ISCO08_0,2020,87.527,,NB,PS,3,LFS - Labour Force Survey,Repository: ILO-STATISTICS - Micro data processing,,,1,,
ILO:DF_EMP_TEMP_SEX_OCU_NB(1.0),GBR,A,EMP_TEMP_NB,SEX_T,OCU_ISCO08_X,2020,41.97,,NB,PS,3,LFS - Labour Force Survey,Repository: ILO-STATISTICS - Micro data processing,,,1,,
ILO:DF_EMP_TEMP_SEX_OCU_NB(1.0),GBR,A,EMP_TEMP_NB,SEX_T,OCU_SKILL_TOTAL,2021,32164.538,,NB,PS,3,LFS - Labour Force Survey,Repository: ILO-STATISTICS - Micro data processing,,,1,,
ILO:DF_EMP_TEMP_SEX_OCU_NB(1.0),GBR,A,EMP_TEMP_NB,SEX_T,OCU_SKILL_L3-4,2021,17315.322,,NB,PS,3,LFS - Labour Force Survey,Repository: ILO-STATISTICS - Micro data processing,,,1,,
ILO:DF_EMP_TEMP_SEX_OCU_NB(1.0),GBR,A,EMP_TEMP_NB,SEX_T,OCU_SKILL_L2,2021,12195.68,,NB,PS,3,LFS - Labour Force Survey,Repository: ILO-STATISTICS - Micro data processing,,,1,,
ILO:DF_EMP_TEMP_SEX_OCU_NB(1.0),GBR,A,EMP_TEMP_NB,SEX_T,OCU_SKILL_L1,2021,2568.3,,NB,PS,3,LFS - Labour Force Survey,Repository: ILO-STATISTICS - Micro data processing,,,1,,
ILO:DF_EMP_TEMP_SEX_OCU_NB(1.0),GBR,A,EMP_TEMP_NB,SEX_T,OCU_SKILL_X,2021,85.236,,NB,PS,3,LFS - Labour Force Survey,Repository: ILO-STATISTICS - Micro data processing,,,1,,
ILO:DF_EMP_TEMP_SEX_OCU_NB(1.0),GBR,A,EMP_TEMP_NB,SEX_T,OCU_ISCO08_TOTAL,2021,32164.538,,NB,PS,3,LFS - Labour Force Survey,Repository: ILO-STATISTICS - Micro data processing,,,1,,
ILO:DF_EMP_TEMP_SEX_OCU_NB(1.0),GBR,A,EMP_TEMP_NB,SEX_T,OCU_ISCO08_1,2021,5115.122,,NB,PS,3,LFS - Labour Force Survey,Repository: ILO-STATISTICS - Micro data processing,,,1,,
ILO:DF_EMP_TEMP_SEX_OCU_NB(1.0),GBR,A,EMP_TEMP_NB,SEX_T,OCU_ISCO08_2,2021,7901.323,,NB,PS,3,LFS - Labour Force Survey,Repository: ILO-STATISTICS - Micro data processing,,,1,,
ILO:DF_EMP_TEMP_SEX_OCU_NB(1.0),GBR,A,EMP_TEMP_NB,SEX_T,OCU_ISCO08_3,2021,4298.877,,NB,PS,3,LFS - Labour Force Survey,Repository: ILO-STATISTICS - Micro data processing,,,1,,
ILO:DF_EMP_TEMP_SEX_OCU_NB(1.0),GBR,A,EMP_TEMP_NB,SEX_T,OCU_ISCO08_4,2021,3383.516,,NB,PS,3,LFS - Labour Force Survey,Repository: ILO-STATISTICS - Micro data processing,,,1,,
ILO:DF_EMP_TEMP_SEX_OCU_NB(1.0),GBR,A,EMP_TEMP_NB,SEX_T,OCU_ISCO08_5,2021,4786.391,,NB,PS,3,LFS - Labour Force Survey,Repository: ILO-STATISTICS - Micro data processing,,,1,,
ILO:DF_EMP_TEMP_SEX_OCU_NB(1.0),GBR,A,EMP_TEMP_NB,SEX_T,OCU_ISCO08_6,2021,326.767,,NB,PS,3,LFS - Labour Force Survey,Repository: ILO-STATISTICS - Micro data processing,,,1,,
ILO:DF_EMP_TEMP_SEX_OCU_NB(1.0),GBR,A,EMP_TEMP_NB,SEX_T,OCU_ISCO08_7,2021,2284.586,,NB,PS,3,LFS - Labour Force Survey,Repository: ILO-STATISTICS - Micro data processing,,,1,,
ILO:DF_EMP_TEMP_SEX_OCU_NB(1.0),GBR,A,EMP_TEMP_NB,SEX_T,OCU_ISCO08_8,2021,1414.42,,NB,PS,3,LFS - Labour Force Survey,Repository: ILO-STATISTICS - Micro data processing,,,1,,
ILO:DF_EMP_TEMP_SEX_OCU_NB(1.0),GBR,A,EMP_TEMP_NB,SEX_T,OCU_ISCO08_9,2021,2568.3,,NB,PS,3,LFS - Labour Force Survey,Repository: ILO-STATISTICS - Micro data processing,,,1,,
ILO:DF_EMP_TEMP_SEX_OCU_NB(1.0),GBR,A,EMP_TEMP_NB,SEX_T,OCU_ISCO08_0,2021,32.767,,NB,PS,3,LFS - Labour Force Survey,Repository: ILO-STATISTICS - Micro data processing,,,1,,
ILO:DF_EMP_TEMP_SEX_OCU_NB(1.0),GBR,A,EMP_TEMP_NB,SEX_T,OCU_ISCO08_X,2021,52.469,,NB,PS,3,LFS - Labour Force Survey,Repository: ILO-STATISTICS - Micro data processing,,,1,,
ILO:DF_EMP_TEMP_SEX_OCU_NB(1.0),GBR,A,EMP_TEMP_NB,SEX_T,OCU_SKILL_TOTAL,2022,32708.821,,NB,PS,3,LFS - Labour Force Survey,Repository: ILO-STATISTICS - Micro data processing,,,1,,
ILO:DF_EMP_TEMP_SEX_OCU_NB(1.0),GBR,A,EMP_TEMP_NB,SEX_T,OCU_SKILL_L3-4,2022,17645.139,,NB,PS,3,LFS - Labour Force Survey,Repository: ILO-STATISTICS - Micro data processing,,,1,,
ILO:DF_EMP_TEMP_SEX_OCU_NB(1.0),GBR,A,EMP_TEMP_NB,SEX_T,OCU_SKILL_L2,2022,12038.794,,NB,PS,3,LFS - Labour Force Survey,Repository: ILO-STATISTICS - Micro data processing,,,1,,
ILO:DF_EMP_TEMP_SEX_OCU_NB(1.0),GBR,A,EMP_TEMP_NB,SEX_T,OCU_SKILL_L1,2022,2950.184,,NB,PS,3,LFS - Labour Force Survey,Repository: ILO-STATISTICS - Micro data processing,,,1,,
ILO:DF_EMP_TEMP_SEX_OCU_NB(1.0),GBR,A,EMP_TEMP_NB,SEX_T,OCU_SKILL_X,2022,74.705,,NB,PS,3,LFS - Labour Force Survey,Repository: ILO-STATISTICS - Micro data processing,,,1,,
ILO:DF_EMP_TEMP_SEX_OCU_NB(1.0),GBR,A,EMP_TEMP_NB,SEX_T,OCU_ISCO08_TOTAL,2022,32708.821,,NB,PS,3,LFS - Labour Force Survey,Repository: ILO-STATISTICS - Micro data processing,,,1,,
ILO:DF_EMP_TEMP_SEX_OCU_NB(1.0),GBR,A,EMP_TEMP_NB,SEX_T,OCU_ISCO08_1,2022,4936.283,,NB,PS,3,LFS - Labour Force Survey,Repository: ILO-STATISTICS - Micro data processing,,,1,,
ILO:DF_EMP_TEMP_SEX_OCU_NB(1.0),GBR,A,EMP_TEMP_NB,SEX_T,OCU_ISCO08_2,2022,8232.91,,NB,PS,3,LFS - Labour Force Survey,Repository: ILO-STATISTICS - Micro data processing,,,1,,
ILO:DF_EMP_TEMP_SEX_OCU_NB(1.0),GBR,A,EMP_TEMP_NB,SEX_T,OCU_ISCO08_3,2022,4475.946,,NB,PS,3,LFS - Labour Force Survey,Repository: ILO-STATISTICS - Micro data processing,,,1,,
ILO:DF_EMP_TEMP_SEX_OCU_NB(1.0),GBR,A,EMP_TEMP_NB,SEX_T,OCU_ISCO08_4,2022,3185.288,,NB,PS,3,LFS - Labour Force Survey,Repository: ILO-STATISTICS - Micro data processing,,,1,,
ILO:DF_EMP_TEMP_SEX_OCU_NB(1.0),GBR,A,EMP_TEMP_NB,SEX_T,OCU_ISCO08_5,2022,4777.928,,NB,PS,3,LFS - Labour Force Survey,Repository: ILO-STATISTICS - Micro data processing,,,1,,
ILO:DF_EMP_TEMP_SEX_OCU_NB(1.0),GBR,A,EMP_TEMP_NB,SEX_T,OCU_ISCO08_6,2022,338.401,,NB,PS,3,LFS - Labour Force Survey,Repository: ILO-STATISTICS - Micro data processing,,,1,,
ILO:DF_EMP_TEMP_SEX_OCU_NB(1.0),GBR,A,EMP_TEMP_NB,SEX_T,OCU_ISCO08_7,2022,2270.74,,NB,PS,3,LFS - Labour Force Survey,Repository: ILO-STATISTICS - Micro data processing,,,1,,
ILO:DF_EMP_TEMP_SEX_OCU_NB(1.0),GBR,A,EMP_TEMP_NB,SEX_T,OCU_ISCO08_8,2022,1466.437,,NB,PS,3,LFS - Labour Force Survey,Repository: ILO-STATISTICS - Micro data processing,,,1,,
ILO:DF_EMP_TEMP_SEX_OCU_NB(1.0),GBR,A,EMP_TEMP_NB,SEX_T,OCU_ISCO08_9,2022,2950.184,,NB,PS,3,LFS - Labour Force Survey,Repository: ILO-STATISTICS - Micro data processing,,,1,,
ILO:DF_EMP_TEMP_SEX_OCU_NB(1.0),GBR,A,EMP_TEMP_NB,SEX_T,OCU_ISCO08_0,2022,25.62,,NB,PS,3,LFS - Labour Force Survey,Repository: ILO-STATISTICS - Micro data processing,,,1,,
ILO:DF_EMP_TEMP_SEX_OCU_NB(1.0),GBR,A,EMP_TEMP_NB,SEX_T,OCU_ISCO08_X,2022,49.085,,NB,PS,3,LFS - Labour Force Survey,Repository: ILO-STATISTICS - Micro data processing,,,1,,
ILO:DF_EMP_TEMP_SEX_OCU_NB(1.0),GBR,A,EMP_TEMP_NB,SEX_T,OCU_SKILL_TOTAL,2023,33013.939,,NB,PS,3,LFS - Labour Force Survey,Repository: ILO-STATISTICS - Micro data processing,,,1,,
ILO:DF_EMP_TEMP_SEX_OCU_NB(1.0),GBR,A,EMP_TEMP_NB,SEX_T,OCU_SKILL_L3-4,2023,18160.208,,NB,PS,3,LFS - Labour Force Survey,Repository: ILO-STATISTICS - Micro data processing,,,1,,
ILO:DF_EMP_TEMP_SEX_OCU_NB(1.0),GBR,A,EMP_TEMP_NB,SEX_T,OCU_SKILL_L2,2023,11728.07,,NB,PS,3,LFS - Labour Force Survey,Repository: ILO-STATISTICS - Micro data processing,,,1,,
ILO:DF_EMP_TEMP_SEX_OCU_NB(1.0),GBR,A,EMP_TEMP_NB,SEX_T,OCU_SKILL_L1,2023,3048.182,,NB,PS,3,LFS - Labour Force Survey,Repository: ILO-STATISTICS - Micro data processing,,,1,,
ILO:DF_EMP_TEMP_SEX_OCU_NB(1.0),GBR,A,EMP_TEMP_NB,SEX_T,OCU_SKILL_X,2023,77.48,,NB,PS,3,LFS - Labour Force Survey,Repository: ILO-STATISTICS - Micro data processing,,,1,,
ILO:DF_EMP_TEMP_SEX_OCU_NB(1.0),GBR,A,EMP_TEMP_NB,SEX_T,OCU_ISCO08_TOTAL,2023,33013.939,,NB,PS,3,LFS - Labour Force Survey,Repository: ILO-STATISTICS - Micro data processing,,,1,,
ILO:DF_EMP_TEMP_SEX_OCU_NB(1.0),GBR,A,EMP_TEMP_NB,SEX_T,OCU_ISCO08_1,2023,5148.329,,NB,PS,3,LFS - Labour Force Survey,Repository: ILO-STATISTICS - Micro data processing,,,1,,
ILO:DF_EMP_TEMP_SEX_OCU_NB(1.0),GBR,A,EMP_TEMP_NB,SEX_T,OCU_ISCO08_2,2023,8285.322,,NB,PS,3,LFS - Labour Force Survey,Repository: ILO-STATISTICS - Micro data processing,,,1,,
ILO:DF_EMP_TEMP_SEX_OCU_NB(1.0),GBR,A,EMP_TEMP_NB,SEX_T,OCU_ISCO08_3,2023,4726.557,,NB,PS,3,LFS - Labour Force Survey,Repository: ILO-STATISTICS - Micro data processing,,,1,,
ILO:DF_EMP_TEMP_SEX_OCU_NB(1.0),GBR,A,EMP_TEMP_NB,SEX_T,OCU_ISCO08_4,2023,3078.996,,NB,PS,3,LFS - Labour Force Survey,Repository: ILO-STATISTICS - Micro data processing,,,1,,
ILO:DF_EMP_TEMP_SEX_OCU_NB(1.0),GBR,A,EMP_TEMP_NB,SEX_T,OCU_ISCO08_5,2023,4660.733,,NB,PS,3,LFS - Labour Force Survey,Repository: ILO-STATISTICS - Micro data processing,,,1,,
ILO:DF_EMP_TEMP_SEX_OCU_NB(1.0),GBR,A,EMP_TEMP_NB,SEX_T,OCU_ISCO08_6,2023,361.081,,NB,PS,3,LFS - Labour Force Survey,Repository: ILO-STATISTICS - Micro data processing,,,1,,
ILO:DF_EMP_TEMP_SEX_OCU_NB(1.0),GBR,A,EMP_TEMP_NB,SEX_T,OCU_ISCO08_7,2023,2232.052,,NB,PS,3,LFS - Labour Force Survey,Repository: ILO-STATISTICS - Micro data processing,,,1,,
ILO:DF_EMP_TEMP_SEX_OCU_NB(1.0),GBR,A,EMP_TEMP_NB,SEX_T,OCU_ISCO08_8,2023,1395.209,,NB,PS,3,LFS - Labour Force Survey,Repository: ILO-STATISTICS - Micro data processing,,,1,,
ILO:DF_EMP_TEMP_SEX_OCU_NB(1.0),GBR,A,EMP_TEMP_NB,SEX_T,OCU_ISCO08_9,2023,3048.182,,NB,PS,3,LFS - Labour Force Survey,Repository: ILO-STATISTICS - Micro data processing,,,1,,
ILO:DF_EMP_TEMP_SEX_OCU_NB(1.0),GBR,A,EMP_TEMP_NB,SEX_T,OCU_ISCO08_0,2023,27.755,,NB,PS,3,LFS - Labour Force Survey,Repository: ILO-STATISTICS - Micro data processing,,,1,,
ILO:DF_EMP_TEMP_SEX_OCU_NB(1.0),GBR,A,EMP_TEMP_NB,SEX_T,OCU_ISCO08_X,2023,49.725,,NB,PS,3,LFS - Labour Force Survey,Repository: ILO-STATISTICS - Micro data processing,,,1,,
ILO:DF_EMP_TEMP_SEX_OCU_NB(1.0),GBR,A,EMP_TEMP_NB,SEX_T,OCU_SKILL_TOTAL,2024,33388.077,,NB,PS,3,LFS - Labour Force Survey,Repository: ILO-STATISTICS - Micro data processing,,,1,,
ILO:DF_EMP_TEMP_SEX_OCU_NB(1.0),GBR,A,EMP_TEMP_NB,SEX_T,OCU_SKILL_L3-4,2024,18425.8,,NB,PS,3,LFS - Labour Force Survey,Repository: ILO-STATISTICS - Micro data processing,,,1,,
ILO:DF_EMP_TEMP_SEX_OCU_NB(1.0),GBR,A,EMP_TEMP_NB,SEX_T,OCU_SKILL_L2,2024,11894.97,,NB,PS,3,LFS - Labour Force Survey,Repository: ILO-STATISTICS - Micro data processing,,,1,,
ILO:DF_EMP_TEMP_SEX_OCU_NB(1.0),GBR,A,EMP_TEMP_NB,SEX_T,OCU_SKILL_L1,2024,3008.054,,NB,PS,3,LFS - Labour Force Survey,Repository: ILO-STATISTICS - Micro data processing,,,1,,
ILO:DF_EMP_TEMP_SEX_OCU_NB(1.0),GBR,A,EMP_TEMP_NB,SEX_T,OCU_SKILL_X,2024,59.253,,NB,PS,3,LFS - Labour Force Survey,Repository: ILO-STATISTICS - Micro data processing,,,1,,
ILO:DF_EMP_TEMP_SEX_OCU_NB(1.0),GBR,A,EMP_TEMP_NB,SEX_T,OCU_ISCO08_TOTAL,2024,33388.077,,NB,PS,3,LFS - Labour Force Survey,Repository: ILO-STATISTICS - Micro data processing,,,1,,
ILO:DF_EMP_TEMP_SEX_OCU_NB(1.0),GBR,A,EMP_TEMP_NB,SEX_T,OCU_ISCO08_1,2024,5383.352,,NB,PS,3,LFS - Labour Force Survey,Repository: ILO-STATISTICS - Micro data processing,,,1,,
ILO:DF_EMP_TEMP_SEX_OCU_NB(1.0),GBR,A,EMP_TEMP_NB,SEX_T,OCU_ISCO08_2,2024,8352.339,,NB,PS,3,LFS - Labour Force Survey,Repository: ILO-STATISTICS - Micro data processing,,,1,,
ILO:DF_EMP_TEMP_SEX_OCU_NB(1.0),GBR,A,EMP_TEMP_NB,SEX_T,OCU_ISCO08_3,2024,4690.11,,NB,PS,3,LFS - Labour Force Survey,Repository: ILO-STATISTICS - Micro data processing,,,1,,
ILO:DF_EMP_TEMP_SEX_OCU_NB(1.0),GBR,A,EMP_TEMP_NB,SEX_T,OCU_ISCO08_4,2024,2974.866,,NB,PS,3,LFS - Labour Force Survey,Repository: ILO-STATISTICS - Micro data processing,,,1,,
ILO:DF_EMP_TEMP_SEX_OCU_NB(1.0),GBR,A,EMP_TEMP_NB,SEX_T,OCU_ISCO08_5,2024,4917.878,,NB,PS,3,LFS - Labour Force Survey,Repository: ILO-STATISTICS - Micro data processing,,,1,,
ILO:DF_EMP_TEMP_SEX_OCU_NB(1.0),GBR,A,EMP_TEMP_NB,SEX_T,OCU_ISCO08_6,2024,362.125,,NB,PS,3,LFS - Labour Force Survey,Repository: ILO-STATISTICS - Micro data processing,,,1,,
ILO:DF_EMP_TEMP_SEX_OCU_NB(1.0),GBR,A,EMP_TEMP_NB,SEX_T,OCU_ISCO08_7,2024,2173.31,,NB,PS,3,LFS - Labour Force Survey,Repository: ILO-STATISTICS - Micro data processing,,,1,,
ILO:DF_EMP_TEMP_SEX_OCU_NB(1.0),GBR,A,EMP_TEMP_NB,SEX_T,OCU_ISCO08_8,2024,1466.791,,NB,PS,3,LFS - Labour Force Survey,Repository: ILO-STATISTICS - Micro data processing,,,1,,
ILO:DF_EMP_TEMP_SEX_OCU_NB(1.0),GBR,A,EMP_TEMP_NB,SEX_T,OCU_ISCO08_9,2024,3008.054,,NB,PS,3,LFS - Labour Force Survey,Repository: ILO-STATISTICS - Micro data processing,,,1,,
ILO:DF_EMP_TEMP_SEX_OCU_NB(1.0),GBR,A,EMP_TEMP_NB,SEX_T,OCU_ISCO08_0,2024,30.535,,NB,PS,3,LFS - Labour Force Survey,Repository: ILO-STATISTICS - Micro data processing,,,1,,
ILO:DF_EMP_TEMP_SEX_OCU_NB(1.0),GBR,A,EMP_TEMP_NB,SEX_T,OCU_ISCO08_X,2024,28.718,,NB,PS,3,LFS - Labour Force Survey,Repository: ILO-STATISTICS - Micro data processing,,,1,,
ILO:DF_EMP_TEMP_SEX_OCU_NB(1.0),GBR,A,EMP_TEMP_NB,SEX_T,OCU_SKILL_TOTAL,2025,34120.428,,NB,PS,3,LFS - Labour Force Survey,Repository: ILO-STATISTICS - Micro data processing,,,1,,
ILO:DF_EMP_TEMP_SEX_OCU_NB(1.0),GBR,A,EMP_TEMP_NB,SEX_T,OCU_SKILL_L3-4,2025,18929.144,,NB,PS,3,LFS - Labour Force Survey,Repository: ILO-STATISTICS - Micro data processing,,,1,,
ILO:DF_EMP_TEMP_SEX_OCU_NB(1.0),GBR,A,EMP_TEMP_NB,SEX_T,OCU_SKILL_L2,2025,12018.181,,NB,PS,3,LFS - Labour Force Survey,Repository: ILO-STATISTICS - Micro data processing,,,1,,
ILO:DF_EMP_TEMP_SEX_OCU_NB(1.0),GBR,A,EMP_TEMP_NB,SEX_T,OCU_SKILL_L1,2025,3108.146,,NB,PS,3,LFS - Labour Force Survey,Repository: ILO-STATISTICS - Micro data processing,,,1,,
ILO:DF_EMP_TEMP_SEX_OCU_NB(1.0),GBR,A,EMP_TEMP_NB,SEX_T,OCU_SKILL_X,2025,64.957,,NB,PS,3,LFS - Labour Force Survey,Repository: ILO-STATISTICS - Micro data processing,,,1,,
ILO:DF_EMP_TEMP_SEX_OCU_NB(1.0),GBR,A,EMP_TEMP_NB,SEX_T,OCU_ISCO08_TOTAL,2025,34120.428,,NB,PS,3,LFS - Labour Force Survey,Repository: ILO-STATISTICS - Micro data processing,,,1,,
ILO:DF_EMP_TEMP_SEX_OCU_NB(1.0),GBR,A,EMP_TEMP_NB,SEX_T,OCU_ISCO08_1,2025,5547.083,,NB,PS,3,LFS - Labour Force Survey,Repository: ILO-STATISTICS - Micro data processing,,,1,,
ILO:DF_EMP_TEMP_SEX_OCU_NB(1.0),GBR,A,EMP_TEMP_NB,SEX_T,OCU_ISCO08_2,2025,8565.555,,NB,PS,3,LFS - Labour Force Survey,Repository: ILO-STATISTICS - Micro data processing,,,1,,
ILO:DF_EMP_TEMP_SEX_OCU_NB(1.0),GBR,A,EMP_TEMP_NB,SEX_T,OCU_ISCO08_3,2025,4816.506,,NB,PS,3,LFS - Labour Force Survey,Repository: ILO-STATISTICS - Micro data processing,,,1,,
ILO:DF_EMP_TEMP_SEX_OCU_NB(1.0),GBR,A,EMP_TEMP_NB,SEX_T,OCU_ISCO08_4,2025,3018.432,,NB,PS,3,LFS - Labour Force Survey,Repository: ILO-STATISTICS - Micro data processing,,,1,,
ILO:DF_EMP_TEMP_SEX_OCU_NB(1.0),GBR,A,EMP_TEMP_NB,SEX_T,OCU_ISCO08_5,2025,5085.031,,NB,PS,3,LFS - Labour Force Survey,Repository: ILO-STATISTICS - Micro data processing,,,1,,
ILO:DF_EMP_TEMP_SEX_OCU_NB(1.0),GBR,A,EMP_TEMP_NB,SEX_T,OCU_ISCO08_6,2025,353.504,,NB,PS,3,LFS - Labour Force Survey,Repository: ILO-STATISTICS - Micro data processing,,,1,,
ILO:DF_EMP_TEMP_SEX_OCU_NB(1.0),GBR,A,EMP_TEMP_NB,SEX_T,OCU_ISCO08_7,2025,2085.94,,NB,PS,3,LFS - Labour Force Survey,Repository: ILO-STATISTICS - Micro data processing,,,1,,
ILO:DF_EMP_TEMP_SEX_OCU_NB(1.0),GBR,A,EMP_TEMP_NB,SEX_T,OCU_ISCO08_8,2025,1475.275,,NB,PS,3,LFS - Labour Force Survey,Repository: ILO-STATISTICS - Micro data processing,,,1,,
ILO:DF_EMP_TEMP_SEX_OCU_NB(1.0),GBR,A,EMP_TEMP_NB,SEX_T,OCU_ISCO08_9,2025,3108.146,,NB,PS,3,LFS - Labour Force Survey,Repository: ILO-STATISTICS - Micro data processing,,,1,,
ILO:DF_EMP_TEMP_SEX_OCU_NB(1.0),GBR,A,EMP_TEMP_NB,SEX_T,OCU_ISCO08_0,2025,30.197,,NB,PS,3,LFS - Labour Force Survey,Repository: ILO-STATISTICS - Micro data processing,,,1,,
ILO:DF_EMP_TEMP_SEX_OCU_NB(1.0),GBR,A,EMP_TEMP_NB,SEX_T,OCU_ISCO08_X,2025,34.76,,NB,PS,3,LFS - Labour Force Survey,Repository: ILO-STATISTICS - Micro data processing,,,1,,
ILO:DF_EMP_TEMP_SEX_OCU_NB(1.0),GBR,A,EMP_TEMP_NB,SEX_T,OCU_SKILL_TOTAL,1992,25763.516,,NB,PS,3,LFS - EU Labour Force Survey,Repository: ILO-STATISTICS - Micro data processing,,,1,,
ILO:DF_EMP_TEMP_SEX_OCU_NB(1.0),GBR,A,EMP_TEMP_NB,SEX_T,OCU_SKILL_L3-4,1992,9374.654,,NB,PS,3,LFS - EU Labour Force Survey,Repository: ILO-STATISTICS - Micro data processing,,,1,,
ILO:DF_EMP_TEMP_SEX_OCU_NB(1.0),GBR,A,EMP_TEMP_NB,SEX_T,OCU_SKILL_L2,1992,13734.168,,NB,PS,3,LFS - EU Labour Force Survey,Repository: ILO-STATISTICS - Micro data processing,,,1,,
ILO:DF_EMP_TEMP_SEX_OCU_NB(1.0),GBR,A,EMP_TEMP_NB,SEX_T,OCU_SKILL_L1,1992,2269.438,,NB,PS,3,LFS - EU Labour Force Survey,Repository: ILO-STATISTICS - Micro data processing,,,1,,
ILO:DF_EMP_TEMP_SEX_OCU_NB(1.0),GBR,A,EMP_TEMP_NB,SEX_T,OCU_SKILL_X,1992,385.257,,NB,PS,3,LFS - EU Labour Force Survey,Repository: ILO-STATISTICS - Micro data processing,,,1,,
ILO:DF_EMP_TEMP_SEX_OCU_NB(1.0),GBR,A,EMP_TEMP_NB,SEX_T,OCU_ISCO88_TOTAL,1992,25763.516,,NB,PS,3,LFS - EU Labour Force Survey,Repository: ILO-STATISTICS - Micro data processing,,,1,,
ILO:DF_EMP_TEMP_SEX_OCU_NB(1.0),GBR,A,EMP_TEMP_NB,SEX_T,OCU_ISCO88_1,1992,3563.626,,NB,PS,3,LFS - EU Labour Force Survey,Repository: ILO-STATISTICS - Micro data processing,,,1,,
ILO:DF_EMP_TEMP_SEX_OCU_NB(1.0),GBR,A,EMP_TEMP_NB,SEX_T,OCU_ISCO88_2,1992,3758.934,,NB,PS,3,LFS - EU Labour Force Survey,Repository: ILO-STATISTICS - Micro data processing,,,1,,
ILO:DF_EMP_TEMP_SEX_OCU_NB(1.0),GBR,A,EMP_TEMP_NB,SEX_T,OCU_ISCO88_3,1992,2052.094,,NB,PS,3,LFS - EU Labour Force Survey,Repository: ILO-STATISTICS - Micro data processing,,,1,,
ILO:DF_EMP_TEMP_SEX_OCU_NB(1.0),GBR,A,EMP_TEMP_NB,SEX_T,OCU_ISCO88_4,1992,4348.501,,NB,PS,3,LFS - EU Labour Force Survey,Repository: ILO-STATISTICS - Micro data processing,,,1,,
ILO:DF_EMP_TEMP_SEX_OCU_NB(1.0),GBR,A,EMP_TEMP_NB,SEX_T,OCU_ISCO88_5,1992,3378.418,,NB,PS,3,LFS - EU Labour Force Survey,Repository: ILO-STATISTICS - Micro data processing,,,1,,
ILO:DF_EMP_TEMP_SEX_OCU_NB(1.0),GBR,A,EMP_TEMP_NB,SEX_T,OCU_ISCO88_6,1992,334.584,,NB,PS,3,LFS - EU Labour Force Survey,Repository: ILO-STATISTICS - Micro data processing,,,1,,
ILO:DF_EMP_TEMP_SEX_OCU_NB(1.0),GBR,A,EMP_TEMP_NB,SEX_T,OCU_ISCO88_7,1992,3536.947,,NB,PS,3,LFS - EU Labour Force Survey,Repository: ILO-STATISTICS - Micro data processing,,,1,,
ILO:DF_EMP_TEMP_SEX_OCU_NB(1.0),GBR,A,EMP_TEMP_NB,SEX_T,OCU_ISCO88_8,1992,2135.718,,NB,PS,3,LFS - EU Labour Force Survey,Repository: ILO-STATISTICS - Micro data processing,,,1,,
ILO:DF_EMP_TEMP_SEX_OCU_NB(1.0),GBR,A,EMP_TEMP_NB,SEX_T,OCU_ISCO88_9,1992,2269.438,,NB,PS,3,LFS - EU Labour Force Survey,Repository: ILO-STATISTICS - Micro data processing,,,1,,
ILO:DF_EMP_TEMP_SEX_OCU_NB(1.0),GBR,A,EMP_TEMP_NB,SEX_T,OCU_ISCO88_0,1992,141.127,,NB,PS,3,LFS - EU Labour Force Survey,Repository: ILO-STATISTICS - Micro data processing,,,1,,
ILO:DF_EMP_TEMP_SEX_OCU_NB(1.0),GBR,A,EMP_TEMP_NB,SEX_T,OCU_ISCO88_X,1992,244.13,,NB,PS,3,LFS - EU Labour Force Survey,Repository: ILO-STATISTICS - Micro data processing,,,1,,
ILO:DF_EMP_TEMP_SEX_OCU_NB(1.0),GBR,A,EMP_TEMP_NB,SEX_T,OCU_SKILL_TOTAL,1993,25477.557,,NB,PS,3,LFS - EU Labour Force Survey,Repository: ILO-STATISTICS - Micro data processing,,,1,,
ILO:DF_EMP_TEMP_SEX_OCU_NB(1.0),GBR,A,EMP_TEMP_NB,SEX_T,OCU_SKILL_L3-4,1993,9484.964,,NB,PS,3,LFS - EU Labour Force Survey,Repository: ILO-STATISTICS - Micro data processing,,,1,,
ILO:DF_EMP_TEMP_SEX_OCU_NB(1.0),GBR,A,EMP_TEMP_NB,SEX_T,OCU_SKILL_L2,1993,13399.339,,NB,PS,3,LFS - EU Labour Force Survey,Repository: ILO-STATISTICS - Micro data processing,,,1,,
ILO:DF_EMP_TEMP_SEX_OCU_NB(1.0),GBR,A,EMP_TEMP_NB,SEX_T,OCU_SKILL_L1,1993,2261.63,,NB,PS,3,LFS - EU Labour Force Survey,Repository: ILO-STATISTICS - Micro data processing,,,1,,
ILO:DF_EMP_TEMP_SEX_OCU_NB(1.0),GBR,A,EMP_TEMP_NB,SEX_T,OCU_SKILL_X,1993,331.624,,NB,PS,3,LFS - EU Labour Force Survey,Repository: ILO-STATISTICS - Micro data processing,,,1,,
ILO:DF_EMP_TEMP_SEX_OCU_NB(1.0),GBR,A,EMP_TEMP_NB,SEX_T,OCU_ISCO88_TOTAL,1993,25477.557,,NB,PS,3,LFS - EU Labour Force Survey,Repository: ILO-STATISTICS - Micro data processing,,,1,,
ILO:DF_EMP_TEMP_SEX_OCU_NB(1.0),GBR,A,EMP_TEMP_NB,SEX_T,OCU_ISCO88_1,1993,3651.783,,NB,PS,3,LFS - EU Labour Force Survey,Repository: ILO-STATISTICS - Micro data processing,,,1,,
ILO:DF_EMP_TEMP_SEX_OCU_NB(1.0),GBR,A,EMP_TEMP_NB,SEX_T,OCU_ISCO88_2,1993,3761.713,,NB,PS,3,LFS - EU Labour Force Survey,Repository: ILO-STATISTICS - Micro data processing,,,1,,
ILO:DF_EMP_TEMP_SEX_OCU_NB(1.0),GBR,A,EMP_TEMP_NB,SEX_T,OCU_ISCO88_3,1993,2071.468,,NB,PS,3,LFS - EU Labour Force Survey,Repository: ILO-STATISTICS - Micro data processing,,,1,,
ILO:DF_EMP_TEMP_SEX_OCU_NB(1.0),GBR,A,EMP_TEMP_NB,SEX_T,OCU_ISCO88_4,1993,4272.889,,NB,PS,3,LFS - EU Labour Force Survey,Repository: ILO-STATISTICS - Micro data processing,,,1,,
ILO:DF_EMP_TEMP_SEX_OCU_NB(1.0),GBR,A,EMP_TEMP_NB,SEX_T,OCU_ISCO88_5,1993,3386.965,,NB,PS,3,LFS - EU Labour Force Survey,Repository: ILO-STATISTICS - Micro data processing,,,1,,
ILO:DF_EMP_TEMP_SEX_OCU_NB(1.0),GBR,A,EMP_TEMP_NB,SEX_T,OCU_ISCO88_6,1993,312.284,,NB,PS,3,LFS - EU Labour Force Survey,Repository: ILO-STATISTICS - Micro data processing,,,1,,
ILO:DF_EMP_TEMP_SEX_OCU_NB(1.0),GBR,A,EMP_TEMP_NB,SEX_T,OCU_ISCO88_7,1993,3325.063,,NB,PS,3,LFS - EU Labour Force Survey,Repository: ILO-STATISTICS - Micro data processing,,,1,,
ILO:DF_EMP_TEMP_SEX_OCU_NB(1.0),GBR,A,EMP_TEMP_NB,SEX_T,OCU_ISCO88_8,1993,2102.138,,NB,PS,3,LFS - EU Labour Force Survey,Repository: ILO-STATISTICS - Micro data processing,,,1,,
ILO:DF_EMP_TEMP_SEX_OCU_NB(1.0),GBR,A,EMP_TEMP_NB,SEX_T,OCU_ISCO88_9,1993,2261.63,,NB,PS,3,LFS - EU Labour Force Survey,Repository: ILO-STATISTICS - Micro data processing,,,1,,
ILO:DF_EMP_TEMP_SEX_OCU_NB(1.0),GBR,A,EMP_TEMP_NB,SEX_T,OCU_ISCO88_0,1993,129.661,,NB,PS,3,LFS - EU Labour Force Survey,Repository: ILO-STATISTICS - Micro data processing,,,1,,
ILO:DF_EMP_TEMP_SEX_OCU_NB(1.0),GBR,A,EMP_TEMP_NB,SEX_T,OCU_ISCO88_X,1993,201.963,,NB,PS,3,LFS - EU Labour Force Survey,Repository: ILO-STATISTICS - Micro data processing,,,1,,
ILO:DF_EMP_TEMP_SEX_OCU_NB(1.0),GBR,A,EMP_TEMP_NB,SEX_T,OCU_SKILL_TOTAL,1994,25675.766,,NB,PS,3,LFS - EU Labour Force Survey,Repository: ILO-STATISTICS - Micro data processing,,,1,,
ILO:DF_EMP_TEMP_SEX_OCU_NB(1.0),GBR,A,EMP_TEMP_NB,SEX_T,OCU_SKILL_L3-4,1994,9716.17,,NB,PS,3,LFS - EU Labour Force Survey,Repository: ILO-STATISTICS - Micro data processing,,,1,,
ILO:DF_EMP_TEMP_SEX_OCU_NB(1.0),GBR,A,EMP_TEMP_NB,SEX_T,OCU_SKILL_L2,1994,13436.953,,NB,PS,3,LFS - EU Labour Force Survey,Repository: ILO-STATISTICS - Micro data processing,,,1,,
ILO:DF_EMP_TEMP_SEX_OCU_NB(1.0),GBR,A,EMP_TEMP_NB,SEX_T,OCU_SKILL_L1,1994,2239.858,,NB,PS,3,LFS - EU Labour Force Survey,Repository: ILO-STATISTICS - Micro data processing,,,1,,
ILO:DF_EMP_TEMP_SEX_OCU_NB(1.0),GBR,A,EMP_TEMP_NB,SEX_T,OCU_SKILL_X,1994,282.785,,NB,PS,3,LFS - EU Labour Force Survey,Repository: ILO-STATISTICS - Micro data processing,,,1,,
ILO:DF_EMP_TEMP_SEX_OCU_NB(1.0),GBR,A,EMP_TEMP_NB,SEX_T,OCU_ISCO88_TOTAL,1994,25675.766,,NB,PS,3,LFS - EU Labour Force Survey,Repository: ILO-STATISTICS - Micro data processing,,,1,,
ILO:DF_EMP_TEMP_SEX_OCU_NB(1.0),GBR,A,EMP_TEMP_NB,SEX_T,OCU_ISCO88_1,1994,3709.973,,NB,PS,3,LFS - EU Labour Force Survey,Repository: ILO-STATISTICS - Micro data processing,,,1,,
ILO:DF_EMP_TEMP_SEX_OCU_NB(1.0),GBR,A,EMP_TEMP_NB,SEX_T,OCU_ISCO88_2,1994,3851.392,,NB,PS,3,LFS - EU Labour Force Survey,Repository: ILO-STATISTICS - Micro data processing,,,1,,
ILO:DF_EMP_TEMP_SEX_OCU_NB(1.0),GBR,A,EMP_TEMP_NB,SEX_T,OCU_ISCO88_3,1994,2154.805,,NB,PS,3,LFS - EU Labour Force Survey,Repository: ILO-STATISTICS - Micro data processing,,,1,,
ILO:DF_EMP_TEMP_SEX_OCU_NB(1.0),GBR,A,EMP_TEMP_NB,SEX_T,OCU_ISCO88_4,1994,4244.031,,NB,PS,3,LFS - EU Labour Force Survey,Repository: ILO-STATISTICS - Micro data processing,,,1,,
ILO:DF_EMP_TEMP_SEX_OCU_NB(1.0),GBR,A,EMP_TEMP_NB,SEX_T,OCU_ISCO88_5,1994,3471.855,,NB,PS,3,LFS - EU Labour Force Survey,Repository: ILO-STATISTICS - Micro data processing,,,1,,
ILO:DF_EMP_TEMP_SEX_OCU_NB(1.0),GBR,A,EMP_TEMP_NB,SEX_T,OCU_ISCO88_6,1994,312.816,,NB,PS,3,LFS - EU Labour Force Survey,Repository: ILO-STATISTICS - Micro data processing,,,1,,
ILO:DF_EMP_TEMP_SEX_OCU_NB(1.0),GBR,A,EMP_TEMP_NB,SEX_T,OCU_ISCO88_7,1994,3336.957,,NB,PS,3,LFS - EU Labour Force Survey,Repository: ILO-STATISTICS - Micro data processing,,,1,,
ILO:DF_EMP_TEMP_SEX_OCU_NB(1.0),GBR,A,EMP_TEMP_NB,SEX_T,OCU_ISCO88_8,1994,2071.294,,NB,PS,3,LFS - EU Labour Force Survey,Repository: ILO-STATISTICS - Micro data processing,,,1,,
ILO:DF_EMP_TEMP_SEX_OCU_NB(1.0),GBR,A,EMP_TEMP_NB,SEX_T,OCU_ISCO88_9,1994,2239.858,,NB,PS,3,LFS - EU Labour Force Survey,Repository: ILO-STATISTICS - Micro data processing,,,1,,
ILO:DF_EMP_TEMP_SEX_OCU_NB(1.0),GBR,A,EMP_TEMP_NB,SEX_T,OCU_ISCO88_0,1994,118.283,,NB,PS,3,LFS - EU Labour Force Survey,Repository: ILO-STATISTICS - Micro data processing,,,1,,
ILO:DF_EMP_TEMP_SEX_OCU_NB(1.0),GBR,A,EMP_TEMP_NB,SEX_T,OCU_ISCO88_X,1994,164.503,,NB,PS,3,LFS - EU Labour Force Survey,Repository: ILO-STATISTICS - Micro data processing,,,1,,
ILO:DF_EMP_TEMP_SEX_OCU_NB(1.0),GBR,A,EMP_TEMP_NB,SEX_T,OCU_SKILL_TOTAL,1995,25988.664,,NB,PS,3,LFS - EU Labour Force Survey,Repository: ILO-STATISTICS - Micro data processing,,,1,,
ILO:DF_EMP_TEMP_SEX_OCU_NB(1.0),GBR,A,EMP_TEMP_NB,SEX_T,OCU_SKILL_L3-4,1995,9848.262,,NB,PS,3,LFS - EU Labour Force Survey,Repository: ILO-STATISTICS - Micro data processing,,,1,,
ILO:DF_EMP_TEMP_SEX_OCU_NB(1.0),GBR,A,EMP_TEMP_NB,SEX_T,OCU_SKILL_L2,1995,13674.231,,NB,PS,3,LFS - EU Labour Force Survey,Repository: ILO-STATISTICS - Micro data processing,,,1,,
ILO:DF_EMP_TEMP_SEX_OCU_NB(1.0),GBR,A,EMP_TEMP_NB,SEX_T,OCU_SKILL_L1,1995,2197.515,,NB,PS,3,LFS - EU Labour Force Survey,Repository: ILO-STATISTICS - Micro data processing,,,1,,
ILO:DF_EMP_TEMP_SEX_OCU_NB(1.0),GBR,A,EMP_TEMP_NB,SEX_T,OCU_SKILL_X,1995,268.656,,NB,PS,3,LFS - EU Labour Force Survey,Repository: ILO-STATISTICS - Micro data processing,,,1,,
ILO:DF_EMP_TEMP_SEX_OCU_NB(1.0),GBR,A,EMP_TEMP_NB,SEX_T,OCU_ISCO88_TOTAL,1995,25988.664,,NB,PS,3,LFS - EU Labour Force Survey,Repository: ILO-STATISTICS - Micro data processing,,,1,,
ILO:DF_EMP_TEMP_SEX_OCU_NB(1.0),GBR,A,EMP_TEMP_NB,SEX_T,OCU_ISCO88_1,1995,3880.315,,NB,PS,3,LFS - EU Labour Force Survey,Repository: ILO-STATISTICS - Micro data processing,,,1,,
ILO:DF_EMP_TEMP_SEX_OCU_NB(1.0),GBR,A,EMP_TEMP_NB,SEX_T,OCU_ISCO88_2,1995,3845.707,,NB,PS,3,LFS - EU Labour Force Survey,Repository: ILO-STATISTICS - Micro data processing,,,1,,
ILO:DF_EMP_TEMP_SEX_OCU_NB(1.0),GBR,A,EMP_TEMP_NB,SEX_T,OCU_ISCO88_3,1995,2122.24,,NB,PS,3,LFS - EU Labour Force Survey,Repository: ILO-STATISTICS - Micro data processing,,,1,,
ILO:DF_EMP_TEMP_SEX_OCU_NB(1.0),GBR,A,EMP_TEMP_NB,SEX_T,OCU_ISCO88_4,1995,4250.067,,NB,PS,3,LFS - EU Labour Force Survey,Repository: ILO-STATISTICS - Micro data processing,,,1,,
ILO:DF_EMP_TEMP_SEX_OCU_NB(1.0),GBR,A,EMP_TEMP_NB,SEX_T,OCU_ISCO88_5,1995,3680.843,,NB,PS,3,LFS - EU Labour Force Survey,Repository: ILO-STATISTICS - Micro data processing,,,1,,
ILO:DF_EMP_TEMP_SEX_OCU_NB(1.0),GBR,A,EMP_TEMP_NB,SEX_T,OCU_ISCO88_6,1995,307.85,,NB,PS,3,LFS - EU Labour Force Survey,Repository: ILO-STATISTICS - Micro data processing,,,1,,
ILO:DF_EMP_TEMP_SEX_OCU_NB(1.0),GBR,A,EMP_TEMP_NB,SEX_T,OCU_ISCO88_7,1995,3247.881,,NB,PS,3,LFS - EU Labour Force Survey,Repository: ILO-STATISTICS - Micro data processing,,,1,,
ILO:DF_EMP_TEMP_SEX_OCU_NB(1.0),GBR,A,EMP_TEMP_NB,SEX_T,OCU_ISCO88_8,1995,2187.592,,NB,PS,3,LFS - EU Labour Force Survey,Repository: ILO-STATISTICS - Micro data processing,,,1,,
ILO:DF_EMP_TEMP_SEX_OCU_NB(1.0),GBR,A,EMP_TEMP_NB,SEX_T,OCU_ISCO88_9,1995,2197.515,,NB,PS,3,LFS - EU Labour Force Survey,Repository: ILO-STATISTICS - Micro data processing,,,1,,
ILO:DF_EMP_TEMP_SEX_OCU_NB(1.0),GBR,A,EMP_TEMP_NB,SEX_T,OCU_ISCO88_0,1995,134.498,,NB,PS,3,LFS - EU Labour Force Survey,Repository: ILO-STATISTICS - Micro data processing,,,1,,
ILO:DF_EMP_TEMP_SEX_OCU_NB(1.0),GBR,A,EMP_TEMP_NB,SEX_T,OCU_ISCO88_X,1995,134.158,,NB,PS,3,LFS - EU Labour Force Survey,Repository: ILO-STATISTICS - Micro data processing,,,1,,
ILO:DF_EMP_TEMP_SEX_OCU_NB(1.0),GBR,A,EMP_TEMP_NB,SEX_T,OCU_SKILL_TOTAL,1996,26280.349,,NB,PS,3,LFS - EU Labour Force Survey,Repository: ILO-STATISTICS - Micro data processing,,,1,,
ILO:DF_EMP_TEMP_SEX_OCU_NB(1.0),GBR,A,EMP_TEMP_NB,SEX_T,OCU_SKILL_L3-4,1996,10065.165,,NB,PS,3,LFS - EU Labour Force Survey,Repository: ILO-STATISTICS - Micro data processing,,,1,,
ILO:DF_EMP_TEMP_SEX_OCU_NB(1.0),GBR,A,EMP_TEMP_NB,SEX_T,OCU_SKILL_L2,1996,13755.7,,NB,PS,3,LFS - EU Labour Force Survey,Repository: ILO-STATISTICS - Micro data processing,,,1,,
ILO:DF_EMP_TEMP_SEX_OCU_NB(1.0),GBR,A,EMP_TEMP_NB,SEX_T,OCU_SKILL_L1,1996,2186.265,,NB,PS,3,LFS - EU Labour Force Survey,Repository: ILO-STATISTICS - Micro data processing,,,1,,
ILO:DF_EMP_TEMP_SEX_OCU_NB(1.0),GBR,A,EMP_TEMP_NB,SEX_T,OCU_SKILL_X,1996,273.219,,NB,PS,3,LFS - EU Labour Force Survey,Repository: ILO-STATISTICS - Micro data processing,,,1,,
ILO:DF_EMP_TEMP_SEX_OCU_NB(1.0),GBR,A,EMP_TEMP_NB,SEX_T,OCU_ISCO88_TOTAL,1996,26280.349,,NB,PS,3,LFS - EU Labour Force Survey,Repository: ILO-STATISTICS - Micro data processing,,,1,,
ILO:DF_EMP_TEMP_SEX_OCU_NB(1.0),GBR,A,EMP_TEMP_NB,SEX_T,OCU_ISCO88_1,1996,3826.903,,NB,PS,3,LFS - EU Labour Force Survey,Repository: ILO-STATISTICS - Micro data processing,,,1,,
ILO:DF_EMP_TEMP_SEX_OCU_NB(1.0),GBR,A,EMP_TEMP_NB,SEX_T,OCU_ISCO88_2,1996,4077.953,,NB,PS,3,LFS - EU Labour Force Survey,Repository: ILO-STATISTICS - Micro data processing,,,1,,
ILO:DF_EMP_TEMP_SEX_OCU_NB(1.0),GBR,A,EMP_TEMP_NB,SEX_T,OCU_ISCO88_3,1996,2160.31,,NB,PS,3,LFS - EU Labour Force Survey,Repository: ILO-STATISTICS - Micro data processing,,,1,,
ILO:DF_EMP_TEMP_SEX_OCU_NB(1.0),GBR,A,EMP_TEMP_NB,SEX_T,OCU_ISCO88_4,1996,4267.694,,NB,PS,3,LFS - EU Labour Force Survey,Repository: ILO-STATISTICS - Micro data processing,,,1,,
ILO:DF_EMP_TEMP_SEX_OCU_NB(1.0),GBR,A,EMP_TEMP_NB,SEX_T,OCU_ISCO88_5,1996,3780.377,,NB,PS,3,LFS - EU Labour Force Survey,Repository: ILO-STATISTICS - Micro data processing,,,1,,
ILO:DF_EMP_TEMP_SEX_OCU_NB(1.0),GBR,A,EMP_TEMP_NB,SEX_T,OCU_ISCO88_6,1996,290.999,,NB,PS,3,LFS - EU Labour Force Survey,Repository: ILO-STATISTICS - Micro data processing,,,1,,
ILO:DF_EMP_TEMP_SEX_OCU_NB(1.0),GBR,A,EMP_TEMP_NB,SEX_T,OCU_ISCO88_7,1996,3227.71,,NB,PS,3,LFS - EU Labour Force Survey,Repository: ILO-STATISTICS - Micro data processing,,,1,,
ILO:DF_EMP_TEMP_SEX_OCU_NB(1.0),GBR,A,EMP_TEMP_NB,SEX_T,OCU_ISCO88_8,1996,2188.921,,NB,PS,3,LFS - EU Labour Force Survey,Repository: ILO-STATISTICS - Micro data processing,,,1,,
ILO:DF_EMP_TEMP_SEX_OCU_NB(1.0),GBR,A,EMP_TEMP_NB,SEX_T,OCU_ISCO88_9,1996,2186.265,,NB,PS,3,LFS - EU Labour Force Survey,Repository: ILO-STATISTICS - Micro data processing,,,1,,
ILO:DF_EMP_TEMP_SEX_OCU_NB(1.0),GBR,A,EMP_TEMP_NB,SEX_T,OCU_ISCO88_0,1996,131.693,,NB,PS,3,LFS - EU Labour Force Survey,Repository: ILO-STATISTICS - Micro data processing,,,1,,
ILO:DF_EMP_TEMP_SEX_OCU_NB(1.0),GBR,A,EMP_TEMP_NB,SEX_T,OCU_ISCO88_X,1996,141.526,,NB,PS,3,LFS - EU Labour Force Survey,Repository: ILO-STATISTICS - Micro data processing,,,1,,
ILO:DF_EMP_TEMP_SEX_OCU_NB(1.0),GBR,A,EMP_TEMP_NB,SEX_T,OCU_SKILL_TOTAL,1997,26744.3,,NB,PS,3,LFS - EU Labour Force Survey,Repository: ILO-STATISTICS - Micro data processing,,,1,,
ILO:DF_EMP_TEMP_SEX_OCU_NB(1.0),GBR,A,EMP_TEMP_NB,SEX_T,OCU_SKILL_L3-4,1997,10358.527,,NB,PS,3,LFS - EU Labour Force Survey,Repository: ILO-STATISTICS - Micro data processing,,,1,,
ILO:DF_EMP_TEMP_SEX_OCU_NB(1.0),GBR,A,EMP_TEMP_NB,SEX_T,OCU_SKILL_L2,1997,14042.99,,NB,PS,3,LFS - EU Labour Force Survey,Repository: ILO-STATISTICS - Micro data processing,,,1,,
ILO:DF_EMP_TEMP_SEX_OCU_NB(1.0),GBR,A,EMP_TEMP_NB,SEX_T,OCU_SKILL_L1,1997,2145.138,,NB,PS,3,LFS - EU Labour Force Survey,Repository: ILO-STATISTICS - Micro data processing,,,1,,
ILO:DF_EMP_TEMP_SEX_OCU_NB(1.0),GBR,A,EMP_TEMP_NB,SEX_T,OCU_SKILL_X,1997,197.645,,NB,PS,3,LFS - EU Labour Force Survey,Repository: ILO-STATISTICS - Micro data processing,,,1,,
ILO:DF_EMP_TEMP_SEX_OCU_NB(1.0),GBR,A,EMP_TEMP_NB,SEX_T,OCU_ISCO88_TOTAL,1997,26744.3,,NB,PS,3,LFS - EU Labour Force Survey,Repository: ILO-STATISTICS - Micro data processing,,,1,,
ILO:DF_EMP_TEMP_SEX_OCU_NB(1.0),GBR,A,EMP_TEMP_NB,SEX_T,OCU_ISCO88_1,1997,3988.773,,NB,PS,3,LFS - EU Labour Force Survey,Repository: ILO-STATISTICS - Micro data processing,,,1,,
ILO:DF_EMP_TEMP_SEX_OCU_NB(1.0),GBR,A,EMP_TEMP_NB,SEX_T,OCU_ISCO88_2,1997,4067.807,,NB,PS,3,LFS - EU Labour Force Survey,Repository: ILO-STATISTICS - Micro data processing,,,1,,
ILO:DF_EMP_TEMP_SEX_OCU_NB(1.0),GBR,A,EMP_TEMP_NB,SEX_T,OCU_ISCO88_3,1997,2301.948,,NB,PS,3,LFS - EU Labour Force Survey,Repository: ILO-STATISTICS - Micro data processing,,,1,,
ILO:DF_EMP_TEMP_SEX_OCU_NB(1.0),GBR,A,EMP_TEMP_NB,SEX_T,OCU_ISCO88_4,1997,4378.321,,NB,PS,3,LFS - EU Labour Force Survey,Repository: ILO-STATISTICS - Micro data processing,,,1,,
ILO:DF_EMP_TEMP_SEX_OCU_NB(1.0),GBR,A,EMP_TEMP_NB,SEX_T,OCU_ISCO88_5,1997,3932.324,,NB,PS,3,LFS - EU Labour Force Survey,Repository: ILO-STATISTICS - Micro data processing,,,1,,
ILO:DF_EMP_TEMP_SEX_OCU_NB(1.0),GBR,A,EMP_TEMP_NB,SEX_T,OCU_ISCO88_6,1997,303.35,,NB,PS,3,LFS - EU Labour Force Survey,Repository: ILO-STATISTICS - Micro data processing,,,1,,
ILO:DF_EMP_TEMP_SEX_OCU_NB(1.0),GBR,A,EMP_TEMP_NB,SEX_T,OCU_ISCO88_7,1997,3276.477,,NB,PS,3,LFS - EU Labour Force Survey,Repository: ILO-STATISTICS - Micro data processing,,,1,,
ILO:DF_EMP_TEMP_SEX_OCU_NB(1.0),GBR,A,EMP_TEMP_NB,SEX_T,OCU_ISCO88_8,1997,2152.517,,NB,PS,3,LFS - EU Labour Force Survey,Repository: ILO-STATISTICS - Micro data processing,,,1,,
ILO:DF_EMP_TEMP_SEX_OCU_NB(1.0),GBR,A,EMP_TEMP_NB,SEX_T,OCU_ISCO88_9,1997,2145.138,,NB,PS,3,LFS - EU Labour Force Survey,Repository: ILO-STATISTICS - Micro data processing,,,1,,
ILO:DF_EMP_TEMP_SEX_OCU_NB(1.0),GBR,A,EMP_TEMP_NB,SEX_T,OCU_ISCO88_0,1997,119.254,,NB,PS,3,LFS - EU Labour Force Survey,Repository: ILO-STATISTICS - Micro data processing,,,1,,
ILO:DF_EMP_TEMP_SEX_OCU_NB(1.0),GBR,A,EMP_TEMP_NB,SEX_T,OCU_ISCO88_X,1997,78.392,,NB,PS,3,LFS - EU Labour Force Survey,Repository: ILO-STATISTICS - Micro data processing,,,1,,
ILO:DF_EMP_TEMP_SEX_OCU_NB(1.0),GBR,A,EMP_TEMP_NB,SEX_T,OCU_SKILL_TOTAL,1998,27050.838,,NB,PS,3,LFS - EU Labour Force Survey,Repository: ILO-STATISTICS - Micro data processing,,,1,,
ILO:DF_EMP_TEMP_SEX_OCU_NB(1.0),GBR,A,EMP_TEMP_NB,SEX_T,OCU_SKILL_L3-4,1998,10532.498,,NB,PS,3,LFS - EU Labour Force Survey,Repository: ILO-STATISTICS - Micro data processing,,,1,,
ILO:DF_EMP_TEMP_SEX_OCU_NB(1.0),GBR,A,EMP_TEMP_NB,SEX_T,OCU_SKILL_L2,1998,14153.678,,NB,PS,3,LFS - EU Labour Force Survey,Repository: ILO-STATISTICS - Micro data processing,,,1,,
ILO:DF_EMP_TEMP_SEX_OCU_NB(1.0),GBR,A,EMP_TEMP_NB,SEX_T,OCU_SKILL_L1,1998,2185.856,,NB,PS,3,LFS - EU Labour Force Survey,Repository: ILO-STATISTICS - Micro data processing,,,1,,
ILO:DF_EMP_TEMP_SEX_OCU_NB(1.0),GBR,A,EMP_TEMP_NB,SEX_T,OCU_SKILL_X,1998,178.805,,NB,PS,3,LFS - EU Labour Force Survey,Repository: ILO-STATISTICS - Micro data processing,,,1,,
ILO:DF_EMP_TEMP_SEX_OCU_NB(1.0),GBR,A,EMP_TEMP_NB,SEX_T,OCU_ISCO88_TOTAL,1998,27050.838,,NB,PS,3,LFS - EU Labour Force Survey,Repository: ILO-STATISTICS - Micro data processing,,,1,,
ILO:DF_EMP_TEMP_SEX_OCU_NB(1.0),GBR,A,EMP_TEMP_NB,SEX_T,OCU_ISCO88_1,1998,4052.002,,NB,PS,3,LFS - EU Labour Force Survey,Repository: ILO-STATISTICS - Micro data processing,,,1,,
ILO:DF_EMP_TEMP_SEX_OCU_NB(1.0),GBR,A,EMP_TEMP_NB,SEX_T,OCU_ISCO88_2,1998,4176.903,,NB,PS,3,LFS - EU Labour Force Survey,Repository: ILO-STATISTICS - Micro data processing,,,1,,
ILO:DF_EMP_TEMP_SEX_OCU_NB(1.0),GBR,A,EMP_TEMP_NB,SEX_T,OCU_ISCO88_3,1998,2303.593,,NB,PS,3,LFS - EU Labour Force Survey,Repository: ILO-STATISTICS - Micro data processing,,,1,,
ILO:DF_EMP_TEMP_SEX_OCU_NB(1.0),GBR,A,EMP_TEMP_NB,SEX_T,OCU_ISCO88_4,1998,4406.898,,NB,PS,3,LFS - EU Labour Force Survey,Repository: ILO-STATISTICS - Micro data processing,,,1,,
ILO:DF_EMP_TEMP_SEX_OCU_NB(1.0),GBR,A,EMP_TEMP_NB,SEX_T,OCU_ISCO88_5,1998,3988.285,,NB,PS,3,LFS - EU Labour Force Survey,Repository: ILO-STATISTICS - Micro data processing,,,1,,
ILO:DF_EMP_TEMP_SEX_OCU_NB(1.0),GBR,A,EMP_TEMP_NB,SEX_T,OCU_ISCO88_6,1998,284.94,,NB,PS,3,LFS - EU Labour Force Survey,Repository: ILO-STATISTICS - Micro data processing,,,1,,
ILO:DF_EMP_TEMP_SEX_OCU_NB(1.0),GBR,A,EMP_TEMP_NB,SEX_T,OCU_ISCO88_7,1998,3262.693,,NB,PS,3,LFS - EU Labour Force Survey,Repository: ILO-STATISTICS - Micro data processing,,,1,,
ILO:DF_EMP_TEMP_SEX_OCU_NB(1.0),GBR,A,EMP_TEMP_NB,SEX_T,OCU_ISCO88_8,1998,2210.863,,NB,PS,3,LFS - EU Labour Force Survey,Repository: ILO-STATISTICS - Micro data processing,,,1,,
ILO:DF_EMP_TEMP_SEX_OCU_NB(1.0),GBR,A,EMP_TEMP_NB,SEX_T,OCU_ISCO88_9,1998,2185.856,,NB,PS,3,LFS - EU Labour Force Survey,Repository: ILO-STATISTICS - Micro data processing,,,1,,
ILO:DF_EMP_TEMP_SEX_OCU_NB(1.0),GBR,A,EMP_TEMP_NB,SEX_T,OCU_ISCO88_0,1998,110.764,,NB,PS,3,LFS - EU Labour Force Survey,Repository: ILO-STATISTICS - Micro data processing,,,1,,
ILO:DF_EMP_TEMP_SEX_OCU_NB(1.0),GBR,A,EMP_TEMP_NB,SEX_T,OCU_ISCO88_X,1998,68.042,,NB,PS,3,LFS - EU Labour Force Survey,Repository: ILO-STATISTICS - Micro data processing,,,1,,
ILO:DF_EMP_TEMP_SEX_OCU_NB(1.0),GBR,A,EMP_TEMP_NB,SEX_T,OCU_SKILL_TOTAL,1999,26873.733,,NB,PS,3,LFS - EU Labour Force Survey,Repository: ILO-STATISTICS - Micro data processing,,,1,,
ILO:DF_EMP_TEMP_SEX_OCU_NB(1.0),GBR,A,EMP_TEMP_NB,SEX_T,OCU_SKILL_L3-4,1999,10645.455,,NB,PS,3,LFS - EU Labour Force Survey,Repository: ILO-STATISTICS - Micro data processing,,,1,,
ILO:DF_EMP_TEMP_SEX_OCU_NB(1.0),GBR,A,EMP_TEMP_NB,SEX_T,OCU_SKILL_L2,1999,14002.927,,NB,PS,3,LFS - EU Labour Force Survey,Repository: ILO-STATISTICS - Micro data processing,,,1,,
ILO:DF_EMP_TEMP_SEX_OCU_NB(1.0),GBR,A,EMP_TEMP_NB,SEX_T,OCU_SKILL_L1,1999,2045.421,,NB,PS,3,LFS - EU Labour Force Survey,Repository: ILO-STATISTICS - Micro data processing,,,1,,
ILO:DF_EMP_TEMP_SEX_OCU_NB(1.0),GBR,A,EMP_TEMP_NB,SEX_T,OCU_SKILL_X,1999,179.93,,NB,PS,3,LFS - EU Labour Force Survey,Repository: ILO-STATISTICS - Micro data processing,,,1,,
ILO:DF_EMP_TEMP_SEX_OCU_NB(1.0),GBR,A,EMP_TEMP_NB,SEX_T,OCU_ISCO88_TOTAL,1999,26873.733,,NB,PS,3,LFS - EU Labour Force Survey,Repository: ILO-STATISTICS - Micro data processing,,,1,,
ILO:DF_EMP_TEMP_SEX_OCU_NB(1.0),GBR,A,EMP_TEMP_NB,SEX_T,OCU_ISCO88_1,1999,3982.879,,NB,PS,3,LFS - EU Labour Force Survey,Repository: ILO-STATISTICS - Micro data processing,,,1,,
ILO:DF_EMP_TEMP_SEX_OCU_NB(1.0),GBR,A,EMP_TEMP_NB,SEX_T,OCU_ISCO88_2,1999,4313.242,,NB,PS,3,LFS - EU Labour Force Survey,Repository: ILO-STATISTICS - Micro data processing,,,1,,
ILO:DF_EMP_TEMP_SEX_OCU_NB(1.0),GBR,A,EMP_TEMP_NB,SEX_T,OCU_ISCO88_3,1999,2349.334,,NB,PS,3,LFS - EU Labour Force Survey,Repository: ILO-STATISTICS - Micro data processing,,,1,,
ILO:DF_EMP_TEMP_SEX_OCU_NB(1.0),GBR,A,EMP_TEMP_NB,SEX_T,OCU_ISCO88_4,1999,4465.821,,NB,PS,3,LFS - EU Labour Force Survey,Repository: ILO-STATISTICS - Micro data processing,,,1,,
ILO:DF_EMP_TEMP_SEX_OCU_NB(1.0),GBR,A,EMP_TEMP_NB,SEX_T,OCU_ISCO88_5,1999,4022.289,,NB,PS,3,LFS - EU Labour Force Survey,Repository: ILO-STATISTICS - Micro data processing,,,1,,
ILO:DF_EMP_TEMP_SEX_OCU_NB(1.0),GBR,A,EMP_TEMP_NB,SEX_T,OCU_ISCO88_6,1999,260.862,,NB,PS,3,LFS - EU Labour Force Survey,Repository: ILO-STATISTICS - Micro data processing,,,1,,
ILO:DF_EMP_TEMP_SEX_OCU_NB(1.0),GBR,A,EMP_TEMP_NB,SEX_T,OCU_ISCO88_7,1999,3137.972,,NB,PS,3,LFS - EU Labour Force Survey,Repository: ILO-STATISTICS - Micro data processing,,,1,,
ILO:DF_EMP_TEMP_SEX_OCU_NB(1.0),GBR,A,EMP_TEMP_NB,SEX_T,OCU_ISCO88_8,1999,2115.983,,NB,PS,3,LFS - EU Labour Force Survey,Repository: ILO-STATISTICS - Micro data processing,,,1,,
ILO:DF_EMP_TEMP_SEX_OCU_NB(1.0),GBR,A,EMP_TEMP_NB,SEX_T,OCU_ISCO88_9,1999,2045.421,,NB,PS,3,LFS - EU Labour Force Survey,Repository: ILO-STATISTICS - Micro data processing,,,1,,
ILO:DF_EMP_TEMP_SEX_OCU_NB(1.0),GBR,A,EMP_TEMP_NB,SEX_T,OCU_ISCO88_0,1999,119.472,,NB,PS,3,LFS - EU Labour Force Survey,Repository: ILO-STATISTICS - Micro data processing,,,1,,
ILO:DF_EMP_TEMP_SEX_OCU_NB(1.0),GBR,A,EMP_TEMP_NB,SEX_T,OCU_ISCO88_X,1999,60.458,,NB,PS,3,LFS - EU Labour Force Survey,Repository: ILO-STATISTICS - Micro data processing,,,1,,
ILO:DF_EMP_TEMP_SEX_OCU_NB(1.0),GBR,A,EMP_TEMP_NB,SEX_T,OCU_SKILL_TOTAL,2000,27263.111,,NB,PS,3,LFS - EU Labour Force Survey,Repository: ILO-STATISTICS - Micro data processing,,,1,,
ILO:DF_EMP_TEMP_SEX_OCU_NB(1.0),GBR,A,EMP_TEMP_NB,SEX_T,OCU_SKILL_L3-4,2000,10934.528,,NB,PS,3,LFS - EU Labour Force Survey,Repository: ILO-STATISTICS - Micro data processing,,,1,,
ILO:DF_EMP_TEMP_SEX_OCU_NB(1.0),GBR,A,EMP_TEMP_NB,SEX_T,OCU_SKILL_L2,2000,14048.991,,NB,PS,3,LFS - EU Labour Force Survey,Repository: ILO-STATISTICS - Micro data processing,,,1,,
ILO:DF_EMP_TEMP_SEX_OCU_NB(1.0),GBR,A,EMP_TEMP_NB,SEX_T,OCU_SKILL_L1,2000,2117.65,,NB,PS,3,LFS - EU Labour Force Survey,Repository: ILO-STATISTICS - Micro data processing,,,1,,
ILO:DF_EMP_TEMP_SEX_OCU_NB(1.0),GBR,A,EMP_TEMP_NB,SEX_T,OCU_SKILL_X,2000,161.942,,NB,PS,3,LFS - EU Labour Force Survey,Repository: ILO-STATISTICS - Micro data processing,,,1,,
ILO:DF_EMP_TEMP_SEX_OCU_NB(1.0),GBR,A,EMP_TEMP_NB,SEX_T,OCU_ISCO88_TOTAL,2000,27263.111,,NB,PS,3,LFS - EU Labour Force Survey,Repository: ILO-STATISTICS - Micro data processing,,,1,,
ILO:DF_EMP_TEMP_SEX_OCU_NB(1.0),GBR,A,EMP_TEMP_NB,SEX_T,OCU_ISCO88_1,2000,4136.442,,NB,PS,3,LFS - EU Labour Force Survey,Repository: ILO-STATISTICS - Micro data processing,,,1,,
ILO:DF_EMP_TEMP_SEX_OCU_NB(1.0),GBR,A,EMP_TEMP_NB,SEX_T,OCU_ISCO88_2,2000,4397.277,,NB,PS,3,LFS - EU Labour Force Survey,Repository: ILO-STATISTICS - Micro data processing,,,1,,
ILO:DF_EMP_TEMP_SEX_OCU_NB(1.0),GBR,A,EMP_TEMP_NB,SEX_T,OCU_ISCO88_3,2000,2400.809,,NB,PS,3,LFS - EU Labour Force Survey,Repository: ILO-STATISTICS - Micro data processing,,,1,,
ILO:DF_EMP_TEMP_SEX_OCU_NB(1.0),GBR,A,EMP_TEMP_NB,SEX_T,OCU_ISCO88_4,2000,4431.771,,NB,PS,3,LFS - EU Labour Force Survey,Repository: ILO-STATISTICS - Micro data processing,,,1,,
ILO:DF_EMP_TEMP_SEX_OCU_NB(1.0),GBR,A,EMP_TEMP_NB,SEX_T,OCU_ISCO88_5,2000,4178.322,,NB,PS,3,LFS - EU Labour Force Survey,Repository: ILO-STATISTICS - Micro data processing,,,1,,
ILO:DF_EMP_TEMP_SEX_OCU_NB(1.0),GBR,A,EMP_TEMP_NB,SEX_T,OCU_ISCO88_6,2000,269.026,,NB,PS,3,LFS - EU Labour Force Survey,Repository: ILO-STATISTICS - Micro data processing,,,1,,
ILO:DF_EMP_TEMP_SEX_OCU_NB(1.0),GBR,A,EMP_TEMP_NB,SEX_T,OCU_ISCO88_7,2000,3106.663,,NB,PS,3,LFS - EU Labour Force Survey,Repository: ILO-STATISTICS - Micro data processing,,,1,,
ILO:DF_EMP_TEMP_SEX_OCU_NB(1.0),GBR,A,EMP_TEMP_NB,SEX_T,OCU_ISCO88_8,2000,2063.209,,NB,PS,3,LFS - EU Labour Force Survey,Repository: ILO-STATISTICS - Micro data processing,,,1,,
ILO:DF_EMP_TEMP_SEX_OCU_NB(1.0),GBR,A,EMP_TEMP_NB,SEX_T,OCU_ISCO88_9,2000,2117.65,,NB,PS,3,LFS - EU Labour Force Survey,Repository: ILO-STATISTICS - Micro data processing,,,1,,
ILO:DF_EMP_TEMP_SEX_OCU_NB(1.0),GBR,A,EMP_TEMP_NB,SEX_T,OCU_ISCO88_0,2000,109.28,,NB,PS,3,LFS - EU Labour Force Survey,Repository: ILO-STATISTICS - Micro data processing,,,1,,
ILO:DF_EMP_TEMP_SEX_OCU_NB(1.0),GBR,A,EMP_TEMP_NB,SEX_T,OCU_ISCO88_X,2000,52.662,,NB,PS,3,LFS - EU Labour Force Survey,Repository: ILO-STATISTICS - Micro data processing,,,1,,
ILO:DF_EMP_TEMP_SEX_OCU_NB(1.0),GBR,A,EMP_TEMP_NB,SEX_T,OCU_SKILL_TOTAL,2004,28301.765,,NB,PS,3,LFS - EU Labour Force Survey,Repository: ILO-STATISTICS - Micro data processing,,,1,,
ILO:DF_EMP_TEMP_SEX_OCU_NB(1.0),GBR,A,EMP_TEMP_NB,SEX_T,OCU_SKILL_L3-4,2004,11450.49,,NB,PS,3,LFS - EU Labour Force Survey,Repository: ILO-STATISTICS - Micro data processing,,,1,,
ILO:DF_EMP_TEMP_SEX_OCU_NB(1.0),GBR,A,EMP_TEMP_NB,SEX_T,OCU_SKILL_L2,2004,13646.655,,NB,PS,3,LFS - EU Labour Force Survey,Repository: ILO-STATISTICS - Micro data processing,,,1,,
ILO:DF_EMP_TEMP_SEX_OCU_NB(1.0),GBR,A,EMP_TEMP_NB,SEX_T,OCU_SKILL_L1,2004,3047.895,,NB,PS,3,LFS - EU Labour Force Survey,Repository: ILO-STATISTICS - Micro data processing,,,1,,
ILO:DF_EMP_TEMP_SEX_OCU_NB(1.0),GBR,A,EMP_TEMP_NB,SEX_T,OCU_SKILL_X,2004,156.725,,NB,PS,3,LFS - EU Labour Force Survey,Repository: ILO-STATISTICS - Micro data processing,,,1,,
ILO:DF_EMP_TEMP_SEX_OCU_NB(1.0),GBR,A,EMP_TEMP_NB,SEX_T,OCU_ISCO88_TOTAL,2004,28301.765,,NB,PS,3,LFS - EU Labour Force Survey,Repository: ILO-STATISTICS - Micro data processing,,,1,,
ILO:DF_EMP_TEMP_SEX_OCU_NB(1.0),GBR,A,EMP_TEMP_NB,SEX_T,OCU_ISCO88_1,2004,4114.167,,NB,PS,3,LFS - EU Labour Force Survey,Repository: ILO-STATISTICS - Micro data processing,,,1,,
ILO:DF_EMP_TEMP_SEX_OCU_NB(1.0),GBR,A,EMP_TEMP_NB,SEX_T,OCU_ISCO88_2,2004,3854.712,,NB,PS,3,LFS - EU Labour Force Survey,Repository: ILO-STATISTICS - Micro data processing,,,1,,
ILO:DF_EMP_TEMP_SEX_OCU_NB(1.0),GBR,A,EMP_TEMP_NB,SEX_T,OCU_ISCO88_3,2004,3481.611,,NB,PS,3,LFS - EU Labour Force Survey,Repository: ILO-STATISTICS - Micro data processing,,,1,,
ILO:DF_EMP_TEMP_SEX_OCU_NB(1.0),GBR,A,EMP_TEMP_NB,SEX_T,OCU_ISCO88_4,2004,3981.625,,NB,PS,3,LFS - EU Labour Force Survey,Repository: ILO-STATISTICS - Micro data processing,,,1,,
ILO:DF_EMP_TEMP_SEX_OCU_NB(1.0),GBR,A,EMP_TEMP_NB,SEX_T,OCU_ISCO88_5,2004,4748.361,,NB,PS,3,LFS - EU Labour Force Survey,Repository: ILO-STATISTICS - Micro data processing,,,1,,
ILO:DF_EMP_TEMP_SEX_OCU_NB(1.0),GBR,A,EMP_TEMP_NB,SEX_T,OCU_ISCO88_6,2004,311.383,,NB,PS,3,LFS - EU Labour Force Survey,Repository: ILO-STATISTICS - Micro data processing,,,1,,
ILO:DF_EMP_TEMP_SEX_OCU_NB(1.0),GBR,A,EMP_TEMP_NB,SEX_T,OCU_ISCO88_7,2004,2680.899,,NB,PS,3,LFS - EU Labour Force Survey,Repository: ILO-STATISTICS - Micro data processing,,,1,,
ILO:DF_EMP_TEMP_SEX_OCU_NB(1.0),GBR,A,EMP_TEMP_NB,SEX_T,OCU_ISCO88_8,2004,1924.387,,NB,PS,3,LFS - EU Labour Force Survey,Repository: ILO-STATISTICS - Micro data processing,,,1,,
ILO:DF_EMP_TEMP_SEX_OCU_NB(1.0),GBR,A,EMP_TEMP_NB,SEX_T,OCU_ISCO88_9,2004,3047.895,,NB,PS,3,LFS - EU Labour Force Survey,Repository: ILO-STATISTICS - Micro data processing,,,1,,
ILO:DF_EMP_TEMP_SEX_OCU_NB(1.0),GBR,A,EMP_TEMP_NB,SEX_T,OCU_ISCO88_0,2004,92.573,,NB,PS,3,LFS - EU Labour Force Survey,Repository: ILO-STATISTICS - Micro data processing,,,1,,
ILO:DF_EMP_TEMP_SEX_OCU_NB(1.0),GBR,A,EMP_TEMP_NB,SEX_T,OCU_ISCO88_X,2004,64.152,,NB,PS,3,LFS - EU Labour Force Survey,Repository: ILO-STATISTICS - Micro data processing,,,1,,
